rep,n_cal,policy,eps,theta,late_rate,premature_rate,timely_rate,false_alarm_rate,median_lead,esc_frac
0,12,edge,0.05,0.01,0.002640845070422535,0.8688380281690141,0.12852112676056338,0.9793213647899238,179.0,0.0
0,12,edge,0.1,0.44,0.17165492957746478,0.43485915492957744,0.39348591549295775,0.5780618479180374,99.60000000000001,0.0
0,12,edge,0.2,0.475,0.19982394366197184,0.4022887323943662,0.397887323943662,0.5461039571388289,96.2,0.0
0,12,cloud,0.05,0.01,0.00528169014084507,0.7808098591549296,0.21390845070422534,0.9614625434721309,158.8,1.0
0,12,cloud,0.1,0.065,0.04753521126760563,0.6602112676056338,0.29225352112676056,0.793495629288467,134.39999999999998,1.0
0,12,cloud,0.2,0.28,0.2051056338028169,0.3961267605633803,0.3987676056338028,0.49769715198796877,95.8,1.0
0,12,hera,0.05,0.01,0.007042253521126761,0.7790492957746479,0.21390845070422534,0.9560109032803835,158.9,0.8938962210414961
0,12,hera,0.1,0.065,0.04929577464788732,0.659330985915493,0.2913732394366197,0.7912397781746405,134.39999999999998,0.7994514197301515
0,12,hera,0.2,0.28,0.2051056338028169,0.39524647887323944,0.3996478873239437,0.49685120782028386,95.6,0.6314057647910958
0,25,edge,0.05,0.335,0.0994718309859155,0.5378521126760564,0.3626760563380282,0.6764733527587179,113.60000000000001,0.0
0,25,edge,0.1,0.44,0.17165492957746478,0.43485915492957744,0.39348591549295775,0.5780618479180374,99.60000000000001,0.0
0,25,edge,0.2,0.495,0.21919014084507044,0.3829225352112676,0.397887323943662,0.5263652598928471,93.80000000000001,0.0
0,25,cloud,0.05,0.065,0.04753521126760563,0.6602112676056338,0.29225352112676056,0.793495629288467,134.39999999999998,1.0
0,25,cloud,0.1,0.25,0.17253521126760563,0.44014084507042256,0.3873239436619718,0.5274931854497603,100.4,1.0
0,25,cloud,0.2,0.385,0.2869718309859155,0.3045774647887324,0.4084507042253521,0.3922361124165805,84.39999999999999,1.0
0,25,hera,0.05,0.065,0.04929577464788732,0.659330985915493,0.2913732394366197,0.7912397781746405,134.39999999999998,0.7994514197301515
0,25,hera,0.1,0.25,0.17341549295774647,0.44014084507042256,0.386443661971831,0.5267412350784848,100.60000000000001,0.6499825215123526
0,25,hera,0.2,0.385,0.2878521126760563,0.30369718309859156,0.4084507042253521,0.39129617445248616,84.4,0.5718497382748031
0,50,edge,0.05,0.13,0.02464788732394366,0.7447183098591549,0.2306338028169014,0.8649309145596391,144.9,0.0
0,50,edge,0.1,0.335,0.0994718309859155,0.5378521126760564,0.3626760563380282,0.6764733527587179,113.60000000000001,0.0
0,50,edge,0.2,0.47,0.19454225352112675,0.4084507042253521,0.3970070422535211,0.5497697151987969,96.6,0.0
0,50,cloud,0.05,0.03,0.018485915492957746,0.7262323943661971,0.25528169014084506,0.8879593946799511,147.0,1.0
0,50,cloud,0.1,0.145,0.10211267605633803,0.545774647887324,0.352112676056338,0.6568286493091456,114.7,1.0
0,50,cloud,0.2,0.21,0.14348591549295775,0.48151408450704225,0.375,0.5738321270796127,105.6,1.0
0,50,hera,0.05,0.03,0.020246478873239437,0.7262323943661971,0.2535211267605634,0.8834476924522982,147.2,0.847170597172896
0,50,hera,0.1,0.145,0.10211267605633803,0.545774647887324,0.352112676056338,0.6551367609737757,114.7,0.7247835000911879
0,50,hera,0.2,0.21,0.14348591549295775,0.48151408450704225,0.375,0.5723282263370617,105.6,0.6765242046752321
0,100,edge,0.05,0.18,0.04137323943661972,0.6848591549295775,0.2737676056338028,0.8177460287621017,137.20000000000002,0.0
0,100,edge,0.1,0.305,0.08714788732394366,0.5651408450704225,0.3477112676056338,0.7026976219569508,117.39999999999999,0.0
0,100,edge,0.2,0.455,0.1875,0.42077464788732394,0.39172535211267606,0.563774790863803,97.60000000000002,0.0
0,100,cloud,0.05,0.09,0.0625,0.6188380281690141,0.31866197183098594,0.7416110536704578,127.4,1.0
0,100,cloud,0.1,0.165,0.1153169014084507,0.5193661971830986,0.3653169014084507,0.6294764545539995,112.0,1.0
0,100,cloud,0.2,0.275,0.20334507042253522,0.40580985915492956,0.3908450704225352,0.5027728169940784,97.0,1.0
0,100,hera,0.05,0.09,0.06338028169014084,0.6188380281690141,0.31778169014084506,0.7393552025566312,126.69999999999999,0.7736963802408656
0,100,hera,0.1,0.165,0.1153169014084507,0.5193661971830986,0.3653169014084507,0.6280665476078579,112.0,0.7094902575239086
0,100,hera,0.2,0.275,0.20334507042253522,0.40492957746478875,0.39172535211267606,0.5021148604192124,96.8,0.6344875977975374
0,200,edge,0.05,0.24,0.061619718309859156,0.6311619718309859,0.30721830985915494,0.7624776764733527,126.30000000000001,0.0
0,200,edge,0.1,0.335,0.0994718309859155,0.5378521126760564,0.3626760563380282,0.6764733527587179,113.60000000000001,0.0
0,200,edge,0.2,0.47,0.19454225352112675,0.4084507042253521,0.3970070422535211,0.5497697151987969,96.6,0.0
0,200,cloud,0.05,0.09,0.0625,0.6188380281690141,0.31866197183098594,0.7416110536704578,127.4,1.0
0,200,cloud,0.1,0.145,0.10211267605633803,0.545774647887324,0.352112676056338,0.6568286493091456,114.7,1.0
0,200,cloud,0.2,0.29,0.2112676056338028,0.3890845070422535,0.3996478873239437,0.4857599398439703,94.9,1.0
0,200,hera,0.05,0.09,0.06338028169014084,0.6188380281690141,0.31778169014084506,0.7393552025566312,126.69999999999999,0.7736963802408656
0,200,hera,0.1,0.145,0.10211267605633803,0.545774647887324,0.352112676056338,0.6551367609737757,114.7,0.7247835000911879
0,200,hera,0.2,0.29,0.2112676056338028,0.3882042253521127,0.4005281690140845,0.4844440266942382,94.6,0.6252678199035079
0,500,edge,0.05,0.26,0.06514084507042253,0.6153169014084507,0.31954225352112675,0.7435849233950559,124.39999999999998,0.0
0,500,edge,0.1,0.36,0.1153169014084507,0.5149647887323944,0.36971830985915494,0.6528809098599493,109.99999999999997,0.0
0,500,edge,0.2,0.49,0.21038732394366197,0.3882042253521127,0.4014084507042254,0.5316289124917756,94.60000000000001,0.0
0,500,cloud,0.05,0.105,0.06954225352112677,0.5959507042253521,0.3345070422535211,0.718018610771689,124.99999999999999,1.0
0,500,cloud,0.1,0.19,0.1311619718309859,0.49911971830985913,0.36971830985915494,0.5973305761819719,108.80000000000001,1.0
0,500,cloud,0.2,0.3,0.22007042253521128,0.37940140845070425,0.4005281690140845,0.47532662844252277,93.89999999999999,1.0
0,500,hera,0.05,0.105,0.07042253521126761,0.5959507042253521,0.3336267605633803,0.7161387348435003,124.60000000000001,0.7594267425591951
0,500,hera,0.1,0.19,0.1311619718309859,0.49911971830985913,0.36971830985915494,0.5959206692358304,108.8,0.6908012854197069
0,500,hera,0.2,0.3,0.22007042253521128,0.3785211267605634,0.4014084507042254,0.47391672149638125,93.69999999999999,0.6193498229700743
0,1000,edge,0.05,0.24,0.061619718309859156,0.6311619718309859,0.30721830985915494,0.7624776764733527,126.30000000000001,0.0
0,1000,edge,0.1,0.335,0.0994718309859155,0.5378521126760564,0.3626760563380282,0.6764733527587179,113.60000000000001,0.0
0,1000,edge,0.2,0.465,0.19190140845070422,0.4128521126760563,0.39524647887323944,0.5546573926120876,97.0,0.0
0,1000,cloud,0.05,0.08,0.05545774647887324,0.6285211267605634,0.3160211267605634,0.7613497509164395,130.2,1.0
0,1000,cloud,0.1,0.155,0.11179577464788733,0.5299295774647887,0.35827464788732394,0.6437635116082339,113.80000000000001,1.0
0,1000,cloud,0.2,0.285,0.20950704225352113,0.3908450704225352,0.3996478873239437,0.4907416110536705,95.1,1.0
0,1000,hera,0.05,0.08,0.056338028169014086,0.6285211267605634,0.31514084507042256,0.7589059122097942,130.39999999999998,0.783720103027621
0,1000,hera,0.1,0.155,0.11267605633802817,0.5290492957746479,0.35827464788732394,0.6426355860513207,113.7,0.7170530527343656
0,1000,hera,0.2,0.285,0.20950704225352113,0.3899647887323944,0.4005281690140845,0.4896136854967572,94.9,0.6283170718138817
0,0,edge_fixed0.5,,0.5,0.22183098591549297,0.38028169014084506,0.397887323943662,0.5222295328508318,93.6,0.0
0,0,cloud_fixed0.5,,0.5,0.4005281690140845,0.21742957746478872,0.38204225352112675,0.2867750728451922,74.20000000000002,1.0
1,12,edge,0.05,0.01,0.0008802816901408451,0.8811619718309859,0.11795774647887323,0.9768775260832785,181.20000000000002,0.0
1,12,edge,0.1,0.255,0.05721830985915493,0.6294014084507042,0.31338028169014087,0.7483786070119373,128.2,0.0
1,12,edge,0.2,0.57,0.3019366197183099,0.3265845070422535,0.3714788732394366,0.4418648369207632,92.0,0.0
1,12,cloud,0.05,0.01,0.0044014084507042256,0.801056338028169,0.19454225352112675,0.9596766613403516,160.8,1.0
1,12,cloud,0.1,0.1,0.05897887323943662,0.6170774647887324,0.323943661971831,0.7281699407839083,128.2,1.0
1,12,cloud,0.2,0.11,0.06426056338028169,0.602112676056338,0.3336267605633803,0.7107810884481625,124.99999999999999,1.0
1,12,hera,0.05,0.01,0.0044014084507042256,0.801056338028169,0.19454225352112675,0.9545070025378325,160.2,0.8930314530515395
1,12,hera,0.1,0.1,0.05897887323943662,0.6161971830985915,0.3248239436619718,0.72619607105931,128.0,0.7644998026315758
1,12,hera,0.2,0.11,0.06426056338028169,0.6012323943661971,0.3345070422535211,0.7089012125199737,124.99999999999999,0.755244572535654
1,25,edge,0.05,0.255,0.05721830985915493,0.6294014084507042,0.31338028169014087,0.7483786070119373,128.2,0.0
1,25,edge,0.1,0.445,0.176056338028169,0.4533450704225352,0.37059859154929575,0.575805996804211,103.4,0.0
1,25,edge,0.2,0.605,0.34330985915492956,0.2834507042253521,0.3732394366197183,0.39975561612933547,87.30000000000001,0.0
1,25,cloud,0.05,0.1,0.05897887323943662,0.6170774647887324,0.323943661971831,0.7281699407839083,128.2,1.0
1,25,cloud,0.1,0.1,0.05897887323943662,0.6170774647887324,0.323943661971831,0.7281699407839083,128.2,1.0
1,25,cloud,0.2,0.18,0.11179577464788733,0.5334507042253521,0.35475352112676056,0.6142494595356707,113.80000000000001,1.0
1,25,hera,0.05,0.1,0.05897887323943662,0.6161971830985915,0.3248239436619718,0.72619607105931,128.0,0.7644998026315758
1,25,hera,0.1,0.1,0.05897887323943662,0.6161971830985915,0.3248239436619718,0.72619607105931,128.0,0.7644998026315758
1,25,hera,0.2,0.18,0.11179577464788733,0.5334507042253521,0.35475352112676056,0.6126515649967103,113.6,0.6985672654568593
1,50,edge,0.05,0.255,0.05721830985915493,0.6294014084507042,0.31338028169014087,0.7483786070119373,128.2,0.0
1,50,edge,0.1,0.48,0.20774647887323944,0.4198943661971831,0.37235915492957744,0.5424381990788608,101.10000000000001,0.0
1,50,edge,0.2,0.57,0.3019366197183099,0.3265845070422535,0.3714788732394366,0.4418648369207632,92.0,0.0
1,50,cloud,0.05,0.09,0.05545774647887324,0.6338028169014085,0.3107394366197183,0.7463107434909296,130.79999999999998,1.0
1,50,cloud,0.1,0.105,0.0625,0.608274647887324,0.32922535211267606,0.7191465363286023,126.20000000000002,1.0
1,50,cloud,0.2,0.32,0.2306338028169014,0.3926056338028169,0.3767605633802817,0.45568192499295046,97.10000000000001,1.0
1,50,hera,0.05,0.09,0.05545774647887324,0.6329225352112676,0.31161971830985913,0.744242879969922,130.6,0.7742702696378265
1,50,hera,0.1,0.105,0.0625,0.6073943661971831,0.3301056338028169,0.7170786728075947,126.20000000000002,0.7599094829756031
1,50,hera,0.2,0.32,0.23415492957746478,0.3926056338028169,0.3732394366197183,0.4544600056396278,97.20000000000002,0.6080393078803025
1,100,edge,0.05,0.165,0.03169014084507042,0.704225352112676,0.2640845070422535,0.8325970485947928,143.39999999999998,0.0
1,100,edge,0.1,0.365,0.11267605633802817,0.5237676056338029,0.363556338028169,0.6521289594886738,113.39999999999999,0.0
1,100,edge,0.2,0.52,0.2420774647887324,0.37940140845070425,0.3785211267605634,0.5002349844910235,96.2,0.0
1,100,cloud,0.05,0.08,0.04665492957746479,0.641725352112676,0.31161971830985913,0.765109502772817,131.79999999999998,1.0
1,100,cloud,0.1,0.105,0.0625,0.608274647887324,0.32922535211267606,0.7191465363286023,126.20000000000002,1.0
1,100,cloud,0.2,0.25,0.16109154929577466,0.45686619718309857,0.38204225352112675,0.5321928752702322,102.0,1.0
1,100,hera,0.05,0.08,0.04753521126760563,0.6408450704225352,0.31161971830985913,0.7625716702697622,131.89999999999998,0.7842504571659993
1,100,hera,0.1,0.105,0.0625,0.6073943661971831,0.3301056338028169,0.7170786728075947,126.20000000000002,0.7599094829756031
1,100,hera,0.2,0.25,0.1619718309859155,0.45686619718309857,0.38116197183098594,0.5311589435097284,102.1,0.6505633159382433
1,200,edge,0.05,0.22,0.045774647887323945,0.6558098591549296,0.2984154929577465,0.7819343923301062,134.2,0.0
1,200,edge,0.1,0.32,0.0880281690140845,0.5651408450704225,0.34683098591549294,0.6916063539806373,119.9,0.0
1,200,edge,0.2,0.48,0.20774647887323944,0.4198943661971831,0.37235915492957744,0.5424381990788608,101.10000000000001,0.0
1,200,cloud,0.05,0.085,0.0528169014084507,0.636443661971831,0.3107394366197183,0.7552401541498261,131.39999999999998,1.0
1,200,cloud,0.1,0.125,0.07394366197183098,0.5827464788732394,0.34330985915492956,0.6884105649027165,121.19999999999999,1.0
1,200,cloud,0.2,0.265,0.17869718309859156,0.44190140845070425,0.37940140845070425,0.515179998120124,101.00000000000001,1.0
1,200,hera,0.05,0.085,0.0528169014084507,0.6355633802816901,0.31161971830985913,0.7527963154431807,131.39999999999998,0.7792768323738407
1,200,hera,0.1,0.125,0.07394366197183098,0.5827464788732394,0.34330985915492956,0.6867186765673465,121.19999999999999,0.742146068407136
1,200,hera,0.2,0.265,0.17869718309859156,0.44190140845070425,0.37940140845070425,0.5141460663596202,100.80000000000001,0.6409201630196576
1,500,edge,0.05,0.17,0.032570422535211266,0.698943661971831,0.26848591549295775,0.8285553153491869,142.79999999999998,0.0
1,500,edge,0.1,0.305,0.07658450704225352,0.5774647887323944,0.3459507042253521,0.7050474668671868,121.0,0.0
1,500,edge,0.2,0.46,0.1892605633802817,0.44014084507042256,0.37059859154929575,0.5618009211392048,102.80000000000001,0.0
1,500,cloud,0.05,0.055,0.030809859154929578,0.6927816901408451,0.2764084507042254,0.8183099915405583,137.8,1.0
1,500,cloud,0.1,0.12,0.06954225352112677,0.590669014084507,0.3397887323943662,0.696494031393928,122.8,1.0
1,500,cloud,0.2,0.255,0.1698943661971831,0.4533450704225352,0.3767605633802817,0.5252373343359338,102.0,1.0
1,500,hera,0.05,0.055,0.030809859154929578,0.6919014084507042,0.2772887323943662,0.8159601466303223,137.60000000000002,0.8116706183770153
1,500,hera,0.1,0.12,0.06954225352112677,0.590669014084507,0.3397887323943662,0.6948961368549675,122.6,0.7465421392121302
1,500,hera,0.2,0.255,0.1698943661971831,0.4533450704225352,0.3767605633802817,0.5242973963718395,102.0,0.64739652798014
1,1000,edge,0.05,0.21,0.04225352112676056,0.6619718309859155,0.29577464788732394,0.7903938340069555,136.6,0.0
1,1000,edge,0.1,0.33,0.09507042253521127,0.5554577464788732,0.3494718309859155,0.6828649309145597,118.69999999999999,0.0
1,1000,edge,0.2,0.465,0.19190140845070422,0.43309859154929575,0.375,0.5570072375223235,101.80000000000001,0.0
1,1000,cloud,0.05,0.075,0.04401408450704225,0.6505281690140845,0.30545774647887325,0.7734749506532569,133.5,1.0
1,1000,cloud,0.1,0.125,0.07394366197183098,0.5827464788732394,0.34330985915492956,0.6884105649027165,121.19999999999999,1.0
1,1000,cloud,0.2,0.26,0.17693661971830985,0.4471830985915493,0.37588028169014087,0.5206316383118714,102.19999999999999,1.0
1,1000,hera,0.05,0.07,0.04137323943661972,0.6602112676056338,0.2984154929577465,0.7818403985336968,134.4,0.7945734259999042
1,1000,hera,0.1,0.125,0.07394366197183098,0.5827464788732394,0.34330985915492956,0.6867186765673465,121.19999999999999,0.742146068407136
1,1000,hera,0.2,0.26,0.17693661971830985,0.4471830985915493,0.37588028169014087,0.519691700347777,102.0,0.6441255617539735
1,0,edge_fixed0.5,,0.5,0.22183098591549297,0.4005281690140845,0.37764084507042256,0.5208196259046903,99.39999999999999,0.0
1,0,cloud_fixed0.5,,0.5,0.4005281690140845,0.2306338028169014,0.36883802816901406,0.28282733339599586,76.4,1.0
2,12,edge,0.05,0.01,0.0,0.8714788732394366,0.12852112676056338,0.9771595074725068,179.9,0.0
2,12,edge,0.1,0.415,0.1602112676056338,0.4647887323943662,0.375,0.6034401729485854,105.30000000000001,0.0
2,12,edge,0.2,0.505,0.2367957746478873,0.37411971830985913,0.3890845070422535,0.5118902152457938,94.2,0.0
2,12,cloud,0.05,0.01,0.0035211267605633804,0.7948943661971831,0.20158450704225353,0.9604286117116271,160.1,1.0
2,12,cloud,0.1,0.14,0.09595070422535211,0.5580985915492958,0.3459507042253521,0.6682018986746875,118.4,1.0
2,12,cloud,0.2,0.155,0.10915492957746478,0.5378521126760564,0.3529929577464789,0.6477112510574302,115.5,1.0
2,12,hera,0.05,0.01,0.0035211267605633804,0.7940140845070423,0.20246478873239437,0.9548829777234703,159.89999999999998,0.8934790868111199
2,12,hera,0.1,0.14,0.09595070422535211,0.5572183098591549,0.34683098591549294,0.6664160165429082,118.2,0.7289375973724445
2,12,hera,0.2,0.155,0.11003521126760564,0.5369718309859155,0.3529929577464789,0.6462073503148792,115.2,0.717224768255587
2,25,edge,0.05,0.355,0.11267605633802817,0.5149647887323944,0.37235915492957744,0.6582385562552872,110.20000000000002,0.0
2,25,edge,0.1,0.4,0.14612676056338028,0.477112676056338,0.3767605633802817,0.6170692734279537,106.79999999999998,0.0
2,25,edge,0.2,0.47,0.2112676056338028,0.40580985915492956,0.3829225352112676,0.5479838330670176,98.80000000000001,0.0
2,25,cloud,0.05,0.08,0.04841549295774648,0.636443661971831,0.31514084507042256,0.7626656640661716,130.39999999999998,1.0
2,25,cloud,0.1,0.135,0.09242957746478873,0.5633802816901409,0.34419014084507044,0.6753454272018047,119.39999999999999,1.0
2,25,cloud,0.2,0.175,0.12588028169014084,0.5220070422535211,0.352112676056338,0.6206410376915124,114.6,1.0
2,25,hera,0.05,0.08,0.04929577464788732,0.6355633802816901,0.31514084507042256,0.7598458501738885,130.5,0.7832089556740456
2,25,hera,0.1,0.135,0.09242957746478873,0.5625,0.34507042253521125,0.673277563680797,119.19999999999999,0.732980862591557
2,25,hera,0.2,0.175,0.12588028169014084,0.5220070422535211,0.352112676056338,0.6189491493561425,114.4,0.7020762525171393
2,50,edge,0.05,0.25,0.05545774647887324,0.6117957746478874,0.33274647887323944,0.7533602782216374,124.80000000000001,0.0
2,50,edge,0.1,0.345,0.10299295774647887,0.5264084507042254,0.37059859154929575,0.6671679669141837,111.39999999999999,0.0
2,50,edge,0.2,0.465,0.20862676056338028,0.40933098591549294,0.38204225352112675,0.554093429833631,99.2,0.0
2,50,cloud,0.05,0.08,0.04841549295774648,0.636443661971831,0.31514084507042256,0.7626656640661716,130.39999999999998,1.0
2,50,cloud,0.1,0.15,0.10475352112676056,0.5448943661971831,0.3503521126760563,0.6540088354168625,115.60000000000001,1.0
2,50,cloud,0.2,0.185,0.13028169014084506,0.5105633802816901,0.3591549295774648,0.6081398627690573,112.2,1.0
2,50,hera,0.05,0.08,0.04929577464788732,0.6355633802816901,0.31514084507042256,0.7598458501738885,130.5,0.7832089556740456
2,50,hera,0.1,0.15,0.10475352112676056,0.5448943661971831,0.3503521126760563,0.6523169470814926,115.6,0.7210190139003132
2,50,hera,0.2,0.185,0.13028169014084506,0.5105633802816901,0.3591549295774648,0.6064479744336874,111.59999999999998,0.6948454954003486
2,100,edge,0.05,0.215,0.045774647887323945,0.6470070422535211,0.30721830985915494,0.7845662186295704,129.5,0.0
2,100,edge,0.1,0.345,0.10299295774647887,0.5264084507042254,0.37059859154929575,0.6671679669141837,111.39999999999999,0.0
2,100,edge,0.2,0.465,0.20862676056338028,0.40933098591549294,0.38204225352112675,0.554093429833631,99.2,0.0
2,100,cloud,0.05,0.06,0.035211267605633804,0.6813380281690141,0.2834507042253521,0.8051508600432371,135.89999999999998,1.0
2,100,cloud,0.1,0.14,0.09595070422535211,0.5580985915492958,0.3459507042253521,0.6682018986746875,118.4,1.0
2,100,cloud,0.2,0.25,0.17869718309859156,0.4471830985915493,0.37411971830985913,0.5286211110066735,103.4,1.0
2,100,hera,0.05,0.06,0.035211267605633804,0.6804577464788732,0.28433098591549294,0.8023310461509541,135.89999999999998,0.8049439458697939
2,100,hera,0.1,0.14,0.09595070422535211,0.5572183098591549,0.34683098591549294,0.6664160165429082,118.2,0.7289375973724445
2,100,hera,0.2,0.25,0.18045774647887325,0.4471830985915493,0.37235915492957744,0.5280571482282169,103.4,0.6506612087630477
2,200,edge,0.05,0.17,0.035211267605633804,0.6936619718309859,0.2711267605633803,0.8266754394209982,138.9,0.0
2,200,edge,0.1,0.3,0.07746478873239436,0.5695422535211268,0.3529929577464789,0.7073033179810132,116.60000000000001,0.0
2,200,edge,0.2,0.465,0.20862676056338028,0.40933098591549294,0.38204225352112675,0.554093429833631,99.2,0.0
2,200,cloud,0.05,0.05,0.03169014084507042,0.6954225352112676,0.272887323943662,0.8287433029420058,138.60000000000002,1.0
2,200,cloud,0.1,0.12,0.07746478873239436,0.5827464788732394,0.3397887323943662,0.6977159507472507,121.5,1.0
2,200,cloud,0.2,0.26,0.19102112676056338,0.4339788732394366,0.375,0.5184697809944544,102.20000000000002,1.0
2,200,hera,0.05,0.045,0.029049295774647887,0.7051056338028169,0.2658450704225352,0.8376727136009023,141.4,0.8235807023866285
2,200,hera,0.1,0.12,0.07746478873239436,0.5827464788732394,0.3397887323943662,0.6963060438011092,120.89999999999999,0.7456361436711004
2,200,hera,0.2,0.26,0.19190140845070422,0.4339788732394366,0.37411971830985913,0.5179058182159978,102.2,0.6442389137124566
2,500,edge,0.05,0.19,0.04225352112676056,0.6725352112676056,0.2852112676056338,0.8059968042109221,133.8,0.0
2,500,edge,0.1,0.32,0.09154929577464789,0.5492957746478874,0.3591549295774648,0.6889745276811731,114.0,0.0
2,500,edge,0.2,0.465,0.20862676056338028,0.40933098591549294,0.38204225352112675,0.554093429833631,99.2,0.0
2,500,cloud,0.05,0.055,0.03433098591549296,0.6866197183098591,0.2790492957746479,0.8162421280195508,136.4,1.0
2,500,cloud,0.1,0.135,0.09242957746478873,0.5633802816901409,0.34419014084507044,0.6753454272018047,119.39999999999999,1.0
2,500,cloud,0.2,0.285,0.21214788732394366,0.40757042253521125,0.38028169014084506,0.4918695366105837,99.0,1.0
2,500,hera,0.05,0.05,0.03169014084507042,0.6945422535211268,0.2737676056338028,0.8258294952533133,138.60000000000002,0.8170962625325882
2,500,hera,0.1,0.13,0.08538732394366197,0.5669014084507042,0.3477112676056338,0.6807030735971425,119.8,0.7371558024478816
2,500,hera,0.2,0.285,0.21390845070422534,0.40492957746478875,0.38116197183098594,0.4911175862393082,98.0,0.6287645205619503
2,1000,edge,0.05,0.225,0.04841549295774648,0.6355633802816901,0.3160211267605634,0.77629476454554,128.2,0.0
2,1000,edge,0.1,0.345,0.10299295774647887,0.5264084507042254,0.37059859154929575,0.6671679669141837,111.39999999999999,0.0
2,1000,edge,0.2,0.49,0.2262323943661972,0.3882042253521127,0.3855633802816901,0.5273051978569414,96.79999999999998,0.0
2,1000,cloud,0.05,0.075,0.043133802816901406,0.647887323943662,0.3089788732394366,0.7721590375035248,132.0,1.0
2,1000,cloud,0.1,0.155,0.10915492957746478,0.5378521126760564,0.3529929577464789,0.6477112510574302,115.5,1.0
2,1000,cloud,0.2,0.3,0.22535211267605634,0.39436619718309857,0.38028169014084506,0.4771125105743021,97.69999999999999,1.0
2,1000,hera,0.05,0.075,0.04401408450704225,0.6470070422535211,0.3089788732394366,0.7691512360184228,132.2,0.7882365399944039
2,1000,hera,0.1,0.155,0.11003521126760564,0.5369718309859155,0.3529929577464789,0.6462073503148792,115.2,0.717224768255587
2,1000,hera,0.2,0.3,0.22711267605633803,0.39172535211267606,0.38116197183098594,0.4762665664066172,97.5,0.6200788989775051
2,0,edge_fixed0.5,,0.5,0.23415492957746478,0.38028169014084506,0.3855633802816901,0.5172478616411317,95.5,0.0
2,0,cloud_fixed0.5,,0.5,0.42077464788732394,0.2262323943661972,0.3529929577464789,0.2851771783062318,78.69999999999999,1.0
3,12,edge,0.05,0.01,0.0035211267605633804,0.8617957746478874,0.13468309859154928,0.9766895384904596,177.8,0.0
3,12,edge,0.1,0.33,0.09683098591549295,0.5308098591549296,0.37235915492957744,0.6827709371181502,111.7,0.0
3,12,edge,0.2,0.39,0.12852112676056338,0.46742957746478875,0.4040492957746479,0.6261866716796691,103.1,0.0
3,12,cloud,0.05,0.01,0.007042253521126761,0.7764084507042254,0.21654929577464788,0.9607105931008554,158.2,1.0
3,12,cloud,0.1,0.08,0.05457746478873239,0.6170774647887324,0.3283450704225352,0.762759657862581,126.69999999999999,1.0
3,12,cloud,0.2,0.085,0.06073943661971831,0.6109154929577465,0.3283450704225352,0.7522323526647241,126.4,1.0
3,12,hera,0.05,0.01,0.007922535211267605,0.7764084507042254,0.21566901408450703,0.9548829777234703,157.8,0.8932158305756845
3,12,hera,0.1,0.08,0.056338028169014086,0.6170774647887324,0.3265845070422535,0.7601278315631168,127.0,0.7834053705847566
3,12,hera,0.2,0.085,0.061619718309859156,0.6109154929577465,0.3274647887323944,0.7494125387724411,126.5,0.7784885830282301
3,25,edge,0.05,0.18,0.04401408450704225,0.664612676056338,0.2913732394366197,0.8191559357082433,135.60000000000002,0.0
3,25,edge,0.1,0.3,0.07746478873239436,0.5536971830985915,0.36883802816901406,0.7097471566876586,114.4,0.0
3,25,edge,0.2,0.39,0.12852112676056338,0.46742957746478875,0.4040492957746479,0.6261866716796691,103.1,0.0
3,25,cloud,0.05,0.08,0.05457746478873239,0.6170774647887324,0.3283450704225352,0.762759657862581,126.69999999999999,1.0
3,25,cloud,0.1,0.085,0.06073943661971831,0.6109154929577465,0.3283450704225352,0.7522323526647241,126.4,1.0
3,25,cloud,0.2,0.205,0.15316901408450703,0.477112676056338,0.36971830985915494,0.579471754864179,106.3,1.0
3,25,hera,0.05,0.08,0.056338028169014086,0.6170774647887324,0.3265845070422535,0.7601278315631168,127.0,0.7834053705847566
3,25,hera,0.1,0.085,0.061619718309859156,0.6109154929577465,0.3274647887323944,0.7494125387724411,126.5,0.7784885830282301
3,25,hera,0.2,0.205,0.15316901408450703,0.4762323943661972,0.37059859154929575,0.5774978851395808,106.0,0.6811348914344743
3,50,edge,0.05,0.195,0.04753521126760563,0.653169014084507,0.2992957746478873,0.8051508600432371,131.70000000000002,0.0
3,50,edge,0.1,0.285,0.07394366197183098,0.5625,0.363556338028169,0.7227183005921609,117.1,0.0
3,50,edge,0.2,0.37,0.11971830985915492,0.4867957746478873,0.39348591549295775,0.6449854309615566,105.39999999999999,0.0
3,50,cloud,0.05,0.085,0.06073943661971831,0.6109154929577465,0.3283450704225352,0.7522323526647241,126.4,1.0
3,50,cloud,0.1,0.145,0.10651408450704225,0.5290492957746479,0.3644366197183099,0.659272488015791,113.4,1.0
3,50,cloud,0.2,0.245,0.18397887323943662,0.43221830985915494,0.38380281690140844,0.5350126891625153,99.79999999999998,1.0
3,50,hera,0.05,0.085,0.061619718309859156,0.6109154929577465,0.3274647887323944,0.7494125387724411,126.5,0.7784885830282301
3,50,hera,0.1,0.145,0.10651408450704225,0.5290492957746479,0.3644366197183099,0.6571106306983739,113.4,0.7254300805126294
3,50,hera,0.2,0.245,0.18397887323943662,0.43133802816901406,0.3846830985915493,0.5340727511984209,99.6,0.6550097246037986
3,100,edge,0.05,0.24,0.058098591549295774,0.6109154929577465,0.33098591549295775,0.7638875834194944,123.4,0.0
3,100,edge,0.1,0.32,0.0897887323943662,0.5378521126760564,0.37235915492957744,0.6917943415734562,112.0,0.0
3,100,edge,0.2,0.535,0.2676056338028169,0.3371478873239437,0.39524647887323944,0.48294012595168717,89.29999999999998,0.0
3,100,cloud,0.05,0.1,0.06954225352112677,0.590669014084507,0.3397887323943662,0.7286399097659555,124.4,1.0
3,100,cloud,0.1,0.15,0.11003521126760564,0.522887323943662,0.3670774647887324,0.6528809098599493,113.2,1.0
3,100,cloud,0.2,0.35,0.28080985915492956,0.33274647887323944,0.386443661971831,0.42795375505216654,89.0,1.0
3,100,hera,0.05,0.1,0.07042253521126761,0.590669014084507,0.3389084507042254,0.7264780524485384,124.4,0.7642848887508604
3,100,hera,0.1,0.15,0.11003521126760564,0.522887323943662,0.3670774647887324,0.6507190525425322,113.2,0.7217299837678961
3,100,hera,0.2,0.35,0.2834507042253521,0.33186619718309857,0.3846830985915493,0.4272018046808911,89.19999999999999,0.5922841151983781
3,200,edge,0.05,0.24,0.058098591549295774,0.6109154929577465,0.33098591549295775,0.7638875834194944,123.4,0.0
3,200,edge,0.1,0.33,0.09683098591549295,0.5308098591549296,0.37235915492957744,0.6827709371181502,111.7,0.0
3,200,edge,0.2,0.48,0.21390845070422534,0.3890845070422535,0.3970070422535211,0.5405583231506721,94.80000000000001,0.0
3,200,cloud,0.05,0.085,0.06073943661971831,0.6109154929577465,0.3283450704225352,0.7522323526647241,126.4,1.0
3,200,cloud,0.1,0.145,0.10651408450704225,0.5290492957746479,0.3644366197183099,0.659272488015791,113.4,1.0
3,200,cloud,0.2,0.27,0.21038732394366197,0.40492957746478875,0.3846830985915493,0.5094463765391484,97.60000000000001,1.0
3,200,hera,0.05,0.085,0.061619718309859156,0.6109154929577465,0.3274647887323944,0.7494125387724411,126.5,0.7784885830282301
3,200,hera,0.1,0.145,0.10651408450704225,0.5290492957746479,0.3644366197183099,0.6571106306983739,113.4,0.7254300805126294
3,200,hera,0.2,0.27,0.21038732394366197,0.40316901408450706,0.386443661971831,0.5085064385750541,97.6,0.6392062745330992
3,500,edge,0.05,0.235,0.05721830985915493,0.613556338028169,0.32922535211267606,0.7678353228686907,124.4,0.0
3,500,edge,0.1,0.32,0.0897887323943662,0.5378521126760564,0.37235915492957744,0.6917943415734562,112.0,0.0
3,500,edge,0.2,0.445,0.17869718309859156,0.41725352112676056,0.4040492957746479,0.5732681643011561,97.19999999999999,0.0
3,500,cloud,0.05,0.07,0.0448943661971831,0.6382042253521126,0.31690140845070425,0.7801485101983269,129.6,1.0
3,500,cloud,0.1,0.145,0.10651408450704225,0.5290492957746479,0.3644366197183099,0.659272488015791,113.4,1.0
3,500,cloud,0.2,0.265,0.20334507042253522,0.4137323943661972,0.3829225352112676,0.515179998120124,98.80000000000001,1.0
3,500,hera,0.05,0.07,0.04665492957746479,0.6382042253521126,0.31514084507042256,0.7778926590845004,129.6,0.7937541930256807
3,500,hera,0.1,0.145,0.10651408450704225,0.5290492957746479,0.3644366197183099,0.6571106306983739,113.4,0.7254300805126294
3,500,hera,0.2,0.265,0.20334507042253522,0.4128521126760563,0.38380281690140844,0.5141460663596202,98.0,0.642242307597701
3,1000,edge,0.05,0.225,0.05457746478873239,0.6267605633802817,0.31866197183098594,0.7781746404737288,125.7,0.0
3,1000,edge,0.1,0.32,0.0897887323943662,0.5378521126760564,0.37235915492957744,0.6917943415734562,112.0,0.0
3,1000,edge,0.2,0.455,0.1892605633802817,0.40757042253521125,0.40316901408450706,0.5647147288278973,96.39999999999998,0.0
3,1000,cloud,0.05,0.07,0.0448943661971831,0.6382042253521126,0.31690140845070425,0.7801485101983269,129.6,1.0
3,1000,cloud,0.1,0.14,0.10035211267605634,0.5369718309859155,0.3626760563380282,0.6650061095967666,115.79999999999998,1.0
3,1000,cloud,0.2,0.285,0.22183098591549297,0.38380281690140844,0.39436619718309857,0.4931854497603158,95.19999999999999,1.0
3,1000,hera,0.05,0.07,0.04665492957746479,0.6382042253521126,0.31514084507042256,0.7778926590845004,129.6,0.7937541930256807
3,1000,hera,0.1,0.14,0.10123239436619719,0.5369718309859155,0.3617957746478873,0.6628442522793495,115.8,0.7294138428838884
3,1000,hera,0.2,0.285,0.22183098591549297,0.38204225352112675,0.3961267605633803,0.4918695366105837,94.29999999999998,0.6300766361539727
3,0,edge_fixed0.5,,0.5,0.2323943661971831,0.37235915492957744,0.39524647887323944,0.5202556631262336,92.6,0.0
3,0,cloud_fixed0.5,,0.5,0.4084507042253521,0.22095070422535212,0.37059859154929575,0.2879029984021055,75.9,1.0
4,12,edge,0.05,0.01,0.0017605633802816902,0.875,0.12323943661971831,0.9777234702509634,182.89999999999998,0.0
4,12,edge,0.1,0.38,0.12235915492957747,0.5061619718309859,0.3714788732394366,0.6418836356800451,109.4,0.0
4,12,edge,0.2,0.38,0.12235915492957747,0.5061619718309859,0.3714788732394366,0.6418836356800451,109.4,0.0
4,12,cloud,0.05,0.01,0.00528169014084507,0.8028169014084507,0.19190140845070422,0.9641883635680045,164.2,1.0
4,12,cloud,0.1,0.23,0.1522887323943662,0.4647887323943662,0.3829225352112676,0.5530594980731272,104.59999999999997,1.0
4,12,cloud,0.2,0.345,0.25704225352112675,0.352112676056338,0.3908450704225352,0.4350972835792838,91.60000000000001,1.0
4,12,hera,0.05,0.01,0.00528169014084507,0.8019366197183099,0.19278169014084506,0.9587367233762571,163.7,0.8954479796057392
4,12,hera,0.1,0.23,0.15316901408450703,0.4639084507042254,0.3829225352112676,0.5519315725162139,104.49999999999997,0.6668772205423624
4,12,hera,0.2,0.345,0.25880281690140844,0.3512323943661972,0.3899647887323944,0.43443932700441773,91.60000000000001,0.5975079972403579
4,25,edge,0.05,0.165,0.03433098591549296,0.7121478873239436,0.2535211267605634,0.8394585957326817,141.8,0.0
4,25,edge,0.1,0.38,0.12235915492957747,0.5061619718309859,0.3714788732394366,0.6418836356800451,109.4,0.0
4,25,edge,0.2,0.455,0.1875,0.43133802816901406,0.38116197183098594,0.5700723752232353,101.6,0.0
4,25,cloud,0.05,0.01,0.00528169014084507,0.8028169014084507,0.19190140845070422,0.9641883635680045,164.2,1.0
4,25,cloud,0.1,0.205,0.13204225352112675,0.49383802816901406,0.37411971830985913,0.5829495253313282,108.2,1.0
4,25,cloud,0.2,0.345,0.25704225352112675,0.352112676056338,0.3908450704225352,0.4350972835792838,91.60000000000001,1.0
4,25,hera,0.05,0.01,0.00528169014084507,0.8019366197183099,0.19278169014084506,0.9587367233762571,163.7,0.8954479796057392
4,25,hera,0.1,0.205,0.13204225352112675,0.49295774647887325,0.375,0.581633612181596,108.0,0.6837970704200466
4,25,hera,0.2,0.345,0.25880281690140844,0.3512323943661972,0.3899647887323944,0.43443932700441773,91.60000000000001,0.5975079972403579
4,50,edge,0.05,0.165,0.03433098591549296,0.7121478873239436,0.2535211267605634,0.8394585957326817,141.8,0.0
4,50,edge,0.1,0.38,0.12235915492957747,0.5061619718309859,0.3714788732394366,0.6418836356800451,109.4,0.0
4,50,edge,0.2,0.465,0.1936619718309859,0.4234154929577465,0.3829225352112676,0.5597330576181972,99.80000000000001,0.0
4,50,cloud,0.05,0.08,0.04753521126760563,0.6514084507042254,0.301056338028169,0.7674593476830529,133.0,1.0
4,50,cloud,0.1,0.165,0.10651408450704225,0.5334507042253521,0.3600352112676056,0.6336121815960146,115.79999999999998,1.0
4,50,cloud,0.2,0.32,0.23327464788732394,0.375,0.39172535211267606,0.45897170786728075,94.0,1.0
4,50,hera,0.05,0.08,0.04841549295774648,0.6505281690140845,0.301056338028169,0.7653914841620453,133.0,0.7864542733171428
4,50,hera,0.1,0.165,0.10651408450704225,0.5334507042253521,0.3600352112676056,0.6322022746498731,115.60000000000001,0.7132426443900648
4,50,hera,0.2,0.32,0.23503521126760563,0.375,0.3899647887323944,0.4577497885139581,94.19999999999999,0.61167003237913
4,100,edge,0.05,0.17,0.035211267605633804,0.7068661971830986,0.2579225352112676,0.8351348810978475,141.1,0.0
4,100,edge,0.1,0.38,0.12235915492957747,0.5061619718309859,0.3714788732394366,0.6418836356800451,109.4,0.0
4,100,edge,0.2,0.475,0.20158450704225353,0.41725352112676056,0.38116197183098594,0.5505216655700724,99.8,0.0
4,100,cloud,0.05,0.08,0.04753521126760563,0.6514084507042254,0.301056338028169,0.7674593476830529,133.0,1.0
4,100,cloud,0.1,0.165,0.10651408450704225,0.5334507042253521,0.3600352112676056,0.6336121815960146,115.79999999999998,1.0
4,100,cloud,0.2,0.295,0.2112676056338028,0.3970070422535211,0.39172535211267606,0.48435003289782874,96.5,1.0
4,100,hera,0.05,0.08,0.04841549295774648,0.6505281690140845,0.301056338028169,0.7653914841620453,133.0,0.7864542733171428
4,100,hera,0.1,0.165,0.10651408450704225,0.5334507042253521,0.3600352112676056,0.6322022746498731,115.60000000000001,0.7132426443900648
4,100,hera,0.2,0.295,0.21214788732394366,0.3961267605633803,0.39172535211267606,0.4834100949337344,96.4,0.6263107098356493
4,200,edge,0.05,0.205,0.04401408450704225,0.6734154929577465,0.28257042253521125,0.8034589717078673,134.89999999999998,0.0
4,200,edge,0.1,0.38,0.12235915492957747,0.5061619718309859,0.3714788732394366,0.6418836356800451,109.4,0.0
4,200,edge,0.2,0.505,0.2323943661971831,0.3890845070422535,0.3785211267605634,0.5162139298806279,97.1,0.0
4,200,cloud,0.05,0.09,0.05721830985915493,0.6399647887323944,0.3028169014084507,0.7459347683052918,130.0,1.0
4,200,cloud,0.1,0.19,0.12235915492957747,0.5070422535211268,0.37059859154929575,0.6014663032239872,110.80000000000001,1.0
4,200,cloud,0.2,0.315,0.22799295774647887,0.3846830985915493,0.3873239436619718,0.46470532944825643,95.6,1.0
4,200,hera,0.05,0.09,0.05721830985915493,0.6390845070422535,0.30369718309859156,0.7440548923771031,129.4,0.776611343832151
4,200,hera,0.1,0.19,0.12235915492957747,0.5070422535211268,0.37059859154929575,0.5997744148886174,110.80000000000001,0.6946200973109219
4,200,hera,0.2,0.315,0.22887323943661972,0.3846830985915493,0.386443661971831,0.46357740389134316,95.79999999999998,0.6146504445045182
4,500,edge,0.05,0.205,0.04401408450704225,0.6734154929577465,0.28257042253521125,0.8034589717078673,134.89999999999998,0.0
4,500,edge,0.1,0.32,0.08890845070422536,0.5580985915492958,0.3529929577464789,0.6970579941723847,117.79999999999998,0.0
4,500,edge,0.2,0.465,0.1936619718309859,0.4234154929577465,0.3829225352112676,0.5597330576181972,99.80000000000001,0.0
4,500,cloud,0.05,0.075,0.045774647887323945,0.6637323943661971,0.2904929577464789,0.776952721120406,134.9,1.0
4,500,cloud,0.1,0.155,0.10123239436619719,0.5448943661971831,0.3538732394366197,0.6485571952251151,116.4,1.0
4,500,cloud,0.2,0.295,0.2112676056338028,0.3970070422535211,0.39172535211267606,0.48435003289782874,96.5,1.0
4,500,hera,0.05,0.075,0.04665492957746479,0.6628521126760564,0.2904929577464789,0.7744148886173513,134.8,0.7916324668067948
4,500,hera,0.1,0.155,0.10123239436619719,0.5448943661971831,0.3538732394366197,0.6474292696682019,116.4,0.7207699230529798
4,500,hera,0.2,0.295,0.21214788732394366,0.3961267605633803,0.39172535211267606,0.4834100949337344,96.4,0.6263107098356493
4,1000,edge,0.05,0.21,0.04401408450704225,0.6672535211267606,0.2887323943661972,0.7981953191089388,134.10000000000002,0.0
4,1000,edge,0.1,0.32,0.08890845070422536,0.5580985915492958,0.3529929577464789,0.6970579941723847,117.79999999999998,0.0
4,1000,edge,0.2,0.465,0.1936619718309859,0.4234154929577465,0.3829225352112676,0.5597330576181972,99.80000000000001,0.0
4,1000,cloud,0.05,0.075,0.045774647887323945,0.6637323943661971,0.2904929577464789,0.776952721120406,134.9,1.0
4,1000,cloud,0.1,0.135,0.08450704225352113,0.5704225352112676,0.34507042253521125,0.6764733527587179,120.69999999999999,1.0
4,1000,cloud,0.2,0.265,0.18221830985915494,0.4216549295774648,0.3961267605633803,0.5185637747908638,99.59999999999997,1.0
4,1000,hera,0.05,0.075,0.04665492957746479,0.6628521126760564,0.2904929577464789,0.7744148886173513,134.8,0.7916324668067948
4,1000,hera,0.1,0.13,0.0801056338028169,0.5757042253521126,0.34419014084507044,0.6813610301720087,121.19999999999999,0.7410438162484976
4,1000,hera,0.2,0.265,0.18221830985915494,0.42077464788732394,0.3970070422535211,0.5177178306231789,99.39999999999999,0.6444771757094497
4,0,edge_fixed0.5,,0.5,0.22711267605633803,0.39436619718309857,0.3785211267605634,0.5215715762759657,97.30000000000001,0.0
4,0,cloud_fixed0.5,,0.5,0.4022887323943662,0.2262323943661972,0.3714788732394366,0.2848951969170035,77.19999999999999,1.0
5,12,edge,0.05,0.01,0.0017605633802816902,0.8776408450704225,0.12059859154929578,0.9767835322868691,181.3,0.0
5,12,edge,0.1,0.025,0.0044014084507042256,0.8415492957746479,0.15404929577464788,0.9643763511608234,173.4,0.0
5,12,edge,0.2,0.265,0.05897887323943662,0.6038732394366197,0.3371478873239437,0.7484726008083467,124.19999999999999,0.0
5,12,cloud,0.05,0.01,0.0035211267605633804,0.7948943661971831,0.20158450704225353,0.9615565372685403,161.0,1.0
5,12,cloud,0.1,0.01,0.0035211267605633804,0.7948943661971831,0.20158450704225353,0.9615565372685403,161.0,1.0
5,12,cloud,0.2,0.06,0.03169014084507042,0.6795774647887324,0.2887323943661972,0.8071247297678353,136.7,1.0
5,12,hera,0.05,0.01,0.0044014084507042256,0.7948943661971831,0.2007042253521127,0.9553529467055174,161.0,0.8940169192217209
5,12,hera,0.1,0.01,0.0044014084507042256,0.7948943661971831,0.2007042253521127,0.9553529467055174,161.0,0.8940169192217209
5,12,hera,0.2,0.06,0.032570422535211266,0.6795774647887324,0.2878521126760563,0.8045868972647805,136.79999999999998,0.8062665298831433
5,25,edge,0.05,0.025,0.0044014084507042256,0.8415492957746479,0.15404929577464788,0.9643763511608234,173.4,0.0
5,25,edge,0.1,0.265,0.05897887323943662,0.6038732394366197,0.3371478873239437,0.7484726008083467,124.19999999999999,0.0
5,25,edge,0.2,0.54,0.24647887323943662,0.3503521126760563,0.40316901408450706,0.47504464705329447,89.60000000000002,0.0
5,25,cloud,0.05,0.01,0.0035211267605633804,0.7948943661971831,0.20158450704225353,0.9615565372685403,161.0,1.0
5,25,cloud,0.1,0.06,0.03169014084507042,0.6795774647887324,0.2887323943661972,0.8071247297678353,136.7,1.0
5,25,cloud,0.2,0.15,0.09507042253521127,0.5607394366197183,0.34419014084507044,0.6528809098599493,117.8,1.0
5,25,hera,0.05,0.01,0.0044014084507042256,0.7948943661971831,0.2007042253521127,0.9553529467055174,161.0,0.8940169192217209
5,25,hera,0.1,0.06,0.032570422535211266,0.6795774647887324,0.2878521126760563,0.8045868972647805,136.79999999999998,0.8062665298831433
5,25,hera,0.2,0.15,0.09507042253521127,0.5607394366197183,0.34419014084507044,0.6511890215245794,117.8,0.723339897576224
5,50,edge,0.05,0.265,0.05897887323943662,0.6038732394366197,0.3371478873239437,0.7484726008083467,124.19999999999999,0.0
5,50,edge,0.1,0.44,0.16109154929577466,0.448943661971831,0.3899647887323944,0.5804116928282733,101.40000000000003,0.0
5,50,edge,0.2,0.575,0.3001760563380282,0.30809859154929575,0.39172535211267606,0.4342513394115988,88.39999999999998,0.0
5,50,cloud,0.05,0.06,0.03169014084507042,0.6795774647887324,0.2887323943661972,0.8071247297678353,136.7,1.0
5,50,cloud,0.1,0.14,0.08626760563380281,0.5730633802816901,0.34066901408450706,0.6666979979321365,119.70000000000002,1.0
5,50,cloud,0.2,0.245,0.15669014084507044,0.4647887323943662,0.3785211267605634,0.5367045774978851,103.29999999999998,1.0
5,50,hera,0.05,0.06,0.032570422535211266,0.6795774647887324,0.2878521126760563,0.8045868972647805,136.79999999999998,0.8062665298831433
5,50,hera,0.1,0.14,0.08714788732394366,0.5730633802816901,0.3397887323943662,0.6642541592254911,119.80000000000001,0.7310442027947143
5,50,hera,0.2,0.245,0.15669014084507044,0.4647887323943662,0.3785211267605634,0.5361406147194285,103.29999999999998,0.6563898197296847
5,100,edge,0.05,0.265,0.05897887323943662,0.6038732394366197,0.3371478873239437,0.7484726008083467,124.19999999999999,0.0
5,100,edge,0.1,0.335,0.09419014084507042,0.5369718309859155,0.36883802816901406,0.6847448068427484,115.0,0.0
5,100,edge,0.2,0.505,0.2112676056338028,0.3846830985915493,0.4040492957746479,0.5128301532098881,94.19999999999999,0.0
5,100,cloud,0.05,0.075,0.03873239436619718,0.6575704225352113,0.30369718309859156,0.7722530312999342,133.6,1.0
5,100,cloud,0.1,0.11,0.061619718309859156,0.6091549295774648,0.32922535211267606,0.7099351442804774,125.0,1.0
5,100,cloud,0.2,0.225,0.14084507042253522,0.4841549295774648,0.375,0.5586991258576934,105.7,1.0
5,100,hera,0.05,0.075,0.040492957746478875,0.6575704225352113,0.3019366197183099,0.7693392236112416,133.8,0.790131667809686
5,100,hera,0.1,0.11,0.0625,0.6091549295774648,0.3283450704225352,0.7075852993702416,125.0,0.7565870978890931
5,100,hera,0.2,0.225,0.14172535211267606,0.48151408450704225,0.3767605633802817,0.5574772065043707,105.60000000000001,0.6692065313627071
5,200,edge,0.05,0.265,0.05897887323943662,0.6038732394366197,0.3371478873239437,0.7484726008083467,124.19999999999999,0.0
5,200,edge,0.1,0.36,0.1073943661971831,0.5184859154929577,0.37411971830985913,0.6600244383870665,111.9,0.0
5,200,edge,0.2,0.455,0.1742957746478873,0.43661971830985913,0.3890845070422535,0.56593664818122,101.1,0.0
5,200,cloud,0.05,0.065,0.03345070422535211,0.6698943661971831,0.2966549295774648,0.7945295610489708,136.1,1.0
5,200,cloud,0.1,0.12,0.06602112676056338,0.5977112676056338,0.3362676056338028,0.6939561988908732,123.00000000000001,1.0
5,200,cloud,0.2,0.245,0.15669014084507044,0.4647887323943662,0.3785211267605634,0.5367045774978851,103.29999999999998,1.0
5,200,hera,0.05,0.065,0.035211267605633804,0.6698943661971831,0.2948943661971831,0.7920857223423254,136.2,0.8006944378218601
5,200,hera,0.1,0.12,0.06690140845070422,0.5977112676056338,0.335387323943662,0.6917943415734562,123.10000000000001,0.747920985560085
5,200,hera,0.2,0.245,0.15669014084507044,0.4647887323943662,0.3785211267605634,0.5361406147194285,103.29999999999998,0.6563898197296847
5,500,edge,0.05,0.225,0.04665492957746479,0.641725352112676,0.31161971830985913,0.7835322868690666,130.4,0.0
5,500,edge,0.1,0.31,0.07834507042253522,0.5598591549295775,0.3617957746478873,0.7061753924241,117.6,0.0
5,500,edge,0.2,0.435,0.15933098591549297,0.45686619718309857,0.38380281690140844,0.5856753454272018,102.79999999999998,0.0
5,500,cloud,0.05,0.065,0.03345070422535211,0.6698943661971831,0.2966549295774648,0.7945295610489708,136.1,1.0
5,500,cloud,0.1,0.12,0.06602112676056338,0.5977112676056338,0.3362676056338028,0.6939561988908732,123.00000000000001,1.0
5,500,cloud,0.2,0.25,0.15933098591549297,0.45774647887323944,0.3829225352112676,0.5311589435097284,102.6,1.0
5,500,hera,0.05,0.065,0.035211267605633804,0.6698943661971831,0.2948943661971831,0.7920857223423254,136.2,0.8006944378218601
5,500,hera,0.1,0.12,0.06690140845070422,0.5977112676056338,0.335387323943662,0.6917943415734562,123.10000000000001,0.747920985560085
5,500,hera,0.2,0.25,0.1602112676056338,0.45774647887323944,0.38204225352112675,0.5305949807312718,102.69999999999999,0.6532307024669346
5,1000,edge,0.05,0.21,0.04137323943661972,0.6558098591549296,0.3028169014084507,0.7962214493843406,131.60000000000002,0.0
5,1000,edge,0.1,0.32,0.08362676056338028,0.5492957746478874,0.3670774647887324,0.6970579941723847,116.0,0.0
5,1000,edge,0.2,0.45,0.16725352112676056,0.4375,0.39524647887323944,0.5705423442052825,100.60000000000001,0.0
5,1000,cloud,0.05,0.06,0.03169014084507042,0.6795774647887324,0.2887323943661972,0.8071247297678353,136.7,1.0
5,1000,cloud,0.1,0.125,0.07130281690140845,0.590669014084507,0.3380281690140845,0.6862487075852993,122.4,1.0
5,1000,cloud,0.2,0.26,0.17077464788732394,0.448943661971831,0.38028169014084506,0.520537644515462,102.5,1.0
5,1000,hera,0.05,0.06,0.032570422535211266,0.6795774647887324,0.2878521126760563,0.8045868972647805,136.79999999999998,0.8062665298831433
5,1000,hera,0.1,0.125,0.0721830985915493,0.5897887323943662,0.3380281690140845,0.6841808440642918,122.50000000000001,0.7436247214887098
5,1000,hera,0.2,0.26,0.17077464788732394,0.448943661971831,0.38028169014084506,0.519691700347777,102.30000000000001,0.6469583754748494
5,0,edge_fixed0.5,,0.5,0.20950704225352113,0.3908450704225352,0.3996478873239437,0.5187517623836827,95.3,0.0
5,0,cloud_fixed0.5,,0.5,0.40669014084507044,0.2262323943661972,0.3670774647887324,0.2887489425697904,77.89999999999999,1.0
6,12,edge,0.05,0.01,0.002640845070422535,0.8714788732394366,0.12588028169014084,0.9786634082150578,180.0,0.0
6,12,edge,0.1,0.3,0.08098591549295775,0.5704225352112676,0.3485915492957746,0.7166087038255475,120.2,0.0
6,12,edge,0.2,0.58,0.3045774647887324,0.29401408450704225,0.4014084507042254,0.4299276247767647,86.7,0.0
6,12,cloud,0.05,0.01,0.0035211267605633804,0.7816901408450704,0.2147887323943662,0.9611805620829025,160.4,1.0
6,12,cloud,0.1,0.065,0.04225352112676056,0.6610915492957746,0.2966549295774648,0.7970673935520256,134.70000000000002,1.0
6,12,cloud,0.2,0.205,0.14172535211267606,0.4903169014084507,0.36795774647887325,0.5856753454272018,107.00000000000003,1.0
6,12,hera,0.05,0.01,0.0044014084507042256,0.7816901408450704,0.21390845070422534,0.9557289218911552,160.2,0.8942143458448262
6,12,hera,0.1,0.065,0.04401408450704225,0.659330985915493,0.2966549295774648,0.7952815114202463,134.70000000000002,0.8011626737924782
6,12,hera,0.2,0.205,0.14172535211267606,0.4894366197183099,0.36883802816901406,0.5840774508882414,107.0,0.6830656686684738
6,25,edge,0.05,0.25,0.05721830985915493,0.6073943661971831,0.335387323943662,0.7616317323056678,128.2,0.0
6,25,edge,0.1,0.3,0.08098591549295775,0.5704225352112676,0.3485915492957746,0.7166087038255475,120.2,0.0
6,25,edge,0.2,0.53,0.23591549295774647,0.3600352112676056,0.4040492957746479,0.4885797537362534,91.20000000000002,0.0
6,25,cloud,0.05,0.055,0.03697183098591549,0.6769366197183099,0.2860915492957746,0.8189679481154244,137.2,1.0
6,25,cloud,0.1,0.065,0.04225352112676056,0.6610915492957746,0.2966549295774648,0.7970673935520256,134.70000000000002,1.0
6,25,cloud,0.2,0.205,0.14172535211267606,0.4903169014084507,0.36795774647887325,0.5856753454272018,107.00000000000003,1.0
6,25,hera,0.05,0.055,0.037852112676056336,0.676056338028169,0.2860915492957746,0.8166181032051885,137.2,0.8127903065828086
6,25,hera,0.1,0.065,0.04401408450704225,0.659330985915493,0.2966549295774648,0.7952815114202463,134.70000000000002,0.8011626737924782
6,25,hera,0.2,0.205,0.14172535211267606,0.4894366197183099,0.36883802816901406,0.5840774508882414,107.0,0.6830656686684738
6,50,edge,0.05,0.25,0.05721830985915493,0.6073943661971831,0.335387323943662,0.7616317323056678,128.2,0.0
6,50,edge,0.1,0.43,0.1619718309859155,0.4533450704225352,0.3846830985915493,0.5926308863615002,101.5,0.0
6,50,edge,0.2,0.53,0.23591549295774647,0.3600352112676056,0.4040492957746479,0.4885797537362534,91.20000000000002,0.0
6,50,cloud,0.05,0.055,0.03697183098591549,0.6769366197183099,0.2860915492957746,0.8189679481154244,137.2,1.0
6,50,cloud,0.1,0.145,0.10387323943661972,0.5448943661971831,0.3512323943661972,0.6648181220039477,116.79999999999998,1.0
6,50,cloud,0.2,0.305,0.21654929577464788,0.38380281690140844,0.3996478873239437,0.47231882695742083,94.1,1.0
6,50,hera,0.05,0.055,0.037852112676056336,0.676056338028169,0.2860915492957746,0.8166181032051885,137.2,0.8127903065828086
6,50,hera,0.1,0.145,0.10387323943661972,0.5448943661971831,0.3512323943661972,0.6630322398721684,116.69999999999999,0.7273300887484282
6,50,hera,0.2,0.305,0.21654929577464788,0.38380281690140844,0.3996478873239437,0.4710969076040981,94.1,0.6205104564583276
6,100,edge,0.05,0.3,0.08098591549295775,0.5704225352112676,0.3485915492957746,0.7166087038255475,120.2,0.0
6,100,edge,0.1,0.41,0.1487676056338028,0.477112676056338,0.37411971830985913,0.6098317511044271,105.60000000000001,0.0
6,100,edge,0.2,0.53,0.23591549295774647,0.3600352112676056,0.4040492957746479,0.4885797537362534,91.20000000000002,0.0
6,100,cloud,0.05,0.065,0.04225352112676056,0.6610915492957746,0.2966549295774648,0.7970673935520256,134.70000000000002,1.0
6,100,cloud,0.1,0.21,0.14524647887323944,0.48327464788732394,0.3714788732394366,0.5792837672713601,106.2,1.0
6,100,cloud,0.2,0.31,0.2244718309859155,0.38380281690140844,0.39172535211267606,0.4672431619513112,94.80000000000001,1.0
6,100,hera,0.05,0.065,0.04401408450704225,0.659330985915493,0.2966549295774648,0.7952815114202463,134.70000000000002,0.8011626737924782
6,100,hera,0.1,0.21,0.14524647887323944,0.4823943661971831,0.37235915492957744,0.5774978851395808,106.0,0.6796690035925489
6,100,hera,0.2,0.31,0.2262323943661972,0.38380281690140844,0.3899647887323944,0.4659272488015791,95.20000000000002,0.6174307954227142
6,200,edge,0.05,0.255,0.058098591549295774,0.6038732394366197,0.3380281690140845,0.7574960052636526,126.39999999999998,0.0
6,200,edge,0.1,0.37,0.12323943661971831,0.5105633802816901,0.36619718309859156,0.6504370711533038,111.3,0.0
6,200,edge,0.2,0.5,0.21654929577464788,0.3873239436619718,0.3961267605633803,0.5222295328508318,94.89999999999999,0.0
6,200,cloud,0.05,0.065,0.04225352112676056,0.6610915492957746,0.2966549295774648,0.7970673935520256,134.70000000000002,1.0
6,200,cloud,0.1,0.175,0.12411971830985916,0.5158450704225352,0.3600352112676056,0.6252467337155748,113.6,1.0
6,200,cloud,0.2,0.295,0.20862676056338028,0.3926056338028169,0.3987676056338028,0.48162421280195505,95.39999999999998,1.0
6,200,hera,0.05,0.065,0.04401408450704225,0.659330985915493,0.2966549295774648,0.7952815114202463,134.70000000000002,0.8011626737924782
6,200,hera,0.1,0.175,0.12411971830985916,0.5158450704225352,0.3600352112676056,0.623366857787386,113.19999999999999,0.7048752017852686
6,200,hera,0.2,0.295,0.20950704225352113,0.39172535211267606,0.3987676056338028,0.4804022934486324,95.3,0.6261606687246054
6,500,edge,0.05,0.23,0.05017605633802817,0.625,0.3248239436619718,0.7787386032521854,130.2,0.0
6,500,edge,0.1,0.345,0.1056338028169014,0.5325704225352113,0.3617957746478873,0.6743114954413009,112.6,0.0
6,500,edge,0.2,0.485,0.20334507042253522,0.3987676056338028,0.397887323943662,0.5399943603722155,96.00000000000001,0.0
6,500,cloud,0.05,0.065,0.04225352112676056,0.6610915492957746,0.2966549295774648,0.7970673935520256,134.70000000000002,1.0
6,500,cloud,0.1,0.145,0.10387323943661972,0.5448943661971831,0.3512323943661972,0.6648181220039477,116.79999999999998,1.0
6,500,cloud,0.2,0.295,0.20862676056338028,0.3926056338028169,0.3987676056338028,0.48162421280195505,95.39999999999998,1.0
6,500,hera,0.05,0.065,0.04401408450704225,0.659330985915493,0.2966549295774648,0.7952815114202463,134.70000000000002,0.8011626737924782
6,500,hera,0.1,0.145,0.10387323943661972,0.5448943661971831,0.3512323943661972,0.6630322398721684,116.69999999999999,0.7273300887484282
6,500,hera,0.2,0.295,0.20950704225352113,0.39172535211267606,0.3987676056338028,0.4804022934486324,95.3,0.6261606687246054
6,1000,edge,0.05,0.22,0.04753521126760563,0.6355633802816901,0.31690140845070425,0.7887959394679951,131.70000000000002,0.0
6,1000,edge,0.1,0.325,0.09507042253521127,0.551056338028169,0.3538732394366197,0.6942381802801015,116.80000000000001,0.0
6,1000,edge,0.2,0.455,0.18397887323943662,0.4251760563380282,0.3908450704225352,0.5686624682770937,99.0,0.0
6,1000,cloud,0.05,0.075,0.04841549295774648,0.6408450704225352,0.3107394366197183,0.7768587273239966,131.79999999999998,1.0
6,1000,cloud,0.1,0.14,0.09859154929577464,0.5519366197183099,0.3494718309859155,0.6723376257167027,118.0,1.0
6,1000,cloud,0.2,0.27,0.1875,0.42077464788732394,0.39172535211267606,0.5105743020960617,99.0,1.0
6,1000,hera,0.05,0.075,0.04929577464788732,0.6390845070422535,0.31161971830985913,0.7748848575993984,131.7,0.7906413114559723
6,1000,hera,0.1,0.14,0.0994718309859155,0.5519366197183099,0.3485915492957746,0.6703637559921045,118.0,0.7316321144463707
6,1000,hera,0.2,0.27,0.1875,0.4198943661971831,0.3926056338028169,0.5096343641319673,99.0,0.6410206126036817
6,0,edge_fixed0.5,,0.5,0.21654929577464788,0.3873239436619718,0.3961267605633803,0.5222295328508318,94.89999999999999,0.0
6,0,cloud_fixed0.5,,0.5,0.40757042253521125,0.2051056338028169,0.3873239436619718,0.2840492527493185,74.6,1.0
7,12,edge,0.05,0.01,0.0008802816901408451,0.8829225352112676,0.11619718309859155,0.9759375881191842,182.39999999999998,0.0
7,12,edge,0.1,0.285,0.06690140845070422,0.6065140845070423,0.3265845070422535,0.7254441206880345,123.7,0.0
7,12,edge,0.2,0.435,0.1742957746478873,0.4471830985915493,0.3785211267605634,0.581633612181596,103.30000000000001,0.0
7,12,cloud,0.05,0.01,0.0044014084507042256,0.8054577464788732,0.19014084507042253,0.9605226055080365,163.0,1.0
7,12,cloud,0.1,0.025,0.014084507042253521,0.7588028169014085,0.22711267605633803,0.9018704765485478,152.7,1.0
7,12,cloud,0.2,0.265,0.18485915492957747,0.4392605633802817,0.37588028169014087,0.5111382648745183,101.7,1.0
7,12,hera,0.05,0.01,0.0044014084507042256,0.8054577464788732,0.19014084507042253,0.9543190149450136,162.8,0.8937155757776533
7,12,hera,0.1,0.025,0.014964788732394365,0.7588028169014085,0.2262323943661972,0.8974527681173042,152.4,0.8562770643006158
7,12,hera,0.2,0.265,0.18485915492957747,0.4392605633802817,0.37588028169014087,0.5101983269104239,101.7,0.6434483160216856
7,25,edge,0.05,0.285,0.06690140845070422,0.6065140845070423,0.3265845070422535,0.7254441206880345,123.7,0.0
7,25,edge,0.1,0.435,0.1742957746478873,0.4471830985915493,0.3785211267605634,0.581633612181596,103.30000000000001,0.0
7,25,edge,0.2,0.56,0.2887323943661972,0.3345070422535211,0.3767605633802817,0.4565278691606354,89.80000000000001,0.0
7,25,cloud,0.05,0.025,0.014084507042253521,0.7588028169014085,0.22711267605633803,0.9018704765485478,152.7,1.0
7,25,cloud,0.1,0.135,0.09330985915492958,0.5765845070422535,0.3301056338028169,0.6746874706269386,121.69999999999999,1.0
7,25,cloud,0.2,0.34,0.25,0.363556338028169,0.386443661971831,0.4350972835792838,94.1,1.0
7,25,hera,0.05,0.025,0.014964788732394365,0.7588028169014085,0.2262323943661972,0.8974527681173042,152.4,0.8562770643006158
7,25,hera,0.1,0.135,0.09330985915492958,0.5765845070422535,0.3301056338028169,0.6729955822915688,121.6,0.7351628798071607
7,25,hera,0.2,0.34,0.2517605633802817,0.363556338028169,0.3846830985915493,0.43406335181878,94.2,0.6000540572397727
7,50,edge,0.05,0.17,0.03345070422535211,0.7112676056338029,0.25528169014084506,0.8305291850737851,142.7,0.0
7,50,edge,0.1,0.27,0.06514084507042253,0.625,0.30985915492957744,0.7395431901494501,126.29999999999998,0.0
7,50,edge,0.2,0.44,0.1742957746478873,0.43838028169014087,0.3873239436619718,0.5769339223611242,101.60000000000002,0.0
7,50,cloud,0.05,0.105,0.06338028169014084,0.6223591549295775,0.3142605633802817,0.7202744618855156,129.10000000000002,1.0
7,50,cloud,0.1,0.175,0.125,0.5404929577464789,0.3345070422535211,0.6193251245417802,115.6,1.0
7,50,cloud,0.2,0.3,0.21919014084507044,0.3987676056338028,0.38204225352112675,0.4732587649215152,97.80000000000001,1.0
7,50,hera,0.05,0.105,0.06338028169014084,0.6214788732394366,0.31514084507042256,0.7184885797537363,128.8,0.7609386810810961
7,50,hera,0.1,0.175,0.125,0.5404929577464789,0.3345070422535211,0.6179152175956387,115.3,0.7038264118847363
7,50,hera,0.2,0.3,0.21919014084507044,0.397887323943662,0.3829225352112676,0.47213083936460193,97.8,0.6228464724060084
7,100,edge,0.05,0.215,0.04665492957746479,0.6751760563380281,0.27816901408450706,0.7886079518751762,134.2,0.0
7,100,edge,0.1,0.27,0.06514084507042253,0.625,0.30985915492957744,0.7395431901494501,126.29999999999998,0.0
7,100,edge,0.2,0.425,0.1602112676056338,0.45686619718309857,0.3829225352112676,0.5924428987686813,103.20000000000002,0.0
7,100,cloud,0.05,0.085,0.05369718309859155,0.6487676056338029,0.2975352112676056,0.7543942099821411,132.60000000000002,1.0
7,100,cloud,0.1,0.135,0.09330985915492958,0.5765845070422535,0.3301056338028169,0.6746874706269386,121.69999999999999,1.0
7,100,cloud,0.2,0.285,0.2051056338028169,0.4110915492957746,0.38380281690140844,0.4888617351254817,99.0,1.0
7,100,hera,0.05,0.085,0.05369718309859155,0.647887323943662,0.2984154929577465,0.7516683898862675,132.60000000000002,0.7800089184311997
7,100,hera,0.1,0.135,0.09330985915492958,0.5765845070422535,0.3301056338028169,0.6729955822915688,121.6,0.7351628798071607
7,100,hera,0.2,0.285,0.2051056338028169,0.4102112676056338,0.3846830985915493,0.4878278033649779,98.2,0.6314997344187259
7,200,edge,0.05,0.225,0.04929577464788732,0.6654929577464789,0.2852112676056338,0.7793965598270514,133.60000000000002,0.0
7,200,edge,0.1,0.31,0.0818661971830986,0.5827464788732394,0.335387323943662,0.703167590938998,118.80000000000001,0.0
7,200,edge,0.2,0.49,0.22183098591549297,0.3961267605633803,0.38204225352112675,0.5322868690666416,98.2,0.0
7,200,cloud,0.05,0.085,0.05369718309859155,0.6487676056338029,0.2975352112676056,0.7543942099821411,132.60000000000002,1.0
7,200,cloud,0.1,0.14,0.09595070422535211,0.5704225352112676,0.3336267605633803,0.6678259234890497,121.00000000000001,1.0
7,200,cloud,0.2,0.3,0.21919014084507044,0.3987676056338028,0.38204225352112675,0.4732587649215152,97.80000000000001,1.0
7,200,hera,0.05,0.085,0.05369718309859155,0.647887323943662,0.2984154929577465,0.7516683898862675,132.60000000000002,0.7800089184311997
7,200,hera,0.1,0.14,0.09595070422535211,0.5704225352112676,0.3336267605633803,0.6661340351536799,120.2,0.7310185066416992
7,200,hera,0.2,0.3,0.21919014084507044,0.397887323943662,0.3829225352112676,0.47213083936460193,97.8,0.6228464724060084
7,500,edge,0.05,0.225,0.04929577464788732,0.6654929577464789,0.2852112676056338,0.7793965598270514,133.60000000000002,0.0
7,500,edge,0.1,0.335,0.09595070422535211,0.5545774647887324,0.3494718309859155,0.6800451170222765,115.60000000000002,0.0
7,500,edge,0.2,0.49,0.22183098591549297,0.3961267605633803,0.38204225352112675,0.5322868690666416,98.2,0.0
7,500,cloud,0.05,0.08,0.05017605633802817,0.6566901408450704,0.29313380281690143,0.7635116082338566,133.4,1.0
7,500,cloud,0.1,0.14,0.09595070422535211,0.5704225352112676,0.3336267605633803,0.6678259234890497,121.00000000000001,1.0
7,500,cloud,0.2,0.28,0.198943661971831,0.4154929577464789,0.3855633802816901,0.49553529467055174,99.29999999999998,1.0
7,500,hera,0.05,0.08,0.05017605633802817,0.6558098591549296,0.29401408450704225,0.7608797819343923,133.4,0.7850219881263333
7,500,hera,0.1,0.14,0.09595070422535211,0.5704225352112676,0.3336267605633803,0.6661340351536799,120.2,0.7310185066416992
7,500,hera,0.2,0.28,0.198943661971831,0.414612676056338,0.386443661971831,0.49468935050286683,98.4,0.6345557090516527
7,1000,edge,0.05,0.225,0.04929577464788732,0.6654929577464789,0.2852112676056338,0.7793965598270514,133.60000000000002,0.0
7,1000,edge,0.1,0.33,0.09419014084507042,0.5660211267605634,0.3397887323943662,0.6841808440642918,116.19999999999999,0.0
7,1000,edge,0.2,0.485,0.21742957746478872,0.3996478873239437,0.3829225352112676,0.5379264968512079,99.19999999999999,0.0
7,1000,cloud,0.05,0.08,0.05017605633802817,0.6566901408450704,0.29313380281690143,0.7635116082338566,133.4,1.0
7,1000,cloud,0.1,0.145,0.0994718309859155,0.5642605633802817,0.3362676056338028,0.6601184321834759,120.0,1.0
7,1000,cloud,0.2,0.285,0.2051056338028169,0.4110915492957746,0.38380281690140844,0.4888617351254817,99.0,1.0
7,1000,hera,0.05,0.08,0.05017605633802817,0.6558098591549296,0.29401408450704225,0.7608797819343923,133.4,0.7850219881263333
7,1000,hera,0.1,0.145,0.0994718309859155,0.5642605633802817,0.3362676056338028,0.6587085252373344,119.80000000000001,0.7269727747695356
7,1000,hera,0.2,0.28,0.198943661971831,0.414612676056338,0.386443661971831,0.49468935050286683,98.4,0.6345557090516527
7,0,edge_fixed0.5,,0.5,0.23151408450704225,0.3908450704225352,0.37764084507042256,0.5219475514616035,98.0,0.0
7,0,cloud_fixed0.5,,0.5,0.3908450704225352,0.2367957746478873,0.37235915492957744,0.2851771783062318,79.7,1.0
8,12,edge,0.05,0.01,0.002640845070422535,0.8785211267605634,0.11883802816901408,0.9756556067299558,180.8,0.0
8,12,edge,0.1,0.42,0.15757042253521128,0.4647887323943662,0.37764084507042256,0.5977065513676098,105.60000000000001,0.0
8,12,edge,0.2,0.575,0.31161971830985913,0.3160211267605634,0.37235915492957744,0.4331234138546856,89.79999999999998,0.0
8,12,cloud,0.05,0.01,0.0017605633802816902,0.7984154929577465,0.19982394366197184,0.9608045868972648,160.1,1.0
8,12,cloud,0.1,0.22,0.14084507042253522,0.49119718309859156,0.36795774647887325,0.5610489707679294,107.0,1.0
8,12,cloud,0.2,0.44,0.3459507042253521,0.27024647887323944,0.38380281690140844,0.33593382836732777,82.79999999999998,1.0
8,12,hera,0.05,0.01,0.0035211267605633804,0.7975352112676056,0.198943661971831,0.9542250211486042,160.3,0.8928222356016076
8,12,hera,0.1,0.22,0.14084507042253522,0.4894366197183099,0.36971830985915494,0.5593570824325594,106.8,0.6700544245967541
8,12,hera,0.2,0.44,0.3503521126760563,0.26936619718309857,0.38028169014084506,0.3353698655888711,83.3,0.544781074409398
8,25,edge,0.05,0.395,0.13996478873239437,0.488556338028169,0.3714788732394366,0.6231788701945672,108.39999999999999,0.0
8,25,edge,0.1,0.42,0.15757042253521128,0.4647887323943662,0.37764084507042256,0.5977065513676098,105.60000000000001,0.0
8,25,edge,0.2,0.49,0.22359154929577466,0.4014084507042254,0.375,0.5275871792461697,99.79999999999998,0.0
8,25,cloud,0.05,0.13,0.07834507042253522,0.5748239436619719,0.34683098591549294,0.6797631356330482,120.19999999999999,1.0
8,25,cloud,0.1,0.145,0.0897887323943662,0.5616197183098591,0.3485915492957746,0.6578625810696495,118.4,1.0
8,25,cloud,0.2,0.27,0.19278169014084506,0.4234154929577465,0.38380281690140844,0.5066265626468653,99.99999999999999,1.0
8,25,hera,0.05,0.13,0.07922535211267606,0.5748239436619719,0.3459507042253521,0.6784472224833161,120.19999999999999,0.736721262387887
8,25,hera,0.1,0.145,0.0897887323943662,0.5616197183098591,0.3485915492957746,0.6568286493091456,118.30000000000001,0.7243701407960104
8,25,hera,0.2,0.27,0.19278169014084506,0.42077464788732394,0.386443661971831,0.5058746122755898,99.8,0.6383062298214455
8,50,edge,0.05,0.315,0.08098591549295775,0.5633802816901409,0.35563380281690143,0.700159789453896,116.80000000000001,0.0
8,50,edge,0.1,0.395,0.13996478873239437,0.488556338028169,0.3714788732394366,0.6231788701945672,108.39999999999999,0.0
8,50,edge,0.2,0.465,0.20422535211267606,0.4251760563380282,0.37059859154929575,0.5519315725162139,100.80000000000001,0.0
8,50,cloud,0.05,0.06,0.030809859154929578,0.6875,0.28169014084507044,0.8066547607857881,137.2,1.0
8,50,cloud,0.1,0.12,0.07042253521126761,0.5880281690140845,0.3415492957746479,0.6957420810226526,122.5,1.0
8,50,cloud,0.2,0.22,0.14084507042253522,0.49119718309859156,0.36795774647887325,0.5610489707679294,107.0,1.0
8,50,hera,0.05,0.06,0.03169014084507042,0.6875,0.28080985915492956,0.8042109220791428,137.4,0.804702202268617
8,50,hera,0.1,0.12,0.07130281690140845,0.5880281690140845,0.34066901408450706,0.6948021430585581,122.4,0.7452805525668081
8,50,hera,0.2,0.22,0.14084507042253522,0.4894366197183099,0.36971830985915494,0.5593570824325594,106.8,0.6700544245967541
8,100,edge,0.05,0.315,0.08098591549295775,0.5633802816901409,0.35563380281690143,0.700159789453896,116.80000000000001,0.0
8,100,edge,0.1,0.395,0.13996478873239437,0.488556338028169,0.3714788732394366,0.6231788701945672,108.39999999999999,0.0
8,100,edge,0.2,0.49,0.22359154929577466,0.4014084507042254,0.375,0.5275871792461697,99.79999999999998,0.0
8,100,cloud,0.05,0.08,0.045774647887323945,0.6399647887323944,0.3142605633802817,0.763605602030266,132.40000000000003,1.0
8,100,cloud,0.1,0.125,0.07394366197183098,0.5818661971830986,0.34419014084507044,0.6875646207350314,121.9,1.0
8,100,cloud,0.2,0.27,0.19278169014084506,0.4234154929577465,0.38380281690140844,0.5066265626468653,99.99999999999999,1.0
8,100,hera,0.05,0.08,0.04753521126760563,0.6399647887323944,0.3125,0.7610677695272112,132.70000000000002,0.7826710870350653
8,100,hera,0.1,0.125,0.07482394366197183,0.5818661971830986,0.34330985915492956,0.6862487075852993,121.19999999999999,0.7408108584264136
8,100,hera,0.2,0.27,0.19278169014084506,0.42077464788732394,0.386443661971831,0.5058746122755898,99.8,0.6383062298214455
8,200,edge,0.05,0.24,0.04841549295774648,0.6311619718309859,0.3204225352112676,0.766613403515368,128.2,0.0
8,200,edge,0.1,0.39,0.136443661971831,0.4894366197183099,0.37411971830985913,0.6289124917755428,108.4,0.0
8,200,edge,0.2,0.52,0.25264084507042256,0.3732394366197183,0.37411971830985913,0.49553529467055174,95.80000000000001,0.0
8,200,cloud,0.05,0.06,0.030809859154929578,0.6875,0.28169014084507044,0.8066547607857881,137.2,1.0
8,200,cloud,0.1,0.115,0.06690140845070422,0.5959507042253521,0.3371478873239437,0.7044835040887302,123.10000000000001,1.0
8,200,cloud,0.2,0.27,0.19278169014084506,0.4234154929577465,0.38380281690140844,0.5066265626468653,99.99999999999999,1.0
8,200,hera,0.05,0.06,0.03169014084507042,0.6875,0.28080985915492956,0.8042109220791428,137.4,0.804702202268617
8,200,hera,0.1,0.115,0.06778169014084508,0.5959507042253521,0.3362676056338028,0.7030735971425885,123.0,0.7495834422688727
8,200,hera,0.2,0.27,0.19278169014084506,0.42077464788732394,0.386443661971831,0.5058746122755898,99.8,0.6383062298214455
8,500,edge,0.05,0.17,0.028169014084507043,0.6945422535211268,0.2772887323943662,0.8286493091455964,139.89999999999998,0.0
8,500,edge,0.1,0.35,0.10387323943661972,0.5255281690140845,0.37059859154929575,0.6668859855249554,113.1,0.0
8,500,edge,0.2,0.485,0.21919014084507044,0.40933098591549294,0.3714788732394366,0.533226807030736,100.00000000000001,0.0
8,500,cloud,0.05,0.06,0.030809859154929578,0.6875,0.28169014084507044,0.8066547607857881,137.2,1.0
8,500,cloud,0.1,0.13,0.07834507042253522,0.5748239436619719,0.34683098591549294,0.6797631356330482,120.19999999999999,1.0
8,500,cloud,0.2,0.275,0.19454225352112675,0.41901408450704225,0.386443661971831,0.5005169658802519,99.8,1.0
8,500,hera,0.05,0.06,0.03169014084507042,0.6875,0.28080985915492956,0.8042109220791428,137.4,0.804702202268617
8,500,hera,0.1,0.13,0.07922535211267606,0.5748239436619719,0.3459507042253521,0.6784472224833161,120.19999999999999,0.736721262387887
8,500,hera,0.2,0.275,0.19454225352112675,0.4163732394366197,0.3890845070422535,0.49967102171256694,99.0,0.6352478539499697
8,1000,edge,0.05,0.195,0.03433098591549296,0.6751760563380281,0.2904929577464789,0.8049628724504183,134.20000000000002,0.0
8,1000,edge,0.1,0.34,0.0977112676056338,0.5352112676056338,0.3670774647887324,0.6781652410940878,114.2,0.0
8,1000,edge,0.2,0.485,0.21919014084507044,0.40933098591549294,0.3714788732394366,0.533226807030736,100.00000000000001,0.0
8,1000,cloud,0.05,0.065,0.03345070422535211,0.6742957746478874,0.29225352112676056,0.7939655982705142,136.3,1.0
8,1000,cloud,0.1,0.135,0.08362676056338028,0.5713028169014085,0.34507042253521125,0.672619607105931,120.0,1.0
8,1000,cloud,0.2,0.28,0.19630281690140844,0.4084507042253521,0.39524647887323944,0.4956292884669612,97.79999999999998,1.0
8,1000,hera,0.05,0.065,0.035211267605633804,0.6742957746478874,0.2904929577464789,0.7918977347495065,136.5,0.7989231271218937
8,1000,hera,0.1,0.135,0.08450704225352113,0.5713028169014085,0.34419014084507044,0.6713976877526083,120.0,0.7325383288283391
8,1000,hera,0.2,0.28,0.19718309859154928,0.40669014084507044,0.3961267605633803,0.49478334429927623,97.4,0.6321301499004948
8,0,edge_fixed0.5,,0.5,0.23327464788732394,0.3926056338028169,0.37411971830985913,0.5171538678447223,99.19999999999999,0.0
8,0,cloud_fixed0.5,,0.5,0.39436619718309857,0.22887323943661972,0.3767605633802817,0.2832033085816336,75.69999999999999,1.0
9,12,edge,0.05,0.01,0.0017605633802816902,0.8776408450704225,0.12059859154929578,0.9771595074725068,179.9,0.0
9,12,edge,0.1,0.23,0.045774647887323945,0.6390845070422535,0.31514084507042256,0.7738509258388946,127.5,0.0
9,12,edge,0.2,0.3,0.07306338028169014,0.5704225352112676,0.35651408450704225,0.7119090140050757,115.99999999999999,0.0
9,12,cloud,0.05,0.01,0.0017605633802816902,0.7975352112676056,0.2007042253521127,0.9604286117116271,158.8,1.0
9,12,cloud,0.1,0.115,0.06866197183098592,0.5871478873239436,0.34419014084507044,0.7025096343641319,119.19999999999999,1.0
9,12,cloud,0.2,0.245,0.16901408450704225,0.43309859154929575,0.397887323943662,0.537738509258389,98.9,1.0
9,12,hera,0.05,0.01,0.0035211267605633804,0.7966549295774648,0.19982394366197184,0.9549769715198797,158.8,0.8943523813672614
9,12,hera,0.1,0.115,0.06954225352112677,0.5862676056338029,0.34419014084507044,0.7008177460287621,119.19999999999999,0.7513109328610489
9,12,hera,0.2,0.245,0.16901408450704225,0.43309859154929575,0.397887323943662,0.5370805526835228,98.9,0.6549110624487593
9,25,edge,0.05,0.23,0.045774647887323945,0.6390845070422535,0.31514084507042256,0.7738509258388946,127.5,0.0
9,25,edge,0.1,0.265,0.05721830985915493,0.6056338028169014,0.3371478873239437,0.7438669047842842,121.4,0.0
9,25,edge,0.2,0.425,0.16637323943661972,0.44190140845070425,0.39172535211267606,0.5984585017388853,100.0,0.0
9,25,cloud,0.05,0.115,0.06866197183098592,0.5871478873239436,0.34419014084507044,0.7025096343641319,119.19999999999999,1.0
9,25,cloud,0.1,0.16,0.11179577464788733,0.5246478873239436,0.363556338028169,0.6408497039195413,112.39999999999999,1.0
9,25,cloud,0.2,0.245,0.16901408450704225,0.43309859154929575,0.397887323943662,0.537738509258389,98.9,1.0
9,25,hera,0.05,0.115,0.06954225352112677,0.5862676056338029,0.34419014084507044,0.7008177460287621,119.19999999999999,0.7513109328610489
9,25,hera,0.1,0.16,0.11179577464788733,0.5246478873239436,0.363556338028169,0.6394397969733998,112.39999999999999,0.7144327689911517
9,25,hera,0.2,0.245,0.16901408450704225,0.43309859154929575,0.397887323943662,0.5370805526835228,98.9,0.6549110624487593
9,50,edge,0.05,0.135,0.025528169014084508,0.7394366197183099,0.23503521126760563,0.8615471378888994,144.8,0.0
9,50,edge,0.1,0.265,0.05721830985915493,0.6056338028169014,0.3371478873239437,0.7438669047842842,121.4,0.0
9,50,edge,0.2,0.445,0.1875,0.4163732394366197,0.3961267605633803,0.5788137982893129,97.6,0.0
9,50,cloud,0.05,0.105,0.06514084507042253,0.596830985915493,0.3380281690140845,0.7198044929034684,122.9,1.0
9,50,cloud,0.1,0.17,0.11619718309859155,0.5149647887323944,0.36883802816901406,0.6286305103863145,110.99999999999997,1.0
9,50,cloud,0.2,0.295,0.22095070422535212,0.37764084507042256,0.4014084507042254,0.48594792743678916,93.6,1.0
9,50,hera,0.05,0.105,0.06602112676056338,0.5950704225352113,0.3389084507042254,0.718018610771689,122.4,0.7603309521279976
9,50,hera,0.1,0.17,0.11619718309859155,0.5149647887323944,0.36883802816901406,0.6271266096437635,110.99999999999997,0.70680075047482
9,50,hera,0.2,0.295,0.22095070422535212,0.37588028169014087,0.40316901408450706,0.48463201428705704,92.99999999999999,0.6240255112841245
9,100,edge,0.05,0.26,0.05457746478873239,0.6100352112676056,0.335387323943662,0.7480026318262994,122.2,0.0
9,100,edge,0.1,0.35,0.1056338028169014,0.5255281690140845,0.36883802816901406,0.6690478428423724,107.9,0.0
9,100,edge,0.2,0.46,0.20422535211267606,0.40316901408450706,0.3926056338028169,0.5661246357740389,96.9,0.0
9,100,cloud,0.05,0.11,0.06602112676056338,0.5924295774647887,0.3415492957746479,0.7113450512266191,121.0,1.0
9,100,cloud,0.1,0.17,0.11619718309859155,0.5149647887323944,0.36883802816901406,0.6286305103863145,110.99999999999997,1.0
9,100,cloud,0.2,0.285,0.20862676056338028,0.3899647887323944,0.4014084507042254,0.49553529467055174,94.80000000000001,1.0
9,100,hera,0.05,0.11,0.06690140845070422,0.590669014084507,0.34242957746478875,0.7097471566876586,120.6,0.7556681442279295
9,100,hera,0.1,0.17,0.11619718309859155,0.5149647887323944,0.36883802816901406,0.6271266096437635,110.99999999999997,0.70680075047482
9,100,hera,0.2,0.285,0.20862676056338028,0.3882042253521127,0.40316901408450706,0.4944073691136385,94.0,0.6299408999371342
9,200,edge,0.05,0.23,0.045774647887323945,0.6390845070422535,0.31514084507042256,0.7738509258388946,127.5,0.0
9,200,edge,0.1,0.315,0.08538732394366197,0.5589788732394366,0.35563380281690143,0.6992198514898017,114.20000000000002,0.0
9,200,edge,0.2,0.45,0.1936619718309859,0.4102112676056338,0.3961267605633803,0.5754300216185732,96.80000000000001,0.0
9,200,cloud,0.05,0.095,0.06338028169014084,0.6126760563380281,0.323943661971831,0.736723376257167,126.1,1.0
9,200,cloud,0.1,0.14,0.09507042253521127,0.5528169014084507,0.352112676056338,0.6676379358962309,115.20000000000002,1.0
9,200,cloud,0.2,0.255,0.18309859154929578,0.41813380281690143,0.3987676056338028,0.5273051978569414,97.6,1.0
9,200,hera,0.05,0.095,0.06426056338028169,0.6117957746478874,0.323943661971831,0.7347495065325689,125.60000000000001,0.7696260858036211
9,200,hera,0.1,0.14,0.09595070422535211,0.5519366197183099,0.352112676056338,0.6654760785788137,115.20000000000002,0.7299019819336499
9,200,hera,0.2,0.255,0.18309859154929578,0.41813380281690143,0.3987676056338028,0.5264592536892565,97.6,0.6485150794307809
9,500,edge,0.05,0.205,0.04225352112676056,0.6584507042253521,0.2992957746478873,0.799323244665852,132.5,0.0
9,500,edge,0.1,0.305,0.07746478873239436,0.5633802816901409,0.3591549295774648,0.7073033179810132,114.8,0.0
9,500,edge,0.2,0.465,0.20774647887323944,0.39524647887323944,0.3970070422535211,0.5609549769715199,95.9,0.0
9,500,cloud,0.05,0.075,0.04665492957746479,0.6434859154929577,0.30985915492957744,0.7733809568568475,130.2,1.0
9,500,cloud,0.1,0.14,0.09507042253521127,0.5528169014084507,0.352112676056338,0.6676379358962309,115.20000000000002,1.0
9,500,cloud,0.2,0.265,0.19190140845070422,0.4102112676056338,0.397887323943662,0.5183757871980449,97.59999999999997,1.0
9,500,hera,0.05,0.075,0.04753521126760563,0.6426056338028169,0.30985915492957744,0.7705611429645643,130.2,0.7896348570631603
9,500,hera,0.1,0.14,0.09595070422535211,0.5519366197183099,0.352112676056338,0.6654760785788137,115.20000000000002,0.7299019819336499
9,500,hera,0.2,0.265,0.19190140845070422,0.4102112676056338,0.397887323943662,0.5174358492339506,97.59999999999997,0.6419475170624196
9,1000,edge,0.05,0.21,0.043133802816901406,0.6558098591549296,0.301056338028169,0.7942475796597425,130.60000000000002,0.0
9,1000,edge,0.1,0.33,0.09683098591549295,0.5431338028169014,0.3600352112676056,0.6863427013817088,112.49999999999999,0.0
9,1000,edge,0.2,0.47,0.20950704225352113,0.3908450704225352,0.3996478873239437,0.5547513864084971,94.5,0.0
9,1000,cloud,0.05,0.075,0.04665492957746479,0.6434859154929577,0.30985915492957744,0.7733809568568475,130.2,1.0
9,1000,cloud,0.1,0.145,0.10123239436619719,0.545774647887324,0.3529929577464789,0.6604944073691137,113.19999999999999,1.0
9,1000,cloud,0.2,0.28,0.20158450704225353,0.39348591549295775,0.40492957746478875,0.5012689162515274,95.0,1.0
9,1000,hera,0.05,0.075,0.04753521126760563,0.6426056338028169,0.30985915492957744,0.7705611429645643,130.2,0.7896348570631603
9,1000,hera,0.1,0.145,0.10123239436619719,0.545774647887324,0.3529929577464789,0.6586145314409249,113.19999999999999,0.7258014718258948
9,1000,hera,0.2,0.275,0.19982394366197184,0.397887323943662,0.4022887323943662,0.5055926308863615,95.4,0.6361303238223593
9,0,edge_fixed0.5,,0.5,0.23503521126760563,0.3644366197183099,0.4005281690140845,0.5261772723000282,92.39999999999999,0.0
9,0,cloud_fixed0.5,,0.5,0.4084507042253521,0.2068661971830986,0.3846830985915493,0.2876210170128771,72.5,1.0
10,12,edge,0.05,0.01,0.0044014084507042256,0.8794014084507042,0.11619718309859155,0.9784754206222389,182.0,0.0
10,12,edge,0.1,0.32,0.08450704225352113,0.5563380281690141,0.3591549295774648,0.6996898204718489,115.2,0.0
10,12,edge,0.2,0.39,0.12764084507042253,0.5026408450704225,0.36971830985915494,0.6310743490929599,108.4,0.0
10,12,cloud,0.05,0.01,0.00528169014084507,0.789612676056338,0.2051056338028169,0.9625904690290441,161.2,1.0
10,12,cloud,0.1,0.13,0.08362676056338028,0.5757042253521126,0.34066901408450706,0.6827709371181502,122.4,1.0
10,12,cloud,0.2,0.17,0.11179577464788733,0.5360915492957746,0.352112676056338,0.6254347213083936,115.4,1.0
10,12,hera,0.05,0.01,0.007042253521126761,0.7887323943661971,0.20422535211267606,0.9570448350408873,161.2,0.8942450222430778
10,12,hera,0.1,0.13,0.08450704225352113,0.5748239436619719,0.34066901408450706,0.6808910611899615,122.0,0.7396156282257749
10,12,hera,0.2,0.17,0.11179577464788733,0.5360915492957746,0.352112676056338,0.6237428329730238,115.19999999999999,0.7083226338869462
10,25,edge,0.05,0.21,0.0448943661971831,0.6558098591549296,0.2992957746478873,0.7980073315161199,132.0,0.0
10,25,edge,0.1,0.275,0.06778169014084508,0.596830985915493,0.335387323943662,0.7371933452392142,121.6,0.0
10,25,edge,0.2,0.49,0.2130281690140845,0.4005281690140845,0.386443661971831,0.5343547325876492,97.7,0.0
10,25,cloud,0.05,0.055,0.032570422535211266,0.6892605633802817,0.27816901408450706,0.81802801015133,138.6,1.0
10,25,cloud,0.1,0.13,0.08362676056338028,0.5757042253521126,0.34066901408450706,0.6827709371181502,122.4,1.0
10,25,cloud,0.2,0.29,0.20158450704225353,0.4022887323943662,0.3961267605633803,0.4880157909577968,96.6,1.0
10,25,hera,0.05,0.055,0.03345070422535211,0.6883802816901409,0.27816901408450706,0.8155841714446846,138.6,0.8131718474942621
10,25,hera,0.1,0.13,0.08450704225352113,0.5748239436619719,0.34066901408450706,0.6808910611899615,122.0,0.7396156282257749
10,25,hera,0.2,0.29,0.20246478873239437,0.4014084507042254,0.3961267605633803,0.4866058840116552,96.6,0.6291310183277724
10,50,edge,0.05,0.265,0.061619718309859156,0.6073943661971831,0.33098591549295775,0.7465927248801579,122.8,0.0
10,50,edge,0.1,0.32,0.08450704225352113,0.5563380281690141,0.3591549295774648,0.6996898204718489,115.2,0.0
10,50,edge,0.2,0.445,0.176056338028169,0.44630281690140844,0.37764084507042256,0.5774978851395808,102.6,0.0
10,50,cloud,0.05,0.055,0.032570422535211266,0.6892605633802817,0.27816901408450706,0.81802801015133,138.6,1.0
10,50,cloud,0.1,0.17,0.11179577464788733,0.5360915492957746,0.352112676056338,0.6254347213083936,115.4,1.0
10,50,cloud,0.2,0.3,0.20774647887323944,0.3899647887323944,0.4022887323943662,0.4775824795563493,94.5,1.0
10,50,hera,0.05,0.055,0.03345070422535211,0.6883802816901409,0.27816901408450706,0.8155841714446846,138.6,0.8131718474942621
10,50,hera,0.1,0.17,0.11179577464788733,0.5360915492957746,0.352112676056338,0.6237428329730238,115.19999999999999,0.7083226338869462
10,50,hera,0.2,0.3,0.20862676056338028,0.3890845070422535,0.4022887323943662,0.4763605602030266,94.2,0.6232613536744034
10,100,edge,0.05,0.265,0.061619718309859156,0.6073943661971831,0.33098591549295775,0.7465927248801579,122.8,0.0
10,100,edge,0.1,0.32,0.08450704225352113,0.5563380281690141,0.3591549295774648,0.6996898204718489,115.2,0.0
10,100,edge,0.2,0.445,0.176056338028169,0.44630281690140844,0.37764084507042256,0.5774978851395808,102.6,0.0
10,100,cloud,0.05,0.065,0.03697183098591549,0.6681338028169014,0.2948943661971831,0.7954694990130652,136.1,1.0
10,100,cloud,0.1,0.16,0.1056338028169014,0.5422535211267606,0.352112676056338,0.6386878466021243,116.69999999999999,1.0
10,100,cloud,0.2,0.305,0.20950704225352113,0.386443661971831,0.4040492957746479,0.47269480214305853,93.89999999999999,1.0
10,100,hera,0.05,0.065,0.03873239436619718,0.6663732394366197,0.2948943661971831,0.7932136478992386,136.1,0.8013763728899141
10,100,hera,0.1,0.16,0.1056338028169014,0.5422535211267606,0.352112676056338,0.6369959582667544,116.4,0.7158016969285926
10,100,hera,0.2,0.305,0.21038732394366197,0.386443661971831,0.40316901408450706,0.471284895196917,93.79999999999998,0.6203749581597393
10,200,edge,0.05,0.23,0.04841549295774648,0.6311619718309859,0.3204225352112676,0.7793965598270514,128.2,0.0
10,200,edge,0.1,0.32,0.08450704225352113,0.5563380281690141,0.3591549295774648,0.6996898204718489,115.2,0.0
10,200,edge,0.2,0.465,0.19718309859154928,0.4234154929577465,0.37940140845070425,0.55926308863615,100.8,0.0
10,200,cloud,0.05,0.04,0.01936619718309859,0.7139084507042254,0.26672535211267606,0.8574114108468841,144.29999999999998,1.0
10,200,cloud,0.1,0.14,0.09507042253521127,0.5651408450704225,0.3397887323943662,0.6679199172854592,121.39999999999999,1.0
10,200,cloud,0.2,0.285,0.19718309859154928,0.40669014084507044,0.3961267605633803,0.493655418742363,97.0,1.0
10,200,hera,0.05,0.04,0.022007042253521125,0.7121478873239436,0.2658450704225352,0.8541216279725539,144.6,0.8325476610436623
10,200,hera,0.1,0.14,0.09595070422535211,0.5651408450704225,0.3389084507042254,0.6660400413572705,121.19999999999999,0.7311658295507214
10,200,hera,0.2,0.285,0.19806338028169015,0.40580985915492956,0.3961267605633803,0.4924334993890403,96.8,0.6321543758668842
10,500,edge,0.05,0.195,0.04225352112676056,0.6698943661971831,0.2878521126760563,0.8103205188457562,134.10000000000002,0.0
10,500,edge,0.1,0.31,0.08098591549295775,0.5704225352112676,0.3485915492957746,0.7074913055738321,116.6,0.0
10,500,edge,0.2,0.445,0.176056338028169,0.44630281690140844,0.37764084507042256,0.5774978851395808,102.6,0.0
10,500,cloud,0.05,0.065,0.03697183098591549,0.6681338028169014,0.2948943661971831,0.7954694990130652,136.1,1.0
10,500,cloud,0.1,0.14,0.09507042253521127,0.5651408450704225,0.3397887323943662,0.6679199172854592,121.39999999999999,1.0
10,500,cloud,0.2,0.27,0.18045774647887325,0.4234154929577465,0.3961267605633803,0.5107622896888805,99.2,1.0
10,500,hera,0.05,0.065,0.03873239436619718,0.6663732394366197,0.2948943661971831,0.7932136478992386,136.1,0.8013763728899141
10,500,hera,0.1,0.14,0.09595070422535211,0.5651408450704225,0.3389084507042254,0.6660400413572705,121.19999999999999,0.7311658295507214
10,500,hera,0.2,0.27,0.1813380281690141,0.4225352112676056,0.3961267605633803,0.5101043331140145,99.1,0.6412249463714417
10,1000,edge,0.05,0.21,0.0448943661971831,0.6558098591549296,0.2992957746478873,0.7980073315161199,132.0,0.0
10,1000,edge,0.1,0.32,0.08450704225352113,0.5563380281690141,0.3591549295774648,0.6996898204718489,115.2,0.0
10,1000,edge,0.2,0.465,0.19718309859154928,0.4234154929577465,0.37940140845070425,0.55926308863615,100.8,0.0
10,1000,cloud,0.05,0.07,0.03961267605633803,0.6619718309859155,0.2984154929577465,0.7834382930726572,135.4,1.0
10,1000,cloud,0.1,0.14,0.09507042253521127,0.5651408450704225,0.3397887323943662,0.6679199172854592,121.39999999999999,1.0
10,1000,cloud,0.2,0.26,0.17077464788732394,0.43838028169014087,0.3908450704225352,0.5193157251621393,99.80000000000001,1.0
10,1000,hera,0.05,0.065,0.03873239436619718,0.6663732394366197,0.2948943661971831,0.7932136478992386,136.1,0.8013763728899141
10,1000,hera,0.1,0.14,0.09595070422535211,0.5651408450704225,0.3389084507042254,0.6660400413572705,121.19999999999999,0.7311658295507214
10,1000,hera,0.2,0.26,0.17165492957746478,0.4375,0.3908450704225352,0.5185637747908638,99.80000000000001,0.6472769815602081
10,0,edge_fixed0.5,,0.5,0.21919014084507044,0.39524647887323944,0.3855633802816901,0.523545446000564,97.0,0.0
10,0,cloud_fixed0.5,,0.5,0.39172535211267606,0.22887323943661972,0.37940140845070425,0.2870570542344205,74.20000000000002,1.0
11,12,edge,0.05,0.01,0.0035211267605633804,0.8697183098591549,0.1267605633802817,0.9796033461791521,178.70000000000002,0.0
11,12,edge,0.1,0.415,0.16285211267605634,0.4727112676056338,0.3644366197183099,0.6074819061941912,105.39999999999999,0.0
11,12,edge,0.2,0.435,0.1857394366197183,0.4515845070422535,0.3626760563380282,0.5873672337625717,103.6,0.0
11,12,cloud,0.05,0.01,0.0044014084507042256,0.7922535211267606,0.20334507042253522,0.9622144938434063,157.8,1.0
11,12,cloud,0.1,0.125,0.08098591549295775,0.5713028169014085,0.3477112676056338,0.6888805338847636,120.4,1.0
11,12,cloud,0.2,0.185,0.1311619718309859,0.5193661971830986,0.3494718309859155,0.6081398627690573,112.6,1.0
11,12,hera,0.05,0.01,0.00528169014084507,0.7904929577464789,0.20422535211267606,0.9565748660588401,157.8,0.8943725409751389
11,12,hera,0.1,0.125,0.08098591549295775,0.5704225352112676,0.3485915492957746,0.6867186765673465,120.4,0.743937857776255
11,12,hera,0.2,0.185,0.1311619718309859,0.5193661971830986,0.3494718309859155,0.606353980637278,112.6,0.6970381244696049
11,25,edge,0.05,0.165,0.03873239436619718,0.6971830985915493,0.2640845070422535,0.8341009493373437,142.7,0.0
11,25,edge,0.1,0.415,0.16285211267605634,0.4727112676056338,0.3644366197183099,0.6074819061941912,105.39999999999999,0.0
11,25,edge,0.2,0.49,0.22975352112676056,0.39524647887323944,0.375,0.533226807030736,99.2,0.0
11,25,cloud,0.05,0.115,0.07570422535211267,0.5871478873239436,0.3371478873239437,0.7043895102923207,122.69999999999999,1.0
11,25,cloud,0.1,0.125,0.08098591549295775,0.5713028169014085,0.3477112676056338,0.6888805338847636,120.4,1.0
11,25,cloud,0.2,0.245,0.17869718309859156,0.4551056338028169,0.36619718309859156,0.5364225961086568,103.60000000000001,1.0
11,25,hera,0.05,0.115,0.07570422535211267,0.5862676056338029,0.3380281690140845,0.7022276529749036,122.5,0.7524563512134622
11,25,hera,0.1,0.125,0.08098591549295775,0.5704225352112676,0.3485915492957746,0.6867186765673465,120.4,0.743937857776255
11,25,hera,0.2,0.245,0.17869718309859156,0.4551056338028169,0.36619718309859156,0.5355766519409719,103.60000000000001,0.656298739572063
11,50,edge,0.05,0.265,0.0721830985915493,0.6161971830985915,0.31161971830985913,0.7448068427483786,124.49999999999999,0.0
11,50,edge,0.1,0.38,0.13468309859154928,0.5008802816901409,0.3644366197183099,0.640567722530313,108.60000000000001,0.0
11,50,edge,0.2,0.49,0.22975352112676056,0.39524647887323944,0.375,0.533226807030736,99.2,0.0
11,50,cloud,0.05,0.125,0.08098591549295775,0.5713028169014085,0.3477112676056338,0.6888805338847636,120.4,1.0
11,50,cloud,0.1,0.195,0.1382042253521127,0.5123239436619719,0.3494718309859155,0.5950747250681455,110.8,1.0
11,50,cloud,0.2,0.28,0.2051056338028169,0.4137323943661972,0.38116197183098594,0.4978851395807877,99.19999999999999,1.0
11,50,hera,0.05,0.125,0.08098591549295775,0.5704225352112676,0.3485915492957746,0.6867186765673465,120.4,0.743937857776255
11,50,hera,0.1,0.195,0.1382042253521127,0.5123239436619719,0.3494718309859155,0.5934768305291851,110.8,0.6899943017101976
11,50,hera,0.2,0.28,0.2051056338028169,0.4137323943661972,0.38116197183098594,0.49685120782028386,99.19999999999999,0.6342165967608254
11,100,edge,0.05,0.32,0.0994718309859155,0.5528169014084507,0.3477112676056338,0.6942381802801015,117.2,0.0
11,100,edge,0.1,0.36,0.12411971830985916,0.5158450704225352,0.3600352112676056,0.6588965128301532,112.4,0.0
11,100,edge,0.2,0.47,0.2112676056338028,0.4137323943661972,0.375,0.5532474856659461,100.10000000000002,0.0
11,100,cloud,0.05,0.115,0.07570422535211267,0.5871478873239436,0.3371478873239437,0.7043895102923207,122.69999999999999,1.0
11,100,cloud,0.1,0.175,0.12411971830985916,0.528169014084507,0.3477112676056338,0.6199830811166464,113.4,1.0
11,100,cloud,0.2,0.28,0.2051056338028169,0.4137323943661972,0.38116197183098594,0.4978851395807877,99.19999999999999,1.0
11,100,hera,0.05,0.115,0.07570422535211267,0.5862676056338029,0.3380281690140845,0.7022276529749036,122.5,0.7524563512134622
11,100,hera,0.1,0.175,0.12411971830985916,0.528169014084507,0.3477112676056338,0.6178212237992292,113.4,0.7045240325479303
11,100,hera,0.2,0.28,0.2051056338028169,0.4137323943661972,0.38116197183098594,0.49685120782028386,99.19999999999999,0.6342165967608254
11,200,edge,0.05,0.32,0.0994718309859155,0.5528169014084507,0.3477112676056338,0.6942381802801015,117.2,0.0
11,200,edge,0.1,0.38,0.13468309859154928,0.5008802816901409,0.3644366197183099,0.640567722530313,108.60000000000001,0.0
11,200,edge,0.2,0.49,0.22975352112676056,0.39524647887323944,0.375,0.533226807030736,99.2,0.0
11,200,cloud,0.05,0.115,0.07570422535211267,0.5871478873239436,0.3371478873239437,0.7043895102923207,122.69999999999999,1.0
11,200,cloud,0.1,0.205,0.14524647887323944,0.5035211267605634,0.3512323943661972,0.5841714446846508,109.4,1.0
11,200,cloud,0.2,0.33,0.25264084507042256,0.3670774647887324,0.38028169014084506,0.4490083654478804,94.6,1.0
11,200,hera,0.05,0.115,0.07570422535211267,0.5862676056338029,0.3380281690140845,0.7022276529749036,122.5,0.7524563512134622
11,200,hera,0.1,0.205,0.14524647887323944,0.5026408450704225,0.352112676056338,0.582479556349281,109.4,0.6829728207230056
11,200,hera,0.2,0.33,0.25616197183098594,0.3653169014084507,0.3785211267605634,0.4471284895196917,94.80000000000001,0.6046482493018913
11,500,edge,0.05,0.255,0.06778169014084508,0.6241197183098591,0.30809859154929575,0.7541122285929128,125.6,0.0
11,500,edge,0.1,0.36,0.12411971830985916,0.5158450704225352,0.3600352112676056,0.6588965128301532,112.4,0.0
11,500,edge,0.2,0.5,0.23943661971830985,0.3882042253521127,0.37235915492957744,0.5218535576651941,98.19999999999999,0.0
11,500,cloud,0.05,0.09,0.05985915492957746,0.6294014084507042,0.3107394366197183,0.746404737287339,127.89999999999999,1.0
11,500,cloud,0.1,0.145,0.10035211267605634,0.5536971830985915,0.3459507042253521,0.6597424569978382,117.9,1.0
11,500,cloud,0.2,0.3,0.22799295774647887,0.3926056338028169,0.37940140845070425,0.477958454741987,97.20000000000002,1.0
11,500,hera,0.05,0.09,0.05985915492957746,0.6285211267605634,0.31161971830985913,0.7440548923771031,127.69999999999999,0.7752075447448392
11,500,hera,0.1,0.145,0.10035211267605634,0.5536971830985915,0.3459507042253521,0.6578625810696495,117.9,0.7274955421569834
11,500,hera,0.2,0.3,0.22799295774647887,0.3926056338028169,0.37940140845070425,0.4763605602030266,97.20000000000002,0.6222213409733443
11,1000,edge,0.05,0.26,0.06866197183098592,0.6214788732394366,0.30985915492957744,0.7496005263652599,124.80000000000001,0.0
11,1000,edge,0.1,0.355,0.12235915492957747,0.5202464788732394,0.3573943661971831,0.6636901964470345,112.99999999999999,0.0
11,1000,edge,0.2,0.48,0.22007042253521128,0.40492957746478875,0.375,0.5445060625998684,99.80000000000001,0.0
11,1000,cloud,0.05,0.08,0.05369718309859155,0.6382042253521126,0.30809859154929575,0.7641695648087227,130.6,1.0
11,1000,cloud,0.1,0.145,0.10035211267605634,0.5536971830985915,0.3459507042253521,0.6597424569978382,117.9,1.0
11,1000,cloud,0.2,0.285,0.2130281690140845,0.4084507042253521,0.3785211267605634,0.49252749318544975,99.19999999999999,1.0
11,1000,hera,0.05,0.08,0.05369718309859155,0.6373239436619719,0.3089788732394366,0.7619137136948961,130.6,0.785142987451079
11,1000,hera,0.1,0.145,0.10035211267605634,0.5536971830985915,0.3459507042253521,0.6578625810696495,117.9,0.7274955421569834
11,1000,hera,0.2,0.28,0.2051056338028169,0.4137323943661972,0.38116197183098594,0.49685120782028386,99.19999999999999,0.6342165967608254
11,0,edge_fixed0.5,,0.5,0.23943661971830985,0.3882042253521127,0.37235915492957744,0.5218535576651941,98.19999999999999,0.0
11,0,cloud_fixed0.5,,0.5,0.40757042253521125,0.2262323943661972,0.36619718309859156,0.28611711627032616,77.19999999999999,1.0
12,12,edge,0.05,0.01,0.0008802816901408451,0.8811619718309859,0.11795774647887323,0.97828743302942,181.20000000000002,0.0
12,12,edge,0.1,0.03,0.0044014084507042256,0.8459507042253521,0.14964788732394366,0.9588307171726667,173.0,0.0
12,12,edge,0.2,0.17,0.037852112676056336,0.7033450704225352,0.25880281690140844,0.8280853463671398,141.0,0.0
12,12,cloud,0.05,0.01,0.0035211267605633804,0.8045774647887324,0.19190140845070422,0.9606165993044459,163.0,1.0
12,12,cloud,0.1,0.02,0.008802816901408451,0.7684859154929577,0.2227112676056338,0.9206692358304351,154.2,1.0
12,12,cloud,0.2,0.045,0.025528169014084508,0.7183098591549296,0.25616197183098594,0.8441582855531535,142.4,1.0
12,12,hera,0.05,0.01,0.0044014084507042256,0.8028169014084507,0.19278169014084506,0.955916909483974,161.6,0.8948981918497653
12,12,hera,0.1,0.02,0.009683098591549295,0.7676056338028169,0.2227112676056338,0.9161575336027822,154.0,0.8674295309561848
12,12,hera,0.2,0.045,0.02640845070422535,0.7174295774647887,0.25616197183098594,0.8409624964752326,142.5,0.825351622862042
12,25,edge,0.05,0.015,0.0017605633802816902,0.875,0.12323943661971831,0.9736817370053577,179.0,0.0
12,25,edge,0.1,0.03,0.0044014084507042256,0.8459507042253521,0.14964788732394366,0.9588307171726667,173.0,0.0
12,25,edge,0.2,0.265,0.06778169014084508,0.6144366197183099,0.31778169014084506,0.7465927248801579,125.80000000000001,0.0
12,25,cloud,0.05,0.01,0.0035211267605633804,0.8045774647887324,0.19190140845070422,0.9606165993044459,163.0,1.0
12,25,cloud,0.1,0.02,0.008802816901408451,0.7684859154929577,0.2227112676056338,0.9206692358304351,154.2,1.0
12,25,cloud,0.2,0.045,0.025528169014084508,0.7183098591549296,0.25616197183098594,0.8441582855531535,142.4,1.0
12,25,hera,0.05,0.01,0.0044014084507042256,0.8028169014084507,0.19278169014084506,0.955916909483974,161.6,0.8948981918497653
12,25,hera,0.1,0.02,0.009683098591549295,0.7676056338028169,0.2227112676056338,0.9161575336027822,154.0,0.8674295309561848
12,25,hera,0.2,0.045,0.02640845070422535,0.7174295774647887,0.25616197183098594,0.8409624964752326,142.5,0.825351622862042
12,50,edge,0.05,0.03,0.0044014084507042256,0.8459507042253521,0.14964788732394366,0.9588307171726667,173.0,0.0
12,50,edge,0.1,0.17,0.037852112676056336,0.7033450704225352,0.25880281690140844,0.8280853463671398,141.0,0.0
12,50,edge,0.2,0.455,0.18838028169014084,0.42869718309859156,0.3829225352112676,0.5681924992950466,99.4,0.0
12,50,cloud,0.05,0.015,0.007922535211267605,0.7878521126760564,0.20422535211267606,0.9394679951123226,158.60000000000002,1.0
12,50,cloud,0.1,0.04,0.020246478873239437,0.727112676056338,0.25264084507042256,0.8568474480684275,145.0,1.0
12,50,cloud,0.2,0.13,0.0880281690140845,0.5783450704225352,0.3336267605633803,0.6817370053576464,118.79999999999998,1.0
12,50,hera,0.05,0.015,0.008802816901408451,0.7860915492957746,0.2051056338028169,0.934392330106213,158.2,0.8797529751309469
12,50,hera,0.1,0.04,0.02112676056338028,0.7262323943661971,0.25264084507042256,0.8531816900084594,145.0,0.8324498450798722
12,50,hera,0.2,0.13,0.0880281690140845,0.5783450704225352,0.3336267605633803,0.6798571294294576,118.69999999999999,0.7385275897380038
12,100,edge,0.05,0.17,0.037852112676056336,0.7033450704225352,0.25880281690140844,0.8280853463671398,141.0,0.0
12,100,edge,0.1,0.305,0.08626760563380281,0.573943661971831,0.3397887323943662,0.7104991070589342,121.29999999999998,0.0
12,100,edge,0.2,0.475,0.20246478873239437,0.4084507042253521,0.3890845070422535,0.5477958454741987,97.69999999999999,0.0
12,100,cloud,0.05,0.04,0.020246478873239437,0.727112676056338,0.25264084507042256,0.8568474480684275,145.0,1.0
12,100,cloud,0.1,0.095,0.061619718309859156,0.6320422535211268,0.30633802816901406,0.738227276999718,129.3,1.0
12,100,cloud,0.2,0.315,0.23767605633802816,0.37059859154929575,0.39172535211267606,0.46414136666979977,93.4,1.0
12,100,hera,0.05,0.04,0.02112676056338028,0.7262323943661971,0.25264084507042256,0.8531816900084594,145.0,0.8324498450798722
12,100,hera,0.1,0.095,0.061619718309859156,0.6311619718309859,0.30721830985915494,0.7361594134787104,128.70000000000002,0.7695751225077088
12,100,hera,0.2,0.315,0.24031690140845072,0.37059859154929575,0.3890845070422535,0.46282545352006765,93.6,0.6132733913502
12,200,edge,0.05,0.205,0.0448943661971831,0.6742957746478874,0.28080985915492956,0.7981013253125294,135.2,0.0
12,200,edge,0.1,0.36,0.11795774647887323,0.5220070422535211,0.3600352112676056,0.659272488015791,113.19999999999999,0.0
12,200,edge,0.2,0.5,0.2244718309859155,0.386443661971831,0.3890845070422535,0.5228874894256978,95.39999999999998,0.0
12,200,cloud,0.05,0.07,0.045774647887323945,0.6716549295774648,0.28257042253521125,0.7867280759469875,134.8,1.0
12,200,cloud,0.1,0.14,0.0977112676056338,0.5704225352112676,0.33186619718309857,0.6684838800639158,118.00000000000001,1.0
12,200,cloud,0.2,0.315,0.23767605633802816,0.37059859154929575,0.39172535211267606,0.46414136666979977,93.4,1.0
12,200,hera,0.05,0.045,0.02640845070422535,0.7174295774647887,0.25616197183098594,0.8409624964752326,142.5,0.825351622862042
12,200,hera,0.1,0.14,0.0977112676056338,0.5704225352112676,0.33186619718309857,0.6665100103393176,117.8,0.7302792256938879
12,200,hera,0.2,0.315,0.24031690140845072,0.37059859154929575,0.3890845070422535,0.46282545352006765,93.6,0.6132733913502
12,500,edge,0.05,0.26,0.06426056338028169,0.6214788732394366,0.3142605633802817,0.7512924147006298,126.00000000000001,0.0
12,500,edge,0.1,0.365,0.11971830985915492,0.516725352112676,0.363556338028169,0.6544788043989097,112.6,0.0
12,500,edge,0.2,0.485,0.2112676056338028,0.4005281690140845,0.3882042253521127,0.5382084782404362,96.60000000000001,0.0
12,500,cloud,0.05,0.08,0.051056338028169015,0.6496478873239436,0.2992957746478873,0.7664254159225491,132.1,1.0
12,500,cloud,0.1,0.165,0.11707746478873239,0.5369718309859155,0.3459507042253521,0.6331422126139675,114.99999999999999,1.0
12,500,cloud,0.2,0.315,0.23767605633802816,0.37059859154929575,0.39172535211267606,0.46414136666979977,93.4,1.0
12,500,hera,0.05,0.08,0.051056338028169015,0.6487676056338029,0.3001760563380282,0.7639815772159038,132.1,0.7843560524639501
12,500,hera,0.1,0.165,0.11707746478873239,0.5369718309859155,0.3459507042253521,0.6316383118714165,114.99999999999999,0.7110540125865631
12,500,hera,0.2,0.315,0.24031690140845072,0.37059859154929575,0.3890845070422535,0.46282545352006765,93.6,0.6132733913502
12,1000,edge,0.05,0.23,0.05369718309859155,0.6434859154929577,0.3028169014084507,0.7771407087132249,130.2,0.0
12,1000,edge,0.1,0.335,0.10387323943661972,0.5484154929577465,0.3477112676056338,0.6826769433217408,116.2,0.0
12,1000,edge,0.2,0.46,0.19278169014084506,0.4234154929577465,0.38380281690140844,0.5624588777140709,99.59999999999997,0.0
12,1000,cloud,0.05,0.075,0.04753521126760563,0.6628521126760564,0.289612676056338,0.77629476454554,134.2,1.0
12,1000,cloud,0.1,0.145,0.10387323943661972,0.5598591549295775,0.3362676056338028,0.6601184321834759,117.30000000000001,1.0
12,1000,cloud,0.2,0.29,0.21919014084507044,0.3899647887323944,0.3908450704225352,0.4910235924428988,96.0,1.0
12,1000,hera,0.05,0.075,0.04753521126760563,0.6610915492957746,0.2913732394366197,0.7738509258388946,133.8,0.7896479454327641
12,1000,hera,0.1,0.145,0.10387323943661972,0.5598591549295775,0.3362676056338028,0.6584265438481061,117.10000000000001,0.7263649775140718
12,1000,hera,0.2,0.29,0.22007042253521128,0.3890845070422535,0.3908450704225352,0.4898956668859855,95.69999999999999,0.6277370288675155
12,0,edge_fixed0.5,,0.5,0.2244718309859155,0.386443661971831,0.3890845070422535,0.5228874894256978,95.39999999999998,0.0
12,0,cloud_fixed0.5,,0.5,0.4154929577464789,0.22183098591549297,0.3626760563380282,0.2844252279349563,76.30000000000001,1.0
13,12,edge,0.05,0.01,0.002640845070422535,0.8705985915492958,0.1267605633802817,0.9771595074725068,183.4,0.0
13,12,edge,0.1,0.205,0.04753521126760563,0.6663732394366197,0.2860915492957746,0.801485101983269,138.6,0.0
13,12,edge,0.2,0.425,0.16549295774647887,0.48151408450704225,0.3529929577464789,0.5970485947927436,111.0,0.0
13,12,cloud,0.05,0.01,0.0044014084507042256,0.8019366197183099,0.1936619718309859,0.961932512454178,163.2,1.0
13,12,cloud,0.1,0.265,0.18838028169014084,0.44190140845070425,0.36971830985915494,0.5135821035811636,102.2,1.0
13,12,cloud,0.2,0.265,0.18838028169014084,0.44190140845070425,0.36971830985915494,0.5135821035811636,102.2,1.0
13,12,hera,0.05,0.01,0.006161971830985915,0.8001760563380281,0.1936619718309859,0.9561048970767929,163.2,0.8941539166907184
13,12,hera,0.1,0.265,0.18838028169014084,0.44014084507042256,0.3714788732394366,0.5124541780242504,102.1,0.6443368525595932
13,12,hera,0.2,0.265,0.18838028169014084,0.44014084507042256,0.3714788732394366,0.5124541780242504,102.1,0.6443368525595932
13,25,edge,0.05,0.12,0.022007042253521125,0.7579225352112676,0.22007042253521128,0.8780900460569603,151.79999999999998,0.0
13,25,edge,0.1,0.12,0.022007042253521125,0.7579225352112676,0.22007042253521128,0.8780900460569603,151.79999999999998,0.0
13,25,edge,0.2,0.45,0.1857394366197183,0.45774647887323944,0.35651408450704225,0.5717642635586051,108.0,0.0
13,25,cloud,0.05,0.04,0.022887323943661973,0.7262323943661971,0.25088028169014087,0.8611711627032616,146.5,1.0
13,25,cloud,0.1,0.075,0.04841549295774648,0.6602112676056338,0.2913732394366197,0.7745088824137607,135.8,1.0
13,25,cloud,0.2,0.265,0.18838028169014084,0.44190140845070425,0.36971830985915494,0.5135821035811636,102.2,1.0
13,25,hera,0.05,0.04,0.02464788732394366,0.7262323943661971,0.24911971830985916,0.8576933922361124,146.7,0.8325628344226693
13,25,hera,0.1,0.075,0.05017605633802817,0.6602112676056338,0.289612676056338,0.7719710499107059,135.8,0.790725290601471
13,25,hera,0.2,0.265,0.18838028169014084,0.44014084507042256,0.3714788732394366,0.5124541780242504,102.1,0.6443368525595932
13,50,edge,0.05,0.065,0.014084507042253521,0.7992957746478874,0.18661971830985916,0.9308205658426544,164.1,0.0
13,50,edge,0.1,0.205,0.04753521126760563,0.6663732394366197,0.2860915492957746,0.801485101983269,138.6,0.0
13,50,edge,0.2,0.525,0.24911971830985916,0.3890845070422535,0.3617957746478873,0.4979791333771971,98.60000000000001,0.0
13,50,cloud,0.05,0.01,0.0044014084507042256,0.8019366197183099,0.1936619718309859,0.961932512454178,163.2,1.0
13,50,cloud,0.1,0.135,0.09330985915492958,0.5783450704225352,0.3283450704225352,0.6722436319202932,122.4,1.0
13,50,cloud,0.2,0.265,0.18838028169014084,0.44190140845070425,0.36971830985915494,0.5135821035811636,102.2,1.0
13,50,hera,0.05,0.01,0.006161971830985915,0.8001760563380281,0.1936619718309859,0.9561048970767929,163.2,0.8941539166907184
13,50,hera,0.1,0.135,0.09419014084507042,0.5774647887323944,0.3283450704225352,0.6699877808064668,122.19999999999999,0.7361684652341354
13,50,hera,0.2,0.265,0.18838028169014084,0.44014084507042256,0.3714788732394366,0.5124541780242504,102.1,0.6443368525595932
13,100,edge,0.05,0.12,0.022007042253521125,0.7579225352112676,0.22007042253521128,0.8780900460569603,151.79999999999998,0.0
13,100,edge,0.1,0.28,0.07570422535211267,0.6038732394366197,0.3204225352112676,0.7324936554187423,128.70000000000002,0.0
13,100,edge,0.2,0.45,0.1857394366197183,0.45774647887323944,0.35651408450704225,0.5717642635586051,108.0,0.0
13,100,cloud,0.05,0.04,0.022887323943661973,0.7262323943661971,0.25088028169014087,0.8611711627032616,146.5,1.0
13,100,cloud,0.1,0.11,0.07570422535211267,0.608274647887324,0.3160211267605634,0.7095591690948397,128.60000000000002,1.0
13,100,cloud,0.2,0.235,0.16461267605633803,0.47183098591549294,0.363556338028169,0.5434721308393646,104.59999999999997,1.0
13,100,hera,0.05,0.035,0.023767605633802816,0.7359154929577465,0.24031690140845072,0.8699125857693393,147.79999999999998,0.8400542832777516
13,100,hera,0.1,0.11,0.07658450704225352,0.608274647887324,0.31514084507042256,0.707679293166651,128.6,0.7571120013367223
13,100,hera,0.2,0.235,0.16461267605633803,0.4709507042253521,0.3644366197183099,0.5425321928752702,104.59999999999997,0.663698484017736
13,200,edge,0.05,0.15,0.030809859154929578,0.727112676056338,0.2420774647887324,0.8508318450982235,146.2,0.0
13,200,edge,0.1,0.32,0.09242957746478873,0.5651408450704225,0.34242957746478875,0.6974339693580224,121.80000000000001,0.0
13,200,edge,0.2,0.475,0.20774647887323944,0.43838028169014087,0.3538732394366197,0.5482658144562459,105.9,0.0
13,200,cloud,0.05,0.04,0.022887323943661973,0.7262323943661971,0.25088028169014087,0.8611711627032616,146.5,1.0
13,200,cloud,0.1,0.12,0.0801056338028169,0.5933098591549296,0.3265845070422535,0.6937682112980543,124.2,1.0
13,200,cloud,0.2,0.285,0.2068661971830986,0.41813380281690143,0.375,0.49149356142494594,100.60000000000001,1.0
13,200,hera,0.05,0.04,0.02464788732394366,0.7262323943661971,0.24911971830985916,0.8576933922361124,146.7,0.8325628344226693
13,200,hera,0.1,0.12,0.08098591549295775,0.5933098591549296,0.3257042253521127,0.6918883353698656,124.1,0.7485566520766295
13,200,hera,0.2,0.285,0.20774647887323944,0.41725352112676056,0.375,0.4900836544788044,100.4,0.6322329538509913
13,500,edge,0.05,0.23,0.05369718309859155,0.6487676056338029,0.2975352112676056,0.7765767459347683,135.2,0.0
13,500,edge,0.1,0.35,0.11003521126760564,0.5404929577464789,0.3494718309859155,0.6701757683992856,119.0,0.0
13,500,edge,0.2,0.465,0.19630281690140844,0.4454225352112676,0.35827464788732394,0.5575712003007801,106.80000000000001,0.0
13,500,cloud,0.05,0.07,0.04665492957746479,0.6681338028169014,0.2852112676056338,0.7849421938152082,136.79999999999998,1.0
13,500,cloud,0.1,0.125,0.08450704225352113,0.5871478873239436,0.3283450704225352,0.6857787386032522,123.50000000000001,1.0
13,500,cloud,0.2,0.265,0.18838028169014084,0.44190140845070425,0.36971830985915494,0.5135821035811636,102.2,1.0
13,500,hera,0.05,0.065,0.04401408450704225,0.6795774647887324,0.2764084507042254,0.7945295610489708,138.1,0.8013199249697024
13,500,hera,0.1,0.125,0.08538732394366197,0.5862676056338029,0.3283450704225352,0.6837108750822446,123.39999999999999,0.7444915464309453
13,500,hera,0.2,0.265,0.18838028169014084,0.44014084507042256,0.3714788732394366,0.5124541780242504,102.1,0.6443368525595932
13,1000,edge,0.05,0.24,0.05985915492957746,0.6426056338028169,0.2975352112676056,0.7682112980543284,134.10000000000002,0.0
13,1000,edge,0.1,0.35,0.11003521126760564,0.5404929577464789,0.3494718309859155,0.6701757683992856,119.0,0.0
13,1000,edge,0.2,0.48,0.21214788732394366,0.43309859154929575,0.35475352112676056,0.5439420998214118,104.4,0.0
13,1000,cloud,0.05,0.08,0.051056338028169015,0.647887323943662,0.301056338028169,0.7641695648087227,134.8,1.0
13,1000,cloud,0.1,0.145,0.10211267605633803,0.5651408450704225,0.33274647887323944,0.6588965128301532,119.9,1.0
13,1000,cloud,0.2,0.28,0.20246478873239437,0.4234154929577465,0.37411971830985913,0.49769715198796877,100.60000000000001,1.0
13,1000,hera,0.05,0.08,0.0528169014084507,0.647887323943662,0.2992957746478873,0.7617257261020772,134.8,0.7857216942176823
13,1000,hera,0.1,0.145,0.10211267605633803,0.5651408450704225,0.33274647887323944,0.6570166369019644,119.80000000000001,0.7279285145646074
13,1000,hera,0.2,0.28,0.20334507042253522,0.4225352112676056,0.37411971830985913,0.4964752326346461,100.60000000000001,0.6353476708896986
13,0,edge_fixed0.5,,0.5,0.22799295774647887,0.414612676056338,0.3573943661971831,0.5242973963718395,102.39999999999998,0.0
13,0,cloud_fixed0.5,,0.5,0.4084507042253521,0.2367957746478873,0.35475352112676056,0.2874330294200583,79.30000000000001,1.0
14,12,edge,0.05,0.01,0.002640845070422535,0.8723591549295775,0.125,0.9799793213647899,182.6,0.0
14,12,edge,0.1,0.19,0.04929577464788732,0.6795774647887324,0.2711267605633803,0.813516307923677,136.89999999999998,0.0
14,12,edge,0.2,0.36,0.1073943661971831,0.5193661971830986,0.3732394366197183,0.6587085252373344,110.19999999999999,0.0
14,12,cloud,0.05,0.01,0.0044014084507042256,0.7940140845070423,0.20158450704225353,0.9633424194003196,163.60000000000002,1.0
14,12,cloud,0.1,0.085,0.061619718309859156,0.6320422535211268,0.30633802816901406,0.75627408591033,131.2,1.0
14,12,cloud,0.2,0.39,0.2904929577464789,0.2984154929577465,0.4110915492957746,0.3858445342607388,80.99999999999999,1.0
14,12,hera,0.05,0.01,0.00528169014084507,0.7931338028169014,0.20158450704225353,0.9585487357834382,163.3,0.895604613751443
14,12,hera,0.1,0.085,0.061619718309859156,0.6311619718309859,0.30721830985915494,0.753924241000094,131.2,0.7810979938980155
14,12,hera,0.2,0.385,0.2878521126760563,0.30369718309859156,0.4084507042253521,0.39054422408121064,81.39999999999998,0.5750622940925271
14,25,edge,0.05,0.19,0.04929577464788732,0.6795774647887324,0.2711267605633803,0.813516307923677,136.89999999999998,0.0
14,25,edge,0.1,0.36,0.1073943661971831,0.5193661971830986,0.3732394366197183,0.6587085252373344,110.19999999999999,0.0
14,25,edge,0.2,0.545,0.2596830985915493,0.34330985915492956,0.3970070422535211,0.4689350502866811,89.6,0.0
14,25,cloud,0.05,0.085,0.061619718309859156,0.6320422535211268,0.30633802816901406,0.75627408591033,131.2,1.0
14,25,cloud,0.1,0.36,0.2623239436619718,0.3265845070422535,0.4110915492957746,0.41564056772253033,84.49999999999999,1.0
14,25,cloud,0.2,0.465,0.3714788732394366,0.23591549295774647,0.3926056338028169,0.31713506908544037,75.4,1.0
14,25,hera,0.05,0.085,0.061619718309859156,0.6311619718309859,0.30721830985915494,0.753924241000094,131.2,0.7810979938980155
14,25,hera,0.1,0.36,0.26672535211267606,0.3248239436619718,0.4084507042253521,0.41479462355484537,84.6,0.5884893891089328
14,25,hera,0.2,0.425,0.3301056338028169,0.27024647887323944,0.3996478873239437,0.3507848482000188,78.19999999999999,0.5548703544574877
14,50,edge,0.05,0.35,0.10211267605633803,0.5308098591549296,0.3670774647887324,0.6688598552495535,111.9,0.0
14,50,edge,0.1,0.5,0.21742957746478872,0.39172535211267606,0.3908450704225352,0.5179998120124072,96.00000000000001,0.0
14,50,edge,0.2,0.565,0.28433098591549294,0.31338028169014087,0.4022887323943662,0.4460945577591879,87.80000000000001,0.0
14,50,cloud,0.05,0.15,0.10123239436619719,0.539612676056338,0.3591549295774648,0.6523169470814926,115.00000000000001,1.0
14,50,cloud,0.1,0.28,0.19278169014084506,0.3926056338028169,0.414612676056338,0.49638123883823665,93.0,1.0
14,50,cloud,0.2,0.39,0.2904929577464789,0.2984154929577465,0.4110915492957746,0.3858445342607388,80.99999999999999,1.0
14,50,hera,0.05,0.15,0.10123239436619719,0.539612676056338,0.3591549295774648,0.6506250587461228,115.0,0.7238414213199779
14,50,hera,0.1,0.28,0.19454225352112675,0.3908450704225352,0.414612676056338,0.4954413008741423,93.0,0.6347313399358014
14,50,hera,0.2,0.39,0.29401408450704225,0.2966549295774648,0.40933098591549294,0.38499859009305387,81.1,0.5725190988990637
14,100,edge,0.05,0.35,0.10211267605633803,0.5308098591549296,0.3670774647887324,0.6688598552495535,111.9,0.0
14,100,edge,0.1,0.45,0.17693661971830985,0.4234154929577465,0.3996478873239437,0.5693204248519598,100.00000000000001,0.0
14,100,edge,0.2,0.555,0.2720070422535211,0.3274647887323944,0.4005281690140845,0.4585017388852336,88.39999999999998,0.0
14,100,cloud,0.05,0.235,0.15316901408450703,0.4533450704225352,0.39348591549295775,0.5441300874142306,101.1,1.0
14,100,cloud,0.1,0.28,0.19278169014084506,0.3926056338028169,0.414612676056338,0.49638123883823665,93.0,1.0
14,100,cloud,0.2,0.41,0.3107394366197183,0.2869718309859155,0.4022887323943662,0.3675157439608986,78.39999999999999,1.0
14,100,hera,0.05,0.235,0.15404929577464788,0.4524647887323944,0.39348591549295775,0.5430961556537268,101.19999999999999,0.6629847486240803
14,100,hera,0.1,0.28,0.19454225352112675,0.3908450704225352,0.414612676056338,0.4954413008741423,93.0,0.6347313399358014
14,100,hera,0.2,0.4,0.30633802816901406,0.29313380281690143,0.4005281690140845,0.3754112228592913,80.99999999999999,0.5673382935421323
14,200,edge,0.05,0.3,0.07746478873239436,0.573943661971831,0.3485915492957746,0.7145408403045399,118.1,0.0
14,200,edge,0.1,0.41,0.1426056338028169,0.4727112676056338,0.3846830985915493,0.6092677883259705,104.7,0.0
14,200,edge,0.2,0.51,0.22535211267605634,0.37764084507042256,0.3970070422535211,0.5075665006109596,94.4,0.0
14,200,cloud,0.05,0.125,0.08450704225352113,0.5660211267605634,0.3494718309859155,0.6871886455493937,119.6,1.0
14,200,cloud,0.1,0.235,0.15316901408450703,0.4533450704225352,0.39348591549295775,0.5441300874142306,101.1,1.0
14,200,cloud,0.2,0.36,0.2623239436619718,0.3265845070422535,0.4110915492957746,0.41564056772253033,84.49999999999999,1.0
14,200,hera,0.05,0.12,0.0818661971830986,0.5757042253521126,0.34242957746478875,0.6925462919447316,121.0,0.748584365331981
14,200,hera,0.1,0.235,0.15404929577464788,0.4524647887323944,0.39348591549295775,0.5430961556537268,101.19999999999999,0.6629847486240803
14,200,hera,0.2,0.36,0.26672535211267606,0.3248239436619718,0.4084507042253521,0.41479462355484537,84.6,0.5884893891089328
14,500,edge,0.05,0.23,0.05545774647887324,0.6461267605633803,0.2984154929577465,0.7764827521383588,128.8,0.0
14,500,edge,0.1,0.355,0.10475352112676056,0.5246478873239436,0.37059859154929575,0.6640661716326722,110.99999999999997,0.0
14,500,edge,0.2,0.475,0.198943661971831,0.40669014084507044,0.39436619718309857,0.5455399943603723,97.40000000000002,0.0
14,500,cloud,0.05,0.09,0.06426056338028169,0.6294014084507042,0.30633802816901406,0.7469687000657956,130.6,1.0
14,500,cloud,0.1,0.14,0.09507042253521127,0.5492957746478874,0.35563380281690143,0.6649121158003571,118.4,1.0
14,500,cloud,0.2,0.28,0.19278169014084506,0.3926056338028169,0.414612676056338,0.49638123883823665,93.0,1.0
14,500,hera,0.05,0.085,0.061619718309859156,0.6311619718309859,0.30721830985915494,0.753924241000094,131.2,0.7810979938980155
14,500,hera,0.1,0.14,0.09507042253521127,0.5492957746478874,0.35563380281690143,0.6628442522793495,118.20000000000002,0.7315357613024155
14,500,hera,0.2,0.28,0.19454225352112675,0.3908450704225352,0.414612676056338,0.4954413008741423,93.0,0.6347313399358014
14,1000,edge,0.05,0.23,0.05545774647887324,0.6461267605633803,0.2984154929577465,0.7764827521383588,128.8,0.0
14,1000,edge,0.1,0.325,0.0897887323943662,0.551056338028169,0.3591549295774648,0.6922643105555033,114.9,0.0
14,1000,edge,0.2,0.465,0.19278169014084506,0.4128521126760563,0.39436619718309857,0.5539994360372216,97.60000000000001,0.0
14,1000,cloud,0.05,0.08,0.056338028169014086,0.6382042253521126,0.30545774647887325,0.7668953849045963,132.4,1.0
14,1000,cloud,0.1,0.14,0.09507042253521127,0.5492957746478874,0.35563380281690143,0.6649121158003571,118.4,1.0
14,1000,cloud,0.2,0.265,0.18045774647887325,0.4119718309859155,0.40757042253521125,0.5125481718206598,96.39999999999999,1.0
14,1000,hera,0.05,0.08,0.056338028169014086,0.6373239436619719,0.30633802816901406,0.7646395337907698,132.4,0.7860446078292811
14,1000,hera,0.1,0.14,0.09507042253521127,0.5492957746478874,0.35563380281690143,0.6628442522793495,118.20000000000002,0.7315357613024155
14,1000,hera,0.2,0.265,0.1813380281690141,0.4110915492957746,0.40757042253521125,0.511514240060156,96.30000000000001,0.6437267664092413
14,0,edge_fixed0.5,,0.5,0.21742957746478872,0.39172535211267606,0.3908450704225352,0.5179998120124072,96.00000000000001,0.0
14,0,cloud_fixed0.5,,0.5,0.40492957746478875,0.21742957746478872,0.37764084507042256,0.2832033085816336,72.4,1.0
15,12,edge,0.05,0.01,0.002640845070422535,0.8714788732394366,0.12588028169014084,0.9774414888617351,179.6,0.0
15,12,edge,0.1,0.14,0.028169014084507043,0.7244718309859155,0.24735915492957747,0.8622990882601749,144.2,0.0
15,12,edge,0.2,0.185,0.043133802816901406,0.6716549295774648,0.2852112676056338,0.8215997744148886,136.0,0.0
15,12,cloud,0.05,0.01,0.0035211267605633804,0.7887323943661971,0.20774647887323944,0.9639063821787762,159.79999999999998,1.0
15,12,cloud,0.1,0.04,0.020246478873239437,0.7112676056338029,0.26848591549295775,0.8620171068709466,144.0,1.0
15,12,cloud,0.2,0.085,0.05369718309859155,0.6267605633802817,0.31954225352112675,0.7586239308205659,130.2,1.0
15,12,hera,0.05,0.01,0.0044014084507042256,0.7878521126760564,0.20774647887323944,0.9578907792085722,159.60000000000002,0.8942705594213132
15,12,hera,0.1,0.04,0.022007042253521125,0.7095070422535211,0.26848591549295775,0.8588213177930256,144.0,0.8326301577088333
15,12,hera,0.2,0.085,0.05457746478873239,0.6258802816901409,0.31954225352112675,0.7560860983175111,130.29999999999998,0.781119748169803
15,25,edge,0.05,0.14,0.028169014084507043,0.7244718309859155,0.24735915492957747,0.8622990882601749,144.2,0.0
15,25,edge,0.1,0.185,0.043133802816901406,0.6716549295774648,0.2852112676056338,0.8215997744148886,136.0,0.0
15,25,edge,0.2,0.405,0.1443661971830986,0.4788732394366197,0.3767605633802817,0.6173512548171821,106.5,0.0
15,25,cloud,0.05,0.04,0.020246478873239437,0.7112676056338029,0.26848591549295775,0.8620171068709466,144.0,1.0
15,25,cloud,0.1,0.05,0.03345070422535211,0.6866197183098591,0.27992957746478875,0.835228874894257,139.5,1.0
15,25,cloud,0.2,0.17,0.11267605633802817,0.5184859154929577,0.36883802816901406,0.6320142870570542,113.20000000000002,1.0
15,25,hera,0.05,0.04,0.022007042253521125,0.7095070422535211,0.26848591549295775,0.8588213177930256,144.0,0.8326301577088333
15,25,hera,0.1,0.05,0.03433098591549296,0.6857394366197183,0.27992957746478875,0.8328790299840211,139.6,0.8190798512347814
15,25,hera,0.2,0.17,0.11267605633802817,0.5184859154929577,0.36883802816901406,0.6305103863145033,113.1,0.708669761594797
15,50,edge,0.05,0.025,0.00528169014084507,0.8397887323943662,0.15492957746478872,0.9642823573644139,172.2,0.0
15,50,edge,0.1,0.24,0.05457746478873239,0.6223591549295775,0.3230633802816901,0.7720650437071154,126.19999999999999,0.0
15,50,edge,0.2,0.46,0.19190140845070422,0.4198943661971831,0.3882042253521127,0.5643387536422596,99.19999999999999,0.0
15,50,cloud,0.05,0.01,0.0035211267605633804,0.7887323943661971,0.20774647887323944,0.9639063821787762,159.79999999999998,1.0
15,50,cloud,0.1,0.085,0.05369718309859155,0.6267605633802817,0.31954225352112675,0.7586239308205659,130.2,1.0
15,50,cloud,0.2,0.25,0.16637323943661972,0.4392605633802817,0.39436619718309857,0.5390544224081211,100.20000000000002,1.0
15,50,hera,0.05,0.01,0.0044014084507042256,0.7878521126760564,0.20774647887323944,0.9578907792085722,159.60000000000002,0.8942705594213132
15,50,hera,0.1,0.085,0.05457746478873239,0.6258802816901409,0.31954225352112675,0.7560860983175111,130.29999999999998,0.781119748169803
15,50,hera,0.2,0.25,0.1681338028169014,0.4392605633802817,0.3926056338028169,0.5381144844440267,100.20000000000002,0.653745869487409
15,100,edge,0.05,0.15,0.029049295774647887,0.715669014084507,0.25528169014084506,0.853933640379735,142.2,0.0
15,100,edge,0.1,0.24,0.05457746478873239,0.6223591549295775,0.3230633802816901,0.7720650437071154,126.19999999999999,0.0
15,100,edge,0.2,0.405,0.1443661971830986,0.4788732394366197,0.3767605633802817,0.6173512548171821,106.5,0.0
15,100,cloud,0.05,0.05,0.03345070422535211,0.6866197183098591,0.27992957746478875,0.835228874894257,139.5,1.0
15,100,cloud,0.1,0.09,0.056338028169014086,0.6214788732394366,0.3221830985915493,0.7478146442334805,127.9,1.0
15,100,cloud,0.2,0.25,0.16637323943661972,0.4392605633802817,0.39436619718309857,0.5390544224081211,100.20000000000002,1.0
15,100,hera,0.05,0.05,0.03433098591549296,0.6857394366197183,0.27992957746478875,0.8328790299840211,139.6,0.8190798512347814
15,100,hera,0.1,0.09,0.05721830985915493,0.6205985915492958,0.3221830985915493,0.7456527869160635,127.8,0.7760951329295812
15,100,hera,0.2,0.25,0.1681338028169014,0.4392605633802817,0.3926056338028169,0.5381144844440267,100.20000000000002,0.653745869487409
15,200,edge,0.05,0.185,0.043133802816901406,0.6716549295774648,0.2852112676056338,0.8215997744148886,136.0,0.0
15,200,edge,0.1,0.32,0.08538732394366197,0.5422535211267606,0.37235915492957744,0.6987498825077545,115.99999999999999,0.0
15,200,edge,0.2,0.47,0.2007042253521127,0.4110915492957746,0.3882042253521127,0.553435473258765,97.60000000000001,0.0
15,200,cloud,0.05,0.055,0.03697183098591549,0.676056338028169,0.2869718309859155,0.8221637371933452,138.4,1.0
15,200,cloud,0.1,0.11,0.06690140845070422,0.5985915492957746,0.3345070422535211,0.7132249271548078,124.9,1.0
15,200,cloud,0.2,0.27,0.19014084507042253,0.41901408450704225,0.3908450704225352,0.5181877996052261,99.59999999999998,1.0
15,200,hera,0.05,0.055,0.037852112676056336,0.6751760563380281,0.2869718309859155,0.819531910893881,138.20000000000002,0.8131654968081796
15,200,hera,0.1,0.11,0.06778169014084508,0.596830985915493,0.335387323943662,0.7119090140050757,124.00000000000001,0.7576279750896725
15,200,hera,0.2,0.27,0.19102112676056338,0.41813380281690143,0.3908450704225352,0.5173418554375411,99.59999999999997,0.6412643205111587
15,500,edge,0.05,0.225,0.0528169014084507,0.6329225352112676,0.3142605633802817,0.785976125575712,128.6,0.0
15,500,edge,0.1,0.32,0.08538732394366197,0.5422535211267606,0.37235915492957744,0.6987498825077545,115.99999999999999,0.0
15,500,edge,0.2,0.49,0.21919014084507044,0.39524647887323944,0.3855633802816901,0.5348247015696964,96.79999999999998,0.0
15,500,cloud,0.05,0.065,0.040492957746478875,0.6637323943661971,0.29577464788732394,0.8004511702227654,135.60000000000002,1.0
15,500,cloud,0.1,0.125,0.07922535211267606,0.5686619718309859,0.352112676056338,0.6903844346273146,120.19999999999999,1.0
15,500,cloud,0.2,0.27,0.19014084507042253,0.41901408450704225,0.3908450704225352,0.5181877996052261,99.59999999999998,1.0
15,500,hera,0.05,0.065,0.043133802816901406,0.6619718309859155,0.2948943661971831,0.7981013253125294,135.8,0.8016699320516786
15,500,hera,0.1,0.125,0.0801056338028169,0.5686619718309859,0.3512323943661972,0.6894444966632203,120.19999999999999,0.7443414305659571
15,500,hera,0.2,0.27,0.19102112676056338,0.41813380281690143,0.3908450704225352,0.5173418554375411,99.59999999999997,0.6412643205111587
15,1000,edge,0.05,0.23,0.05457746478873239,0.6294014084507042,0.3160211267605634,0.7805244853839647,127.8,0.0
15,1000,edge,0.1,0.32,0.08538732394366197,0.5422535211267606,0.37235915492957744,0.6987498825077545,115.99999999999999,0.0
15,1000,edge,0.2,0.475,0.20950704225352113,0.40669014084507044,0.38380281690140844,0.5496757214023874,97.6,0.0
15,1000,cloud,0.05,0.075,0.04665492957746479,0.6470070422535211,0.30633802816901406,0.778644609455776,132.8,1.0
15,1000,cloud,0.1,0.135,0.08714788732394366,0.5625,0.3503521126760563,0.6758153961838519,118.8,1.0
15,1000,cloud,0.2,0.28,0.19982394366197184,0.4102112676056338,0.3899647887323944,0.5064385750540464,97.80000000000001,1.0
15,1000,hera,0.05,0.075,0.04841549295774648,0.6452464788732394,0.30633802816901406,0.7760127831563117,132.8,0.7910426812485171
15,1000,hera,0.1,0.135,0.0880281690140845,0.5616197183098591,0.3503521126760563,0.6746874706269386,118.79999999999998,0.7357889371077425
15,1000,hera,0.2,0.28,0.20158450704225353,0.40933098591549294,0.3890845070422535,0.5054046432935426,97.60000000000001,0.6350177389642132
15,0,edge_fixed0.5,,0.5,0.2306338028169014,0.3882042253521127,0.38116197183098594,0.5234514522041546,96.5,0.0
15,0,cloud_fixed0.5,,0.5,0.4119718309859155,0.22007042253521128,0.36795774647887325,0.2882789735877432,74.30000000000001,1.0
16,12,edge,0.05,0.01,0.002640845070422535,0.8688380281690141,0.12852112676056338,0.9756556067299558,181.0,0.0
16,12,edge,0.1,0.3,0.07306338028169014,0.5642605633802817,0.3626760563380282,0.7144468465081305,116.60000000000002,0.0
16,12,edge,0.2,0.395,0.14084507042253522,0.4823943661971831,0.3767605633802817,0.6252467337155748,107.0,0.0
16,12,cloud,0.05,0.01,0.00528169014084507,0.789612676056338,0.2051056338028169,0.9600526365259893,160.1,1.0
16,12,cloud,0.1,0.145,0.0977112676056338,0.5580985915492958,0.34419014084507044,0.6602124259798853,116.2,1.0
16,12,cloud,0.2,0.185,0.11971830985915492,0.5052816901408451,0.375,0.6052260550803646,108.89999999999999,1.0
16,12,hera,0.05,0.01,0.006161971830985915,0.7878521126760564,0.20598591549295775,0.9546949901306514,160.2,0.8939625003220946
16,12,hera,0.1,0.145,0.0977112676056338,0.5580985915492958,0.34419014084507044,0.6581445624588778,116.00000000000001,0.7271586942164768
16,12,hera,0.2,0.185,0.11971830985915492,0.5052816901408451,0.375,0.6036281605414042,108.6,0.6967457826367621
16,25,edge,0.05,0.115,0.01936619718309859,0.7570422535211268,0.22359154929577466,0.880627878560015,148.10000000000002,0.0
16,25,edge,0.1,0.3,0.07306338028169014,0.5642605633802817,0.3626760563380282,0.7144468465081305,116.60000000000002,0.0
16,25,edge,0.2,0.395,0.14084507042253522,0.4823943661971831,0.3767605633802817,0.6252467337155748,107.0,0.0
16,25,cloud,0.05,0.04,0.02640845070422535,0.7165492957746479,0.25704225352112675,0.8581633612181596,145.0,1.0
16,25,cloud,0.1,0.06,0.03873239436619718,0.6786971830985915,0.28257042253521125,0.8060907980073315,136.1,1.0
16,25,cloud,0.2,0.145,0.0977112676056338,0.5580985915492958,0.34419014084507044,0.6602124259798853,116.2,1.0
16,25,hera,0.05,0.035,0.025528169014084508,0.7244718309859155,0.25,0.8685966726196072,146.39999999999998,0.8390446777985433
16,25,hera,0.1,0.06,0.03873239436619718,0.6786971830985915,0.28257042253521125,0.8040229344863239,136.0,0.8061129665768886
16,25,hera,0.2,0.145,0.0977112676056338,0.5580985915492958,0.34419014084507044,0.6581445624588778,116.00000000000001,0.7271586942164768
16,50,edge,0.05,0.13,0.025528169014084508,0.7429577464788732,0.23151408450704225,0.8671867656734655,146.2,0.0
16,50,edge,0.1,0.3,0.07306338028169014,0.5642605633802817,0.3626760563380282,0.7144468465081305,116.60000000000002,0.0
16,50,edge,0.2,0.395,0.14084507042253522,0.4823943661971831,0.3767605633802817,0.6252467337155748,107.0,0.0
16,50,cloud,0.05,0.04,0.02640845070422535,0.7165492957746479,0.25704225352112675,0.8581633612181596,145.0,1.0
16,50,cloud,0.1,0.14,0.09419014084507042,0.5625,0.34330985915492956,0.6683898862675064,117.0,1.0
16,50,cloud,0.2,0.205,0.1311619718309859,0.488556338028169,0.38028169014084506,0.5814456245887771,106.4,1.0
16,50,hera,0.05,0.035,0.025528169014084508,0.7244718309859155,0.25,0.8685966726196072,146.39999999999998,0.8390446777985433
16,50,hera,0.1,0.14,0.09419014084507042,0.5616197183098591,0.34419014084507044,0.665946047560861,117.0,0.7311275081735934
16,50,hera,0.2,0.205,0.1311619718309859,0.4876760563380282,0.38116197183098594,0.5796597424569978,106.2,0.6826355888142389
16,100,edge,0.05,0.185,0.04137323943661972,0.6725352112676056,0.2860915492957746,0.8167120970015979,135.2,0.0
16,100,edge,0.1,0.3,0.07306338028169014,0.5642605633802817,0.3626760563380282,0.7144468465081305,116.60000000000002,0.0
16,100,edge,0.2,0.455,0.19982394366197184,0.42869718309859156,0.3714788732394366,0.5694144186483692,101.8,0.0
16,100,cloud,0.05,0.075,0.04665492957746479,0.653169014084507,0.3001760563380282,0.7730049816712097,132.6,1.0
16,100,cloud,0.1,0.14,0.09419014084507042,0.5625,0.34330985915492956,0.6683898862675064,117.0,1.0
16,100,cloud,0.2,0.265,0.17869718309859156,0.4242957746478873,0.3970070422535211,0.5162139298806279,98.99999999999999,1.0
16,100,hera,0.05,0.075,0.04665492957746479,0.6522887323943662,0.301056338028169,0.7703731553717454,132.39999999999998,0.7899130303948048
16,100,hera,0.1,0.14,0.09419014084507042,0.5616197183098591,0.34419014084507044,0.665946047560861,117.0,0.7311275081735934
16,100,hera,0.2,0.265,0.17869718309859156,0.4234154929577465,0.397887323943662,0.5150860043237147,98.80000000000001,0.6440055886953819
16,200,edge,0.05,0.185,0.04137323943661972,0.6725352112676056,0.2860915492957746,0.8167120970015979,135.2,0.0
16,200,edge,0.1,0.3,0.07306338028169014,0.5642605633802817,0.3626760563380282,0.7144468465081305,116.60000000000002,0.0
16,200,edge,0.2,0.455,0.19982394366197184,0.42869718309859156,0.3714788732394366,0.5694144186483692,101.8,0.0
16,200,cloud,0.05,0.07,0.043133802816901406,0.6602112676056338,0.2966549295774648,0.7830623178870194,133.39999999999998,1.0
16,200,cloud,0.1,0.135,0.09330985915492958,0.5669014084507042,0.3397887323943662,0.6748754582197575,118.79999999999998,1.0
16,200,cloud,0.2,0.23,0.1487676056338028,0.4621478873239437,0.3890845070422535,0.551743584923395,102.6,1.0
16,200,hera,0.05,0.07,0.043133802816901406,0.659330985915493,0.2975352112676056,0.7805244853839647,133.20000000000002,0.7951646820062229
16,200,hera,0.1,0.135,0.09330985915492958,0.5660211267605634,0.34066901408450706,0.6723376257167027,118.6,0.7353334929695846
16,200,hera,0.2,0.23,0.14964788732394366,0.4612676056338028,0.3890845070422535,0.5503336779772535,102.6,0.6660540563111883
16,500,edge,0.05,0.205,0.04401408450704225,0.6540492957746479,0.3019366197183099,0.7994172384622615,130.60000000000002,0.0
16,500,edge,0.1,0.31,0.0818661971830986,0.5563380281690141,0.3617957746478873,0.7043895102923207,116.4,0.0
16,500,edge,0.2,0.455,0.19982394366197184,0.42869718309859156,0.3714788732394366,0.5694144186483692,101.8,0.0
16,500,cloud,0.05,0.075,0.04665492957746479,0.653169014084507,0.3001760563380282,0.7730049816712097,132.6,1.0
16,500,cloud,0.1,0.135,0.09330985915492958,0.5669014084507042,0.3397887323943662,0.6748754582197575,118.79999999999998,1.0
16,500,cloud,0.2,0.25,0.15845070422535212,0.4410211267605634,0.4005281690140845,0.5315349186953661,99.80000000000001,1.0
16,500,hera,0.05,0.075,0.04665492957746479,0.6522887323943662,0.301056338028169,0.7703731553717454,132.39999999999998,0.7899130303948048
16,500,hera,0.1,0.135,0.09330985915492958,0.5660211267605634,0.34066901408450706,0.6723376257167027,118.6,0.7353334929695846
16,500,hera,0.2,0.25,0.15845070422535212,0.44014084507042256,0.4014084507042254,0.5305949807312718,99.79999999999998,0.6534000346331953
16,1000,edge,0.05,0.205,0.04401408450704225,0.6540492957746479,0.3019366197183099,0.7994172384622615,130.60000000000002,0.0
16,1000,edge,0.1,0.32,0.08626760563380281,0.545774647887324,0.36795774647887325,0.694990130651377,114.10000000000001,0.0
16,1000,edge,0.2,0.485,0.22007042253521128,0.397887323943662,0.38204225352112675,0.5403703355578532,97.8,0.0
16,1000,cloud,0.05,0.075,0.04665492957746479,0.653169014084507,0.3001760563380282,0.7730049816712097,132.6,1.0
16,1000,cloud,0.1,0.14,0.09419014084507042,0.5625,0.34330985915492956,0.6683898862675064,117.0,1.0
16,1000,cloud,0.2,0.27,0.18309859154929578,0.41725352112676056,0.3996478873239437,0.5100103393176051,98.7,1.0
16,1000,hera,0.05,0.075,0.04665492957746479,0.6522887323943662,0.301056338028169,0.7703731553717454,132.39999999999998,0.7899130303948048
16,1000,hera,0.1,0.135,0.09330985915492958,0.5660211267605634,0.34066901408450706,0.6723376257167027,118.6,0.7353334929695846
16,1000,hera,0.2,0.27,0.18309859154929578,0.4154929577464789,0.4014084507042254,0.5091643951499201,97.9,0.6410970374430757
16,0,edge_fixed0.5,,0.5,0.23327464788732394,0.3846830985915493,0.38204225352112675,0.5244853839646584,96.2,0.0
16,0,cloud_fixed0.5,,0.5,0.40492957746478875,0.2130281690140845,0.38204225352112675,0.29156875646207353,72.30000000000001,1.0
17,12,edge,0.05,0.01,0.0008802816901408451,0.8767605633802817,0.12235915492957747,0.9783814268258295,184.4,0.0
17,12,edge,0.1,0.27,0.061619718309859156,0.6161971830985915,0.3221830985915493,0.7426449854309616,127.60000000000001,0.0
17,12,edge,0.2,0.32,0.08362676056338028,0.5686619718309859,0.3477112676056338,0.695648087226243,120.39999999999999,0.0
17,12,cloud,0.05,0.01,0.002640845070422535,0.8001760563380281,0.19718309859154928,0.9624024814362252,166.8,1.0
17,12,cloud,0.1,0.05,0.02992957746478873,0.7086267605633803,0.261443661971831,0.8341009493373437,146.4,1.0
17,12,cloud,0.2,0.14,0.08626760563380281,0.5818661971830986,0.33186619718309857,0.6707397311777422,122.4,1.0
17,12,hera,0.05,0.01,0.0035211267605633804,0.7992957746478874,0.19718309859154928,0.9569508412444778,166.5,0.8944986942902349
17,12,hera,0.1,0.05,0.030809859154929578,0.7086267605633803,0.2605633802816901,0.8316571106306984,146.4,0.8198003845152763
17,12,hera,0.2,0.14,0.08714788732394366,0.5809859154929577,0.33186619718309857,0.6687658614531441,122.4,0.7323288294385292
17,25,edge,0.05,0.135,0.02464788732394366,0.7491197183098591,0.2262323943661972,0.8641789641883636,151.59999999999997,0.0
17,25,edge,0.1,0.27,0.061619718309859156,0.6161971830985915,0.3221830985915493,0.7426449854309616,127.60000000000001,0.0
17,25,edge,0.2,0.32,0.08362676056338028,0.5686619718309859,0.3477112676056338,0.695648087226243,120.39999999999999,0.0
17,25,cloud,0.05,0.04,0.02112676056338028,0.7306338028169014,0.2482394366197183,0.8603252185355766,149.29999999999998,1.0
17,25,cloud,0.1,0.04,0.02112676056338028,0.7306338028169014,0.2482394366197183,0.8603252185355766,149.29999999999998,1.0
17,25,cloud,0.2,0.225,0.14524647887323944,0.4964788732394366,0.35827464788732394,0.557759187893599,108.19999999999999,1.0
17,25,hera,0.05,0.04,0.022887323943661973,0.7297535211267606,0.24735915492957747,0.8570354356612464,149.39999999999998,0.8332021803453509
17,25,hera,0.1,0.04,0.022887323943661973,0.7297535211267606,0.24735915492957747,0.8570354356612464,149.39999999999998,0.8332021803453509
17,25,hera,0.2,0.225,0.14524647887323944,0.49471830985915494,0.3600352112676056,0.5566312623366858,108.19999999999999,0.6709895390139045
17,50,edge,0.05,0.135,0.02464788732394366,0.7491197183098591,0.2262323943661972,0.8641789641883636,151.59999999999997,0.0
17,50,edge,0.1,0.32,0.08362676056338028,0.5686619718309859,0.3477112676056338,0.695648087226243,120.39999999999999,0.0
17,50,edge,0.2,0.425,0.15404929577464788,0.4753521126760563,0.37059859154929575,0.5970485947927436,108.0,0.0
17,50,cloud,0.05,0.04,0.02112676056338028,0.7306338028169014,0.2482394366197183,0.8603252185355766,149.29999999999998,1.0
17,50,cloud,0.1,0.065,0.03961267605633803,0.6866197183098591,0.2737676056338028,0.7980073315161199,141.2,1.0
17,50,cloud,0.2,0.225,0.14524647887323944,0.4964788732394366,0.35827464788732394,0.557759187893599,108.19999999999999,1.0
17,50,hera,0.05,0.04,0.022887323943661973,0.7297535211267606,0.24735915492957747,0.8570354356612464,149.39999999999998,0.8332021803453509
17,50,hera,0.1,0.065,0.04137323943661972,0.6857394366197183,0.272887323943662,0.7961274555879312,141.2,0.8022615736099792
17,50,hera,0.2,0.225,0.14524647887323944,0.49471830985915494,0.3600352112676056,0.5566312623366858,108.19999999999999,0.6709895390139045
17,100,edge,0.05,0.155,0.03169014084507042,0.721830985915493,0.24647887323943662,0.8465081304633895,147.29999999999998,0.0
17,100,edge,0.1,0.32,0.08362676056338028,0.5686619718309859,0.3477112676056338,0.695648087226243,120.39999999999999,0.0
17,100,edge,0.2,0.455,0.1857394366197183,0.4507042253521127,0.363556338028169,0.5680045117022277,105.6,0.0
17,100,cloud,0.05,0.04,0.02112676056338028,0.7306338028169014,0.2482394366197183,0.8603252185355766,149.29999999999998,1.0
17,100,cloud,0.1,0.12,0.07394366197183098,0.6073943661971831,0.31866197183098594,0.6995958266754394,126.1,1.0
17,100,cloud,0.2,0.265,0.17869718309859156,0.44630281690140844,0.375,0.5181877996052261,102.4,1.0
17,100,hera,0.05,0.04,0.022887323943661973,0.7297535211267606,0.24735915492957747,0.8570354356612464,149.39999999999998,0.8332021803453509
17,100,hera,0.1,0.12,0.07482394366197183,0.6073943661971831,0.31778169014084506,0.6982799135257073,126.00000000000001,0.7491965869641254
17,100,hera,0.2,0.265,0.17869718309859156,0.44630281690140844,0.375,0.5171538678447223,102.39999999999999,0.6455209454693597
17,200,edge,0.05,0.24,0.05193661971830986,0.6434859154929577,0.3045774647887324,0.770279161575336,132.39999999999998,0.0
17,200,edge,0.1,0.29,0.06514084507042253,0.5977112676056338,0.3371478873239437,0.7230002819813892,124.70000000000002,0.0
17,200,edge,0.2,0.43,0.1602112676056338,0.4709507042253521,0.36883802816901406,0.5925368925650907,108.2,0.0
17,200,cloud,0.05,0.075,0.0448943661971831,0.6725352112676056,0.28257042253521125,0.7759187893599022,137.8,1.0
17,200,cloud,0.1,0.12,0.07394366197183098,0.6073943661971831,0.31866197183098594,0.6995958266754394,126.1,1.0
17,200,cloud,0.2,0.245,0.15933098591549297,0.46919014084507044,0.3714788732394366,0.5374565278691606,105.0,1.0
17,200,hera,0.05,0.075,0.04665492957746479,0.6716549295774648,0.28169014084507044,0.7738509258388946,137.8,0.7916261070532242
17,200,hera,0.1,0.12,0.07482394366197183,0.6073943661971831,0.31778169014084506,0.6982799135257073,126.00000000000001,0.7491965869641254
17,200,hera,0.2,0.245,0.15933098591549297,0.46919014084507044,0.3714788732394366,0.5366105837014757,105.0,0.658285745568841
17,500,edge,0.05,0.235,0.05193661971830986,0.647887323943662,0.3001760563380282,0.7749788513958079,133.6,0.0
17,500,edge,0.1,0.325,0.0880281690140845,0.5616197183098591,0.3503521126760563,0.6923583043519128,119.3,0.0
17,500,edge,0.2,0.5,0.22975352112676056,0.40933098591549294,0.3609154929577465,0.5200676755334148,101.20000000000002,0.0
17,500,cloud,0.05,0.08,0.04841549295774648,0.6628521126760564,0.2887323943661972,0.7671773662938246,136.79999999999998,1.0
17,500,cloud,0.1,0.145,0.09242957746478873,0.573943661971831,0.3336267605633803,0.6641601654290816,121.00000000000001,1.0
17,500,cloud,0.2,0.27,0.18397887323943662,0.44190140845070425,0.37411971830985913,0.5126421656170693,102.4,1.0
17,500,hera,0.05,0.08,0.05017605633802817,0.6628521126760564,0.2869718309859155,0.7648275213835887,136.8,0.7865278744743952
17,500,hera,0.1,0.145,0.09242957746478873,0.573943661971831,0.3336267605633803,0.6624682770937118,120.60000000000001,0.7283402713603678
17,500,hera,0.2,0.27,0.18397887323943662,0.4410211267605634,0.375,0.5116082338565655,102.39999999999999,0.642712422263599
17,1000,edge,0.05,0.22,0.045774647887323945,0.6619718309859155,0.29225352112676056,0.7891719146536329,135.70000000000002,0.0
17,1000,edge,0.1,0.325,0.0880281690140845,0.5616197183098591,0.3503521126760563,0.6923583043519128,119.3,0.0
17,1000,edge,0.2,0.47,0.19982394366197184,0.4357394366197183,0.3644366197183099,0.5522135539054422,102.99999999999999,0.0
17,1000,cloud,0.05,0.08,0.04841549295774648,0.6628521126760564,0.2887323943661972,0.7671773662938246,136.79999999999998,1.0
17,1000,cloud,0.1,0.14,0.08626760563380281,0.5818661971830986,0.33186619718309857,0.6707397311777422,122.4,1.0
17,1000,cloud,0.2,0.28,0.19278169014084506,0.4269366197183099,0.38028169014084506,0.501174922455118,101.20000000000002,1.0
17,1000,hera,0.05,0.08,0.05017605633802817,0.6628521126760564,0.2869718309859155,0.7648275213835887,136.8,0.7865278744743952
17,1000,hera,0.1,0.14,0.08714788732394366,0.5809859154929577,0.33186619718309857,0.6687658614531441,122.4,0.7323288294385292
17,1000,hera,0.2,0.28,0.19278169014084506,0.4251760563380282,0.38204225352112675,0.5000469968982048,101.00000000000001,0.636729810577483
17,0,edge_fixed0.5,,0.5,0.22975352112676056,0.40933098591549294,0.3609154929577465,0.5200676755334148,101.20000000000002,0.0
17,0,cloud_fixed0.5,,0.5,0.3899647887323944,0.24119718309859156,0.36883802816901406,0.29072281229438857,79.4,1.0
18,12,edge,0.05,0.01,0.002640845070422535,0.8670774647887324,0.13028169014084506,0.9777234702509634,183.4,0.0
18,12,edge,0.1,0.38,0.11883802816901408,0.5061619718309859,0.375,0.6406617163267224,108.60000000000002,0.0
18,12,edge,0.2,0.54,0.261443661971831,0.3591549295774648,0.37940140845070425,0.4775824795563493,93.6,0.0
18,12,cloud,0.05,0.01,0.0035211267605633804,0.789612676056338,0.2068661971830986,0.9621205000469969,163.70000000000002,1.0
18,12,cloud,0.1,0.23,0.15316901408450703,0.4841549295774648,0.3626760563380282,0.553435473258765,108.0,1.0
18,12,cloud,0.2,0.29,0.1954225352112676,0.4154929577464789,0.3890845070422535,0.4874518281793402,98.1,1.0
18,12,hera,0.05,0.01,0.00528169014084507,0.7878521126760564,0.2068661971830986,0.9568568474480684,163.70000000000002,0.8945459967058331
18,12,hera,0.1,0.23,0.15316901408450703,0.4841549295774648,0.3626760563380282,0.5524955352946705,108.0,0.6652852314921858
18,12,hera,0.2,0.29,0.19630281690140844,0.4128521126760563,0.3908450704225352,0.4863239026224269,97.79999999999998,0.6281225863490901
18,25,edge,0.05,0.01,0.002640845070422535,0.8670774647887324,0.13028169014084506,0.9777234702509634,183.4,0.0
18,25,edge,0.1,0.38,0.11883802816901408,0.5061619718309859,0.375,0.6406617163267224,108.60000000000002,0.0
18,25,edge,0.2,0.59,0.3257042253521127,0.29225352112676056,0.38204225352112675,0.4193063257824984,87.80000000000001,0.0
18,25,cloud,0.05,0.03,0.014964788732394365,0.7341549295774648,0.25088028169014087,0.8877714070871322,147.6,1.0
18,25,cloud,0.1,0.23,0.15316901408450703,0.4841549295774648,0.3626760563380282,0.553435473258765,108.0,1.0
18,25,cloud,0.2,0.31,0.21654929577464788,0.3970070422535211,0.386443661971831,0.46733715574772067,96.6,1.0
18,25,hera,0.05,0.02,0.01232394366197183,0.7517605633802817,0.23591549295774647,0.9181314033273804,152.6,0.8669820611770668
18,25,hera,0.1,0.23,0.15316901408450703,0.4841549295774648,0.3626760563380282,0.5524955352946705,108.0,0.6652852314921858
18,25,hera,0.2,0.31,0.21654929577464788,0.3961267605633803,0.3873239436619718,0.4659272488015791,96.5,0.6162018872201273
18,50,edge,0.05,0.125,0.023767605633802816,0.7544014084507042,0.22183098591549297,0.8705705423442053,150.4,0.0
18,50,edge,0.1,0.41,0.14524647887323944,0.47975352112676056,0.375,0.6113356518469781,104.80000000000001,0.0
18,50,edge,0.2,0.6,0.3345070422535211,0.2790492957746479,0.386443661971831,0.4082150578061848,83.99999999999999,0.0
18,50,cloud,0.05,0.07,0.04137323943661972,0.6566901408450704,0.3019366197183099,0.7857881379828932,134.6,1.0
18,50,cloud,0.1,0.255,0.16285211267605634,0.4586267605633803,0.3785211267605634,0.525707303317981,102.79999999999998,1.0
18,50,cloud,0.2,0.445,0.3380281690140845,0.261443661971831,0.4005281690140845,0.3334899896606824,81.40000000000002,1.0
18,50,hera,0.05,0.07,0.04401408450704225,0.6566901408450704,0.2992957746478873,0.7838142682582949,134.70000000000002,0.7952624079310129
18,50,hera,0.1,0.255,0.16285211267605634,0.4586267605633803,0.3785211267605634,0.525049346743115,102.79999999999998,0.6494530287031034
18,50,hera,0.2,0.445,0.34242957746478875,0.2596830985915493,0.397887323943662,0.3328320330858163,81.6,0.5449555595759601
18,100,edge,0.05,0.155,0.03345070422535211,0.7183098591549296,0.2482394366197183,0.8437823103675157,145.1,0.0
18,100,edge,0.1,0.32,0.08714788732394366,0.5589788732394366,0.3538732394366197,0.6947081492621487,116.80000000000001,0.0
18,100,edge,0.2,0.54,0.261443661971831,0.3591549295774648,0.37940140845070425,0.4775824795563493,93.6,0.0
18,100,cloud,0.05,0.055,0.03609154929577465,0.6848591549295775,0.2790492957746479,0.8184039853369678,139.2,1.0
18,100,cloud,0.1,0.25,0.15669014084507044,0.4621478873239437,0.38116197183098594,0.5320988814738228,103.3,1.0
18,100,cloud,0.2,0.335,0.23503521126760563,0.37059859154929575,0.39436619718309857,0.44261678729203874,94.0,1.0
18,100,hera,0.05,0.055,0.03697183098591549,0.6848591549295775,0.27816901408450706,0.8162421280195508,139.2,0.8121242372803953
18,100,hera,0.1,0.25,0.15669014084507044,0.4621478873239437,0.38116197183098594,0.5313469311025473,103.3,0.6525373292561014
18,100,hera,0.2,0.335,0.23767605633802816,0.36971830985915494,0.3926056338028169,0.441394867938716,94.2,0.6020387817596783
18,200,edge,0.05,0.225,0.05457746478873239,0.6522887323943662,0.29313380281690143,0.7813704295516496,133.60000000000002,0.0
18,200,edge,0.1,0.32,0.08714788732394366,0.5589788732394366,0.3538732394366197,0.6947081492621487,116.80000000000001,0.0
18,200,edge,0.2,0.47,0.19454225352112675,0.414612676056338,0.3908450704225352,0.5518375787198045,98.19999999999999,0.0
18,200,cloud,0.05,0.075,0.0448943661971831,0.6452464788732394,0.30985915492957744,0.7751668389886267,134.6,1.0
18,200,cloud,0.1,0.23,0.15316901408450703,0.4841549295774648,0.3626760563380282,0.553435473258765,108.0,1.0
18,200,cloud,0.2,0.32,0.2262323943661972,0.38380281690140844,0.3899647887323944,0.4568098505498637,95.4,1.0
18,200,hera,0.05,0.075,0.04665492957746479,0.6452464788732394,0.30809859154929575,0.7731929692640286,134.60000000000002,0.7901547437228279
18,200,hera,0.1,0.225,0.1487676056338028,0.4894366197183099,0.3617957746478873,0.5590751010433311,108.00000000000001,0.6686006135495981
18,200,hera,0.2,0.32,0.22887323943661972,0.38380281690140844,0.3873239436619718,0.45511796221449385,95.8,0.6104489581370488
18,500,edge,0.05,0.24,0.05721830985915493,0.6382042253521126,0.3045774647887324,0.7673653538866435,130.39999999999998,0.0
18,500,edge,0.1,0.345,0.0977112676056338,0.5352112676056338,0.3670774647887324,0.672619607105931,113.39999999999999,0.0
18,500,edge,0.2,0.47,0.19454225352112675,0.414612676056338,0.3908450704225352,0.5518375787198045,98.19999999999999,0.0
18,500,cloud,0.05,0.08,0.04665492957746479,0.6355633802816901,0.31778169014084506,0.7668953849045963,133.0,1.0
18,500,cloud,0.1,0.155,0.10475352112676056,0.5466549295774648,0.3485915492957746,0.648745182817934,117.8,1.0
18,500,cloud,0.2,0.275,0.1813380281690141,0.44014084507042256,0.3785211267605634,0.5044647053294482,100.8,1.0
18,500,hera,0.05,0.08,0.04841549295774648,0.6355633802816901,0.3160211267605634,0.7649215151799981,133.0,0.785003128069639
18,500,hera,0.1,0.155,0.10475352112676056,0.5466549295774648,0.3485915492957746,0.647241282075383,117.8,0.7191566450006566
18,500,hera,0.2,0.27,0.17693661971830985,0.4410211267605634,0.38204225352112675,0.5094463765391484,100.79999999999998,0.6403411708165867
18,1000,edge,0.05,0.23,0.05545774647887324,0.6470070422535211,0.2975352112676056,0.77629476454554,131.60000000000002,0.0
18,1000,edge,0.1,0.33,0.09330985915492958,0.5528169014084507,0.3538732394366197,0.6855907510104333,115.6,0.0
18,1000,edge,0.2,0.47,0.19454225352112675,0.414612676056338,0.3908450704225352,0.5518375787198045,98.19999999999999,0.0
18,1000,cloud,0.05,0.075,0.0448943661971831,0.6452464788732394,0.30985915492957744,0.7751668389886267,134.6,1.0
18,1000,cloud,0.1,0.145,0.10211267605633803,0.5563380281690141,0.3415492957746479,0.6625622708901212,120.0,1.0
18,1000,cloud,0.2,0.26,0.16725352112676056,0.45598591549295775,0.3767605633802817,0.5207256321082808,102.30000000000001,1.0
18,1000,hera,0.05,0.075,0.04665492957746479,0.6452464788732394,0.30809859154929575,0.7731929692640286,134.60000000000002,0.7901547437228279
18,1000,hera,0.1,0.145,0.10211267605633803,0.5563380281690141,0.3415492957746479,0.6608703825547514,119.80000000000001,0.7269443859866151
18,1000,hera,0.2,0.26,0.16725352112676056,0.45598591549295775,0.3767605633802817,0.5201616693298242,102.2,0.6463789001338444
18,0,edge_fixed0.5,,0.5,0.22359154929577466,0.3882042253521127,0.3882042253521127,0.5224175204436508,96.1,0.0
18,0,cloud_fixed0.5,,0.5,0.38204225352112675,0.22975352112676056,0.3882042253521127,0.28254535200676756,74.5,1.0
19,12,edge,0.05,0.01,0.0017605633802816902,0.8776408450704225,0.12059859154929578,0.9787574020114672,181.7,0.0
19,12,edge,0.1,0.395,0.13732394366197184,0.5,0.3626760563380282,0.6260926778832597,109.7,0.0
19,12,edge,0.2,0.4,0.13908450704225353,0.4982394366197183,0.3626760563380282,0.6214869818591973,108.69999999999999,0.0
19,12,cloud,0.05,0.01,0.0044014084507042256,0.8028169014084507,0.19278169014084506,0.9630604380110913,163.39999999999998,1.0
19,12,cloud,0.1,0.075,0.0448943661971831,0.6487676056338029,0.30633802816901406,0.7749788513958079,134.79999999999998,1.0
19,12,cloud,0.2,0.32,0.23415492957746478,0.37940140845070425,0.386443661971831,0.45361406147194283,95.5,1.0
19,12,hera,0.05,0.01,0.0044014084507042256,0.8019366197183099,0.1936619718309859,0.9582667543942099,162.8,0.8955560563579852
19,12,hera,0.1,0.075,0.0448943661971831,0.6487676056338029,0.30633802816901406,0.7728169940783908,134.79999999999998,0.7914796155810937
19,12,hera,0.2,0.32,0.23415492957746478,0.37940140845070425,0.386443661971831,0.45211016072939186,95.5,0.6114760998019598
19,25,edge,0.05,0.12,0.014964788732394365,0.7552816901408451,0.22975352112676056,0.878466021242598,149.60000000000002,0.0
19,25,edge,0.1,0.265,0.06514084507042253,0.6126760563380281,0.3221830985915493,0.7456527869160635,126.69999999999999,0.0
19,25,edge,0.2,0.4,0.13908450704225353,0.4982394366197183,0.3626760563380282,0.6214869818591973,108.69999999999999,0.0
19,25,cloud,0.05,0.075,0.0448943661971831,0.6487676056338029,0.30633802816901406,0.7749788513958079,134.79999999999998,1.0
19,25,cloud,0.1,0.08,0.04841549295774648,0.6382042253521126,0.31338028169014087,0.7654854779584548,133.0,1.0
19,25,cloud,0.2,0.32,0.23415492957746478,0.37940140845070425,0.386443661971831,0.45361406147194283,95.5,1.0
19,25,hera,0.05,0.075,0.0448943661971831,0.6487676056338029,0.30633802816901406,0.7728169940783908,134.79999999999998,0.7914796155810937
19,25,hera,0.1,0.08,0.04841549295774648,0.6382042253521126,0.31338028169014087,0.7633236206410376,133.0,0.7863278740679448
19,25,hera,0.2,0.32,0.23415492957746478,0.37940140845070425,0.386443661971831,0.45211016072939186,95.5,0.6114760998019598
19,50,edge,0.05,0.12,0.014964788732394365,0.7552816901408451,0.22975352112676056,0.878466021242598,149.60000000000002,0.0
19,50,edge,0.1,0.355,0.11355633802816902,0.5290492957746479,0.3573943661971831,0.6623742832973024,114.99999999999999,0.0
19,50,edge,0.2,0.44,0.17253521126760563,0.4498239436619718,0.37764084507042256,0.5829495253313282,102.9,0.0
19,50,cloud,0.05,0.075,0.0448943661971831,0.6487676056338029,0.30633802816901406,0.7749788513958079,134.79999999999998,1.0
19,50,cloud,0.1,0.12,0.0801056338028169,0.5862676056338029,0.3336267605633803,0.694990130651377,124.0,1.0
19,50,cloud,0.2,0.32,0.23415492957746478,0.37940140845070425,0.386443661971831,0.45361406147194283,95.5,1.0
19,50,hera,0.05,0.075,0.0448943661971831,0.6487676056338029,0.30633802816901406,0.7728169940783908,134.79999999999998,0.7914796155810937
19,50,hera,0.1,0.12,0.0801056338028169,0.5862676056338029,0.3336267605633803,0.6935802237052354,123.80000000000001,0.7488352437446778
19,50,hera,0.2,0.32,0.23415492957746478,0.37940140845070425,0.386443661971831,0.45211016072939186,95.5,0.6114760998019598
19,100,edge,0.05,0.23,0.05193661971830986,0.6426056338028169,0.30545774647887325,0.7773286963060438,131.60000000000002,0.0
19,100,edge,0.1,0.325,0.0977112676056338,0.5554577464788732,0.34683098591549294,0.6903844346273146,118.6,0.0
19,100,edge,0.2,0.42,0.15404929577464788,0.4727112676056338,0.3732394366197183,0.6025942287809004,105.0,0.0
19,100,cloud,0.05,0.07,0.04401408450704225,0.6619718309859155,0.29401408450704225,0.7852241752044365,136.39999999999998,1.0
19,100,cloud,0.1,0.11,0.0721830985915493,0.602112676056338,0.3257042253521127,0.7119090140050757,127.4,1.0
19,100,cloud,0.2,0.295,0.21742957746478872,0.4014084507042254,0.38116197183098594,0.4788983927060814,97.8,1.0
19,100,hera,0.05,0.07,0.04401408450704225,0.6619718309859155,0.29401408450704225,0.7832503054798383,136.39999999999998,0.7967781263908673
19,100,hera,0.1,0.11,0.0721830985915493,0.602112676056338,0.3257042253521127,0.7104991070589342,127.4,0.7575204070100271
19,100,hera,0.2,0.295,0.21742957746478872,0.4005281690140845,0.38204225352112675,0.47777046714916815,97.60000000000001,0.6261040391146966
19,200,edge,0.05,0.23,0.05193661971830986,0.6426056338028169,0.30545774647887325,0.7773286963060438,131.60000000000002,0.0
19,200,edge,0.1,0.335,0.10211267605633803,0.5448943661971831,0.3529929577464789,0.6806090798007332,117.19999999999999,0.0
19,200,edge,0.2,0.44,0.17253521126760563,0.4498239436619718,0.37764084507042256,0.5829495253313282,102.9,0.0
19,200,cloud,0.05,0.07,0.04401408450704225,0.6619718309859155,0.29401408450704225,0.7852241752044365,136.39999999999998,1.0
19,200,cloud,0.1,0.145,0.10299295774647887,0.5598591549295775,0.3371478873239437,0.6587085252373344,119.6,1.0
19,200,cloud,0.2,0.275,0.198943661971831,0.4234154929577465,0.37764084507042256,0.5006109596766614,100.4,1.0
19,200,hera,0.05,0.07,0.04401408450704225,0.6619718309859155,0.29401408450704225,0.7832503054798383,136.39999999999998,0.7967781263908673
19,200,hera,0.1,0.145,0.10299295774647887,0.5598591549295775,0.3371478873239437,0.6570166369019644,119.6,0.7278358736063494
19,200,hera,0.2,0.275,0.198943661971831,0.4225352112676056,0.3785211267605634,0.4997650155089764,100.20000000000002,0.6380108603284422
19,500,edge,0.05,0.23,0.05193661971830986,0.6426056338028169,0.30545774647887325,0.7773286963060438,131.60000000000002,0.0
19,500,edge,0.1,0.35,0.11003521126760564,0.534330985915493,0.35563380281690143,0.6667919917285459,116.0,0.0
19,500,edge,0.2,0.45,0.18397887323943662,0.4392605633802817,0.3767605633802817,0.5727042015226995,102.0,0.0
19,500,cloud,0.05,0.075,0.0448943661971831,0.6487676056338029,0.30633802816901406,0.7749788513958079,134.79999999999998,1.0
19,500,cloud,0.1,0.145,0.10299295774647887,0.5598591549295775,0.3371478873239437,0.6587085252373344,119.6,1.0
19,500,cloud,0.2,0.265,0.18838028169014084,0.43485915492957744,0.3767605633802817,0.5117962214493843,100.80000000000001,1.0
19,500,hera,0.05,0.07,0.04401408450704225,0.6619718309859155,0.29401408450704225,0.7832503054798383,136.39999999999998,0.7967781263908673
19,500,hera,0.1,0.145,0.10299295774647887,0.5598591549295775,0.3371478873239437,0.6570166369019644,119.6,0.7278358736063494
19,500,hera,0.2,0.265,0.18838028169014084,0.43485915492957744,0.3767605633802817,0.51085628348529,100.8,0.6441918844287486
19,1000,edge,0.05,0.235,0.05457746478873239,0.6390845070422535,0.30633802816901406,0.7716890685214776,131.1,0.0
19,1000,edge,0.1,0.35,0.11003521126760564,0.534330985915493,0.35563380281690143,0.6667919917285459,116.0,0.0
19,1000,edge,0.2,0.47,0.19982394366197184,0.4225352112676056,0.37764084507042256,0.5508036469593007,100.80000000000001,0.0
19,1000,cloud,0.05,0.08,0.04841549295774648,0.6382042253521126,0.31338028169014087,0.7654854779584548,133.0,1.0
19,1000,cloud,0.1,0.15,0.10827464788732394,0.5545774647887324,0.3371478873239437,0.6524109408779021,119.00000000000001,1.0
19,1000,cloud,0.2,0.28,0.198943661971831,0.414612676056338,0.386443661971831,0.49525331328132344,98.80000000000001,1.0
19,1000,hera,0.05,0.075,0.0448943661971831,0.6487676056338029,0.30633802816901406,0.7728169940783908,134.79999999999998,0.7914796155810937
19,1000,hera,0.1,0.15,0.10827464788732394,0.5545774647887324,0.3371478873239437,0.6508130463389417,119.00000000000001,0.7239920480396992
19,1000,hera,0.2,0.28,0.198943661971831,0.4137323943661972,0.3873239436619718,0.4943133753172291,98.19999999999999,0.6351104771958522
19,0,edge_fixed0.5,,0.5,0.21830985915492956,0.39524647887323944,0.386443661971831,0.5208196259046903,97.1,0.0
19,0,cloud_fixed0.5,,0.5,0.3970070422535211,0.2306338028169014,0.37235915492957744,0.28451922173136573,77.39999999999998,1.0
20,12,edge,0.05,0.01,0.0008802816901408451,0.8626760563380281,0.136443661971831,0.9778174640473729,180.6,0.0
20,12,edge,0.1,0.395,0.14788732394366197,0.47975352112676056,0.37235915492957744,0.6215809756556068,108.3,0.0
20,12,edge,0.2,0.445,0.18485915492957747,0.4278169014084507,0.3873239436619718,0.5733621580975655,100.70000000000002,0.0
20,12,cloud,0.05,0.01,0.00528169014084507,0.784330985915493,0.21038732394366197,0.961932512454178,160.9,1.0
20,12,cloud,0.1,0.185,0.14084507042253522,0.5061619718309859,0.3529929577464789,0.6034401729485854,112.29999999999998,1.0
20,12,cloud,0.2,0.245,0.176056338028169,0.4480633802816901,0.37588028169014087,0.5346367139768775,101.80000000000001,1.0
20,12,hera,0.05,0.01,0.00528169014084507,0.784330985915493,0.21038732394366197,0.9570448350408873,160.2,0.8946561858399781
20,12,hera,0.1,0.185,0.14084507042253522,0.5061619718309859,0.3529929577464789,0.6022182535952627,111.8,0.6964311892852026
20,12,hera,0.2,0.245,0.17693661971830985,0.4471830985915493,0.37588028169014087,0.5341667449948303,102.0,0.6553166176814705
20,25,edge,0.05,0.01,0.0008802816901408451,0.8626760563380281,0.136443661971831,0.9778174640473729,180.6,0.0
20,25,edge,0.1,0.265,0.06954225352112677,0.5924295774647887,0.3380281690140845,0.7424569978381427,122.4,0.0
20,25,edge,0.2,0.445,0.18485915492957747,0.4278169014084507,0.3873239436619718,0.5733621580975655,100.70000000000002,0.0
20,25,cloud,0.05,0.14,0.10651408450704225,0.5554577464788732,0.3380281690140845,0.6635022088542156,118.6,1.0
20,25,cloud,0.1,0.165,0.12411971830985916,0.5237676056338029,0.352112676056338,0.6289124917755428,114.79999999999998,1.0
20,25,cloud,0.2,0.205,0.1522887323943662,0.49295774647887325,0.35475352112676056,0.5774038913431714,107.99999999999999,1.0
20,25,hera,0.05,0.01,0.00528169014084507,0.784330985915493,0.21038732394366197,0.9570448350408873,160.2,0.8946561858399781
20,25,hera,0.1,0.165,0.12411971830985916,0.5237676056338029,0.352112676056338,0.6275965786258106,114.79999999999998,0.7119051338856123
20,25,hera,0.2,0.205,0.1522887323943662,0.49295774647887325,0.35475352112676056,0.5759939843970298,107.99999999999999,0.6820438659189202
20,50,edge,0.05,0.165,0.037852112676056336,0.6901408450704225,0.2720070422535211,0.8318450982235173,139.79999999999998,0.0
20,50,edge,0.1,0.35,0.11443661971830986,0.5158450704225352,0.36971830985915494,0.6639721778362628,113.1,0.0
20,50,edge,0.2,0.46,0.19982394366197184,0.4163732394366197,0.38380281690140844,0.5587931196541028,99.2,0.0
20,50,cloud,0.05,0.125,0.09066901408450705,0.5686619718309859,0.34066901408450706,0.6835228874894257,120.19999999999999,1.0
20,50,cloud,0.1,0.17,0.12852112676056338,0.5202464788732394,0.3512323943661972,0.6231788701945672,114.5,1.0
20,50,cloud,0.2,0.245,0.176056338028169,0.4480633802816901,0.37588028169014087,0.5346367139768775,101.80000000000001,1.0
20,50,hera,0.05,0.01,0.00528169014084507,0.784330985915493,0.21038732394366197,0.9570448350408873,160.2,0.8946561858399781
20,50,hera,0.1,0.17,0.12852112676056338,0.5202464788732394,0.3512323943661972,0.6217689632484256,114.5,0.7079272940865633
20,50,hera,0.2,0.245,0.17693661971830985,0.4471830985915493,0.37588028169014087,0.5341667449948303,102.0,0.6553166176814705
20,100,edge,0.05,0.265,0.06954225352112677,0.5924295774647887,0.3380281690140845,0.7424569978381427,122.4,0.0
20,100,edge,0.1,0.35,0.11443661971830986,0.5158450704225352,0.36971830985915494,0.6639721778362628,113.1,0.0
20,100,edge,0.2,0.475,0.2147887323943662,0.40492957746478875,0.38028169014084506,0.5436601184321834,98.19999999999999,0.0
20,100,cloud,0.05,0.12,0.08538732394366197,0.5757042253521126,0.3389084507042254,0.6916063539806373,121.00000000000001,1.0
20,100,cloud,0.1,0.165,0.12411971830985916,0.5237676056338029,0.352112676056338,0.6289124917755428,114.79999999999998,1.0
20,100,cloud,0.2,0.27,0.20598591549295775,0.4154929577464789,0.3785211267605634,0.5069085440360936,99.59999999999998,1.0
20,100,hera,0.05,0.065,0.04841549295774648,0.6522887323943662,0.2992957746478873,0.7900178588213178,135.8,0.8012379528669233
20,100,hera,0.1,0.165,0.12411971830985916,0.5237676056338029,0.352112676056338,0.6275965786258106,114.79999999999998,0.7119051338856123
20,100,hera,0.2,0.27,0.2068661971830986,0.414612676056338,0.3785211267605634,0.506344581257637,99.59999999999997,0.6394856790028001
20,200,edge,0.05,0.265,0.06954225352112677,0.5924295774647887,0.3380281690140845,0.7424569978381427,122.4,0.0
20,200,edge,0.1,0.35,0.11443661971830986,0.5158450704225352,0.36971830985915494,0.6639721778362628,113.1,0.0
20,200,edge,0.2,0.465,0.20246478873239437,0.40933098591549294,0.3882042253521127,0.5533414794623555,98.3,0.0
20,200,cloud,0.05,0.085,0.06514084507042253,0.6232394366197183,0.31161971830985913,0.7481906194191184,130.7,1.0
20,200,cloud,0.1,0.155,0.12059859154929578,0.5334507042253521,0.3459507042253521,0.6421656170692734,115.79999999999998,1.0
20,200,cloud,0.2,0.26,0.19190140845070422,0.4295774647887324,0.3785211267605634,0.5186577685872732,100.2,1.0
20,200,hera,0.05,0.08,0.05721830985915493,0.6285211267605634,0.3142605633802817,0.7567440548923771,131.0,0.7853649770581025
20,200,hera,0.1,0.155,0.12059859154929578,0.5334507042253521,0.3459507042253521,0.6407557101231319,115.79999999999998,0.7194411941986345
20,200,hera,0.2,0.26,0.19278169014084506,0.42869718309859156,0.3785211267605634,0.5180938058088166,100.19999999999999,0.6455691433965368
20,500,edge,0.05,0.265,0.06954225352112677,0.5924295774647887,0.3380281690140845,0.7424569978381427,122.4,0.0
20,500,edge,0.1,0.355,0.12059859154929578,0.511443661971831,0.36795774647887325,0.6595544694050193,112.39999999999999,0.0
20,500,edge,0.2,0.485,0.22183098591549297,0.3926056338028169,0.3855633802816901,0.5345427201804681,96.5,0.0
20,500,cloud,0.05,0.09,0.06778169014084508,0.6179577464788732,0.3142605633802817,0.7392612087602218,128.40000000000003,1.0
20,500,cloud,0.1,0.16,0.12235915492957747,0.5290492957746479,0.3485915492957746,0.6351160823385656,115.79999999999998,1.0
20,500,cloud,0.2,0.27,0.20598591549295775,0.4154929577464789,0.3785211267605634,0.5069085440360936,99.59999999999998,1.0
20,500,hera,0.05,0.085,0.06514084507042253,0.6232394366197183,0.31161971830985913,0.7454647993232447,130.6,0.7804402831082764
20,500,hera,0.1,0.16,0.12235915492957747,0.5290492957746479,0.3485915492957746,0.6338941629852429,115.79999999999998,0.7157089343109948
20,500,hera,0.2,0.27,0.2068661971830986,0.414612676056338,0.3785211267605634,0.506344581257637,99.59999999999997,0.6394856790028001
20,1000,edge,0.05,0.26,0.06690140845070422,0.6003521126760564,0.33274647887323944,0.7472506814550239,123.1,0.0
20,1000,edge,0.1,0.36,0.12411971830985916,0.5070422535211268,0.36883802816901406,0.6549487733809568,111.80000000000001,0.0
20,1000,edge,0.2,0.48,0.21742957746478872,0.397887323943662,0.3846830985915493,0.5389604286117117,97.4,0.0
20,1000,cloud,0.05,0.09,0.06778169014084508,0.6179577464788732,0.3142605633802817,0.7392612087602218,128.40000000000003,1.0
20,1000,cloud,0.1,0.165,0.12411971830985916,0.5237676056338029,0.352112676056338,0.6289124917755428,114.79999999999998,1.0
20,1000,cloud,0.2,0.29,0.22183098591549297,0.39524647887323944,0.3829225352112676,0.483974057712191,97.49999999999999,1.0
20,1000,hera,0.05,0.09,0.06778169014084508,0.6179577464788732,0.3142605633802817,0.7370993514428048,127.80000000000001,0.7753638664933634
20,1000,hera,0.1,0.165,0.12411971830985916,0.5237676056338029,0.352112676056338,0.6275965786258106,114.79999999999998,0.7119051338856123
20,1000,hera,0.2,0.29,0.2227112676056338,0.39524647887323944,0.38204225352112675,0.4828461321552778,97.59999999999997,0.6273358310479901
20,0,edge_fixed0.5,,0.5,0.23503521126760563,0.3785211267605634,0.386443661971831,0.5193157251621393,95.4,0.0
20,0,cloud_fixed0.5,,0.5,0.40757042253521125,0.21390845070422534,0.3785211267605634,0.2851771783062318,74.80000000000001,1.0
21,12,edge,0.05,0.01,0.0035211267605633804,0.8723591549295775,0.12411971830985916,0.977629476454554,181.4,0.0
21,12,edge,0.1,0.13,0.023767605633802816,0.7464788732394366,0.22975352112676056,0.8715104803082997,147.0,0.0
21,12,edge,0.2,0.135,0.02640845070422535,0.7367957746478874,0.2367957746478873,0.8676567346555127,146.29999999999998,0.0
21,12,cloud,0.05,0.01,0.006161971830985915,0.8001760563380281,0.1936619718309859,0.9614625434721309,163.39999999999998,1.0
21,12,cloud,0.1,0.02,0.011443661971830986,0.7596830985915493,0.22887323943661972,0.9244289876868127,154.6,1.0
21,12,cloud,0.2,0.1,0.06954225352112677,0.6100352112676056,0.3204225352112676,0.7297678353228687,127.6,1.0
21,12,hera,0.05,0.01,0.007042253521126761,0.7984154929577465,0.19454225352112675,0.9560109032803835,162.60000000000002,0.8949620185059705
21,12,hera,0.1,0.02,0.01232394366197183,0.7588028169014085,0.22887323943661972,0.9203872544412068,153.6,0.868215337942091
21,12,hera,0.2,0.1,0.06954225352112677,0.6100352112676056,0.3204225352112676,0.7279819531910894,127.4,0.7682627089883546
21,25,edge,0.05,0.13,0.023767605633802816,0.7464788732394366,0.22975352112676056,0.8715104803082997,147.0,0.0
21,25,edge,0.1,0.135,0.02640845070422535,0.7367957746478874,0.2367957746478873,0.8676567346555127,146.29999999999998,0.0
21,25,edge,0.2,0.395,0.1382042253521127,0.4753521126760563,0.386443661971831,0.6331422126139675,107.0,0.0
21,25,cloud,0.05,0.02,0.011443661971830986,0.7596830985915493,0.22887323943661972,0.9244289876868127,154.6,1.0
21,25,cloud,0.1,0.1,0.06954225352112677,0.6100352112676056,0.3204225352112676,0.7297678353228687,127.6,1.0
21,25,cloud,0.2,0.13,0.09154929577464789,0.5607394366197183,0.3477112676056338,0.6830529185073785,118.80000000000001,1.0
21,25,hera,0.05,0.02,0.01232394366197183,0.7588028169014085,0.22887323943661972,0.9203872544412068,153.6,0.868215337942091
21,25,hera,0.1,0.1,0.06954225352112677,0.6100352112676056,0.3204225352112676,0.7279819531910894,127.4,0.7682627089883546
21,25,hera,0.2,0.13,0.09154929577464789,0.5598591549295775,0.3485915492957746,0.6817370053576464,118.80000000000001,0.7420043477192503
21,50,edge,0.05,0.125,0.022887323943661973,0.7508802816901409,0.2262323943661972,0.8771501080928659,147.5,0.0
21,50,edge,0.1,0.22,0.04753521126760563,0.6408450704225352,0.31161971830985913,0.7936836168812859,128.60000000000002,0.0
21,50,edge,0.2,0.38,0.12764084507042253,0.4859154929577465,0.386443661971831,0.6478992386502491,108.00000000000001,0.0
21,50,cloud,0.05,0.02,0.011443661971830986,0.7596830985915493,0.22887323943661972,0.9244289876868127,154.6,1.0
21,50,cloud,0.1,0.105,0.07306338028169014,0.5994718309859155,0.3274647887323944,0.7214963812388382,125.4,1.0
21,50,cloud,0.2,0.215,0.16285211267605634,0.46919014084507044,0.36795774647887325,0.5693204248519598,105.60000000000001,1.0
21,50,hera,0.05,0.02,0.01232394366197183,0.7588028169014085,0.22887323943661972,0.9203872544412068,153.6,0.868215337942091
21,50,hera,0.1,0.105,0.07306338028169014,0.5985915492957746,0.3283450704225352,0.7198044929034684,124.80000000000001,0.7636216175510995
21,50,hera,0.2,0.215,0.16285211267605634,0.46919014084507044,0.36795774647887325,0.5677225303129994,105.60000000000001,0.6790928916188669
21,100,edge,0.05,0.14,0.028169014084507043,0.7297535211267606,0.2420774647887324,0.864272957984773,144.4,0.0
21,100,edge,0.1,0.35,0.10651408450704225,0.5123239436619719,0.38116197183098594,0.6754394209982141,111.40000000000003,0.0
21,100,edge,0.2,0.455,0.19630281690140844,0.4198943661971831,0.38380281690140844,0.5755240154149827,99.4,0.0
21,100,cloud,0.05,0.1,0.06954225352112677,0.6100352112676056,0.3204225352112676,0.7297678353228687,127.6,1.0
21,100,cloud,0.1,0.13,0.09154929577464789,0.5607394366197183,0.3477112676056338,0.6830529185073785,118.80000000000001,1.0
21,100,cloud,0.2,0.265,0.20862676056338028,0.414612676056338,0.3767605633802817,0.5173418554375411,99.59999999999997,1.0
21,100,hera,0.05,0.1,0.06954225352112677,0.6100352112676056,0.3204225352112676,0.7279819531910894,127.4,0.7682627089883546
21,100,hera,0.1,0.13,0.09154929577464789,0.5598591549295775,0.3485915492957746,0.6817370053576464,118.80000000000001,0.7420043477192503
21,100,hera,0.2,0.265,0.20950704225352113,0.4137323943661972,0.3767605633802817,0.5163079236770373,99.39999999999998,0.647113099657897
21,200,edge,0.05,0.26,0.058098591549295774,0.6100352112676056,0.33186619718309857,0.7585299370241564,123.2,0.0
21,200,edge,0.1,0.365,0.11971830985915492,0.49735915492957744,0.3829225352112676,0.6609643763511608,109.60000000000001,0.0
21,200,edge,0.2,0.505,0.24735915492957747,0.37235915492957744,0.38028169014084506,0.5223235266472412,94.4,0.0
21,200,cloud,0.05,0.1,0.06954225352112677,0.6100352112676056,0.3204225352112676,0.7297678353228687,127.6,1.0
21,200,cloud,0.1,0.195,0.14612676056338028,0.49559859154929575,0.35827464788732394,0.592818873954319,109.39999999999999,1.0
21,200,cloud,0.2,0.32,0.25880281690140844,0.3644366197183099,0.3767605633802817,0.4610395713882884,94.0,1.0
21,200,hera,0.05,0.1,0.06954225352112677,0.6100352112676056,0.3204225352112676,0.7279819531910894,127.4,0.7682627089883546
21,200,hera,0.1,0.195,0.14612676056338028,0.49559859154929575,0.35827464788732394,0.5915029608045869,108.9,0.6927834999102602
21,200,hera,0.2,0.32,0.261443661971831,0.3644366197183099,0.37411971830985913,0.4593476830529185,94.0,0.6148761738003709
21,500,edge,0.05,0.24,0.05369718309859155,0.625,0.32130281690140844,0.7761067769527211,126.19999999999999,0.0
21,500,edge,0.1,0.36,0.1153169014084507,0.5,0.3846830985915493,0.6655700723752233,110.20000000000002,0.0
21,500,edge,0.2,0.51,0.2579225352112676,0.36795774647887325,0.37411971830985913,0.5177178306231789,95.39999999999998,0.0
21,500,cloud,0.05,0.09,0.06514084507042253,0.6258802816901409,0.3089788732394366,0.7481906194191184,130.1,1.0
21,500,cloud,0.1,0.15,0.11091549295774648,0.5378521126760564,0.3512323943661972,0.6576745934768305,115.4,1.0
21,500,cloud,0.2,0.31,0.2517605633802817,0.37411971830985913,0.37411971830985913,0.4715668765861453,96.19999999999999,1.0
21,500,hera,0.05,0.09,0.06514084507042253,0.6258802816901409,0.3089788732394366,0.7459347683052918,129.60000000000002,0.7775822240046408
21,500,hera,0.1,0.15,0.11091549295774648,0.5378521126760564,0.3512323943661972,0.6561706927342795,115.4,0.7259724040875589
21,500,hera,0.2,0.305,0.24911971830985916,0.37588028169014087,0.375,0.47495065325688507,96.39999999999999,0.6235307035501606
21,1000,edge,0.05,0.225,0.04929577464788732,0.6346830985915493,0.3160211267605634,0.7892659084500423,128.2,0.0
21,1000,edge,0.1,0.33,0.09507042253521127,0.5316901408450704,0.3732394366197183,0.694144186483692,113.6,0.0
21,1000,edge,0.2,0.49,0.2323943661971831,0.386443661971831,0.38116197183098594,0.5388664348153022,96.4,0.0
21,1000,cloud,0.05,0.08,0.05545774647887324,0.6382042253521126,0.30633802816901406,0.7669893787010057,132.4,1.0
21,1000,cloud,0.1,0.15,0.11091549295774648,0.5378521126760564,0.3512323943661972,0.6576745934768305,115.4,1.0
21,1000,cloud,0.2,0.305,0.2482394366197183,0.37588028169014087,0.37588028169014087,0.4763605602030266,96.19999999999999,1.0
21,1000,hera,0.05,0.08,0.05545774647887324,0.6382042253521126,0.30633802816901406,0.7646395337907698,132.4,0.7874147633727753
21,1000,hera,0.1,0.15,0.11091549295774648,0.5378521126760564,0.3512323943661972,0.6561706927342795,115.4,0.7259724040875589
21,1000,hera,0.2,0.305,0.24911971830985916,0.37588028169014087,0.375,0.47495065325688507,96.39999999999999,0.6235307035501606
21,0,edge_fixed0.5,,0.5,0.24119718309859156,0.37940140845070425,0.37940140845070425,0.5282451358210358,95.8,0.0
21,0,cloud_fixed0.5,,0.5,0.4234154929577465,0.22007042253521128,0.35651408450704225,0.28780900460569603,77.6,1.0
22,12,edge,0.05,0.01,0.0017605633802816902,0.8705985915492958,0.12764084507042253,0.9760315819155936,179.10000000000002,0.0
22,12,edge,0.1,0.12,0.02464788732394366,0.7579225352112676,0.21742957746478872,0.875458219757496,148.39999999999998,0.0
22,12,edge,0.2,0.305,0.08890845070422536,0.5669014084507042,0.34419014084507044,0.7101231318732963,117.39999999999999,0.0
22,12,cloud,0.05,0.01,0.0044014084507042256,0.7931338028169014,0.20246478873239437,0.9600526365259893,159.6,1.0
22,12,cloud,0.1,0.04,0.020246478873239437,0.7183098591549296,0.261443661971831,0.8584453426073879,142.4,1.0
22,12,cloud,0.2,0.06,0.03873239436619718,0.6742957746478874,0.2869718309859155,0.8081586615283392,135.7,1.0
22,12,hera,0.05,0.01,0.006161971830985915,0.7922535211267606,0.20158450704225353,0.9546949901306514,159.39999999999998,0.8937075841478842
22,12,hera,0.1,0.04,0.022007042253521125,0.7183098591549296,0.2596830985915493,0.8547795845474199,142.4,0.8308745029101325
22,12,hera,0.2,0.06,0.040492957746478875,0.6742957746478874,0.2852112676056338,0.8059028104145126,135.7,0.8053479593540418
22,25,edge,0.05,0.12,0.02464788732394366,0.7579225352112676,0.21742957746478872,0.875458219757496,148.39999999999998,0.0
22,25,edge,0.1,0.305,0.08890845070422536,0.5669014084507042,0.34419014084507044,0.7101231318732963,117.39999999999999,0.0
22,25,edge,0.2,0.355,0.11619718309859155,0.5184859154929577,0.3653169014084507,0.6628442522793495,111.1,0.0
22,25,cloud,0.05,0.04,0.020246478873239437,0.7183098591549296,0.261443661971831,0.8584453426073879,142.4,1.0
22,25,cloud,0.1,0.06,0.03873239436619718,0.6742957746478874,0.2869718309859155,0.8081586615283392,135.7,1.0
22,25,cloud,0.2,0.195,0.1329225352112676,0.49911971830985913,0.36795774647887325,0.5929128677507285,108.79999999999998,1.0
22,25,hera,0.05,0.04,0.022007042253521125,0.7183098591549296,0.2596830985915493,0.8547795845474199,142.4,0.8308745029101325
22,25,hera,0.1,0.06,0.040492957746478875,0.6742957746478874,0.2852112676056338,0.8059028104145126,135.7,0.8053479593540418
22,25,hera,0.2,0.195,0.1329225352112676,0.49911971830985913,0.36795774647887325,0.5918789359902247,108.6,0.6890319662485953
22,50,edge,0.05,0.21,0.051056338028169015,0.6602112676056338,0.2887323943661972,0.7966914183663878,130.5,0.0
22,50,edge,0.1,0.3,0.0818661971830986,0.5730633802816901,0.34507042253521125,0.7152927906758154,117.79999999999998,0.0
22,50,edge,0.2,0.355,0.11619718309859155,0.5184859154929577,0.3653169014084507,0.6628442522793495,111.1,0.0
22,50,cloud,0.05,0.05,0.03169014084507042,0.6936619718309859,0.2746478873239437,0.8318450982235173,138.10000000000002,1.0
22,50,cloud,0.1,0.085,0.06073943661971831,0.6320422535211268,0.30721830985915494,0.756932042485196,129.60000000000002,1.0
22,50,cloud,0.2,0.24,0.16725352112676056,0.44630281690140844,0.386443661971831,0.5437541122285929,100.9,1.0
22,50,hera,0.05,0.05,0.03345070422535211,0.6936619718309859,0.272887323943662,0.8293072657204624,138.20000000000002,0.8176290569514773
22,50,hera,0.1,0.085,0.061619718309859156,0.6320422535211268,0.30633802816901406,0.7544882037785506,129.60000000000002,0.7789500435239851
22,50,hera,0.2,0.24,0.1681338028169014,0.44630281690140844,0.3855633802816901,0.5434721308393646,101.0,0.6587460248471921
22,100,edge,0.05,0.25,0.061619718309859156,0.6205985915492958,0.31778169014084506,0.7603158191559357,125.80000000000001,0.0
22,100,edge,0.1,0.3,0.0818661971830986,0.5730633802816901,0.34507042253521125,0.7152927906758154,117.79999999999998,0.0
22,100,edge,0.2,0.415,0.1602112676056338,0.4586267605633803,0.38116197183098594,0.6034401729485854,103.4,0.0
22,100,cloud,0.05,0.075,0.04929577464788732,0.6470070422535211,0.30369718309859156,0.7774226901024532,131.9,1.0
22,100,cloud,0.1,0.15,0.10827464788732394,0.5466549295774648,0.34507042253521125,0.6549487733809568,115.8,1.0
22,100,cloud,0.2,0.24,0.16725352112676056,0.44630281690140844,0.386443661971831,0.5437541122285929,100.9,1.0
22,100,hera,0.05,0.075,0.051056338028169015,0.6461267605633803,0.3028169014084507,0.7748848575993984,131.9,0.7888507965509749
22,100,hera,0.1,0.15,0.10827464788732394,0.5466549295774648,0.34507042253521125,0.6534448726384059,115.79999999999998,0.7222131014341762
22,100,hera,0.2,0.24,0.1681338028169014,0.44630281690140844,0.3855633802816901,0.5434721308393646,101.0,0.6587460248471921
22,200,edge,0.05,0.24,0.06073943661971831,0.6285211267605634,0.3107394366197183,0.7697151987968794,126.6,0.0
22,200,edge,0.1,0.325,0.10123239436619719,0.551056338028169,0.3477112676056338,0.6917003477770467,115.80000000000001,0.0
22,200,edge,0.2,0.445,0.18397887323943662,0.4278169014084507,0.3882042253521127,0.5737381332832033,99.80000000000001,0.0
22,200,cloud,0.05,0.085,0.06073943661971831,0.6320422535211268,0.30721830985915494,0.756932042485196,129.60000000000002,1.0
22,200,cloud,0.1,0.15,0.10827464788732394,0.5466549295774648,0.34507042253521125,0.6549487733809568,115.8,1.0
22,200,cloud,0.2,0.29,0.2112676056338028,0.386443661971831,0.4022887323943662,0.4900836544788044,95.0,1.0
22,200,hera,0.05,0.085,0.061619718309859156,0.6320422535211268,0.30633802816901406,0.7544882037785506,129.60000000000002,0.7789500435239851
22,200,hera,0.1,0.15,0.10827464788732394,0.5466549295774648,0.34507042253521125,0.6534448726384059,115.79999999999998,0.7222131014341762
22,200,hera,0.2,0.29,0.2130281690140845,0.3846830985915493,0.4022887323943662,0.48895572892189115,94.69999999999999,0.6282662330478165
22,500,edge,0.05,0.24,0.06073943661971831,0.6285211267605634,0.3107394366197183,0.7697151987968794,126.6,0.0
22,500,edge,0.1,0.32,0.09683098591549295,0.5563380281690141,0.34683098591549294,0.6948961368549675,116.1,0.0
22,500,edge,0.2,0.45,0.18661971830985916,0.41813380281690143,0.39524647887323944,0.5702603628160542,97.7,0.0
22,500,cloud,0.05,0.07,0.04401408450704225,0.6575704225352113,0.2984154929577465,0.7871040511326253,132.6,1.0
22,500,cloud,0.1,0.14,0.10035211267605634,0.5580985915492958,0.3415492957746479,0.6697057994172385,118.39999999999998,1.0
22,500,cloud,0.2,0.275,0.19982394366197184,0.40492957746478875,0.39524647887323944,0.507002537832503,97.59999999999997,1.0
22,500,hera,0.05,0.07,0.04665492957746479,0.6566901408450704,0.2966549295774648,0.7843782310367515,132.6,0.7940166927795236
22,500,hera,0.1,0.14,0.10123239436619719,0.5580985915492958,0.34066901408450706,0.6680139110818686,118.2,0.7299758465465241
22,500,hera,0.2,0.275,0.2007042253521127,0.40316901408450706,0.3961267605633803,0.5062505874612275,97.30000000000001,0.6369548201530911
22,1000,edge,0.05,0.235,0.06073943661971831,0.6311619718309859,0.30809859154929575,0.7743208948209418,128.2,0.0
22,1000,edge,0.1,0.335,0.10299295774647887,0.5404929577464789,0.35651408450704225,0.6814550239684181,114.0,0.0
22,1000,edge,0.2,0.47,0.20422535211267606,0.4022887323943662,0.39348591549295775,0.5507096531628912,97.0,0.0
22,1000,cloud,0.05,0.08,0.05369718309859155,0.636443661971831,0.30985915492957744,0.768117304257919,130.6,1.0
22,1000,cloud,0.1,0.145,0.10475352112676056,0.5519366197183099,0.34330985915492956,0.6619043143152552,116.6,1.0
22,1000,cloud,0.2,0.28,0.20246478873239437,0.3961267605633803,0.4014084507042254,0.5012689162515274,95.4,1.0
22,1000,hera,0.05,0.08,0.05545774647887324,0.636443661971831,0.30809859154929575,0.7658614531440925,130.6,0.7837567301991079
22,1000,hera,0.1,0.145,0.10475352112676056,0.5519366197183099,0.34330985915492956,0.6604004135727042,116.6,0.7259373674649646
22,1000,hera,0.2,0.28,0.20422535211267606,0.39436619718309857,0.4014084507042254,0.5004229720838425,95.4,0.6339556436103676
22,0,edge_fixed0.5,,0.5,0.2262323943661972,0.38028169014084506,0.39348591549295775,0.5213835886831469,94.20000000000002,0.0
22,0,cloud_fixed0.5,,0.5,0.3987676056338028,0.2147887323943662,0.386443661971831,0.28658708525237336,71.80000000000001,1.0
23,12,edge,0.05,0.01,0.0017605633802816902,0.8653169014084507,0.1329225352112676,0.9785694144186484,178.3,0.0
23,12,edge,0.1,0.155,0.03169014084507042,0.6980633802816901,0.27024647887323944,0.8488579753736254,138.5,0.0
23,12,edge,0.2,0.345,0.11267605633802817,0.5132042253521126,0.37411971830985913,0.6746874706269386,110.0,0.0
23,12,cloud,0.05,0.01,0.002640845070422535,0.7834507042253521,0.21390845070422534,0.9623084876398158,157.6,1.0
23,12,cloud,0.1,0.18,0.13732394366197184,0.5008802816901409,0.3617957746478873,0.6135915029608046,110.8,1.0
23,12,cloud,0.2,0.19,0.14348591549295775,0.4894366197183099,0.3670774647887324,0.6001503900742551,108.99999999999999,1.0
23,12,hera,0.05,0.01,0.0035211267605633804,0.7825704225352113,0.21390845070422534,0.9570448350408873,157.60000000000002,0.8949715840944877
23,12,hera,0.1,0.18,0.13732394366197184,0.5008802816901409,0.3617957746478873,0.6116176332362064,110.60000000000001,0.7012059683950866
23,12,hera,0.2,0.19,0.14348591549295775,0.4894366197183099,0.3670774647887324,0.5984585017388853,108.8,0.6938927475436868
23,25,edge,0.05,0.155,0.03169014084507042,0.6980633802816901,0.27024647887323944,0.8488579753736254,138.5,0.0
23,25,edge,0.1,0.225,0.05457746478873239,0.6311619718309859,0.3142605633802817,0.786822069743397,126.6,0.0
23,25,edge,0.2,0.45,0.19718309859154928,0.4119718309859155,0.3908450704225352,0.5724222201334712,97.7,0.0
23,25,cloud,0.05,0.08,0.05897887323943662,0.6276408450704225,0.31338028169014087,0.7689632484256039,128.0,1.0
23,25,cloud,0.1,0.09,0.06866197183098592,0.613556338028169,0.31778169014084506,0.7507284519221732,126.0,1.0
23,25,cloud,0.2,0.19,0.14348591549295775,0.4894366197183099,0.3670774647887324,0.6001503900742551,108.99999999999999,1.0
23,25,hera,0.05,0.08,0.05897887323943662,0.6267605633802817,0.3142605633802817,0.7668953849045963,128.0,0.7857012525947897
23,25,hera,0.1,0.09,0.06866197183098592,0.6126760563380281,0.31866197183098594,0.748754582197575,125.5,0.7756890088192024
23,25,hera,0.2,0.19,0.14348591549295775,0.4894366197183099,0.3670774647887324,0.5984585017388853,108.8,0.6938927475436868
23,50,edge,0.05,0.225,0.05457746478873239,0.6311619718309859,0.3142605633802817,0.786822069743397,126.6,0.0
23,50,edge,0.1,0.32,0.0994718309859155,0.5387323943661971,0.3617957746478873,0.697339975561613,113.19999999999999,0.0
23,50,edge,0.2,0.38,0.1382042253521127,0.48151408450704225,0.38028169014084506,0.6418836356800451,105.6,0.0
23,50,cloud,0.05,0.085,0.06602112676056338,0.6188380281690141,0.31514084507042256,0.7592818873954319,127.4,1.0
23,50,cloud,0.1,0.18,0.13732394366197184,0.5008802816901409,0.3617957746478873,0.6135915029608046,110.8,1.0
23,50,cloud,0.2,0.275,0.21654929577464788,0.3970070422535211,0.386443661971831,0.5055926308863615,97.5,1.0
23,50,hera,0.05,0.085,0.06602112676056338,0.6179577464788732,0.3160211267605634,0.7573080176708338,127.39999999999999,0.780752346291775
23,50,hera,0.1,0.18,0.13732394366197184,0.5008802816901409,0.3617957746478873,0.6116176332362064,110.60000000000001,0.7012059683950866
23,50,hera,0.2,0.275,0.21742957746478872,0.3961267605633803,0.386443661971831,0.5043707115330388,97.4,0.6371721359546564
23,100,edge,0.05,0.225,0.05457746478873239,0.6311619718309859,0.3142605633802817,0.786822069743397,126.6,0.0
23,100,edge,0.1,0.32,0.0994718309859155,0.5387323943661971,0.3617957746478873,0.697339975561613,113.19999999999999,0.0
23,100,edge,0.2,0.44,0.18661971830985916,0.4234154929577465,0.3899647887323944,0.5829495253313282,100.1,0.0
23,100,cloud,0.05,0.085,0.06602112676056338,0.6188380281690141,0.31514084507042256,0.7592818873954319,127.4,1.0
23,100,cloud,0.1,0.16,0.125,0.5202464788732394,0.35475352112676056,0.6407557101231319,112.6,1.0
23,100,cloud,0.2,0.29,0.2323943661971831,0.38204225352112675,0.3855633802816901,0.48998966068239497,95.5,1.0
23,100,hera,0.05,0.085,0.06602112676056338,0.6179577464788732,0.3160211267605634,0.7573080176708338,127.39999999999999,0.780752346291775
23,100,hera,0.1,0.16,0.125,0.5202464788732394,0.35475352112676056,0.6393458031769903,112.6,0.7164000883633421
23,100,hera,0.2,0.29,0.23327464788732394,0.38116197183098594,0.3855633802816901,0.48867374753266285,95.4,0.6282170820957486
23,200,edge,0.05,0.225,0.05457746478873239,0.6311619718309859,0.3142605633802817,0.786822069743397,126.6,0.0
23,200,edge,0.1,0.345,0.11267605633802817,0.5132042253521126,0.37411971830985913,0.6746874706269386,110.0,0.0
23,200,edge,0.2,0.475,0.21919014084507044,0.3908450704225352,0.3899647887323944,0.5493937400131591,96.19999999999999,0.0
23,200,cloud,0.05,0.09,0.06866197183098592,0.613556338028169,0.31778169014084506,0.7507284519221732,126.0,1.0
23,200,cloud,0.1,0.18,0.13732394366197184,0.5008802816901409,0.3617957746478873,0.6135915029608046,110.8,1.0
23,200,cloud,0.2,0.315,0.25264084507042256,0.3644366197183099,0.3829225352112676,0.46357740389134316,94.0,1.0
23,200,hera,0.05,0.09,0.06866197183098592,0.6126760563380281,0.31866197183098594,0.748754582197575,125.5,0.7756890088192024
23,200,hera,0.1,0.18,0.13732394366197184,0.5008802816901409,0.3617957746478873,0.6116176332362064,110.60000000000001,0.7012059683950866
23,200,hera,0.2,0.31,0.2517605633802817,0.363556338028169,0.3846830985915493,0.46705517435849236,94.0,0.6164880199718283
23,500,edge,0.05,0.26,0.06602112676056338,0.6003521126760564,0.3336267605633803,0.7525143340539524,121.80000000000001,0.0
23,500,edge,0.1,0.355,0.11883802816901408,0.5017605633802817,0.37940140845070425,0.6649121158003571,108.60000000000001,0.0
23,500,edge,0.2,0.49,0.2323943661971831,0.375,0.3926056338028169,0.5334147946235549,94.39999999999999,0.0
23,500,cloud,0.05,0.1,0.07570422535211267,0.5994718309859155,0.3248239436619718,0.7349374941253877,124.9,1.0
23,500,cloud,0.1,0.18,0.13732394366197184,0.5008802816901409,0.3617957746478873,0.6135915029608046,110.8,1.0
23,500,cloud,0.2,0.315,0.25264084507042256,0.3644366197183099,0.3829225352112676,0.46357740389134316,94.0,1.0
23,500,hera,0.05,0.09,0.06866197183098592,0.6126760563380281,0.31866197183098594,0.748754582197575,125.5,0.7756890088192024
23,500,hera,0.1,0.18,0.13732394366197184,0.5008802816901409,0.3617957746478873,0.6116176332362064,110.60000000000001,0.7012059683950866
23,500,hera,0.2,0.31,0.2517605633802817,0.363556338028169,0.3846830985915493,0.46705517435849236,94.0,0.6164880199718283
23,1000,edge,0.05,0.23,0.05545774647887324,0.625,0.31954225352112675,0.781464423348059,126.39999999999999,0.0
23,1000,edge,0.1,0.35,0.1153169014084507,0.5079225352112676,0.3767605633802817,0.669611805620829,108.80000000000001,0.0
23,1000,edge,0.2,0.49,0.2323943661971831,0.375,0.3926056338028169,0.5334147946235549,94.39999999999999,0.0
23,1000,cloud,0.05,0.09,0.06866197183098592,0.613556338028169,0.31778169014084506,0.7507284519221732,126.0,1.0
23,1000,cloud,0.1,0.17,0.1311619718309859,0.511443661971831,0.3573943661971831,0.6278785600150391,111.20000000000002,1.0
23,1000,cloud,0.2,0.3,0.2420774647887324,0.37059859154929575,0.3873239436619718,0.4788983927060814,95.0,1.0
23,1000,hera,0.05,0.09,0.06866197183098592,0.6126760563380281,0.31866197183098594,0.748754582197575,125.5,0.7756890088192024
23,1000,hera,0.1,0.17,0.1311619718309859,0.511443661971831,0.3573943661971831,0.626374659272488,111.20000000000002,0.7088594683324273
23,1000,hera,0.2,0.3,0.24295774647887325,0.36971830985915494,0.3873239436619718,0.4775824795563493,94.7,0.6224391153994758
23,0,edge_fixed0.5,,0.5,0.24295774647887325,0.37059859154929575,0.386443661971831,0.5204436507190525,93.69999999999999,0.0
23,0,cloud_fixed0.5,,0.5,0.4225352112676056,0.21390845070422534,0.363556338028169,0.2829213271924053,74.9,1.0
24,12,edge,0.05,0.01,0.0017605633802816902,0.8776408450704225,0.12059859154929578,0.9767835322868691,180.9,0.0
24,12,edge,0.1,0.49,0.21214788732394366,0.39172535211267606,0.3961267605633803,0.5351066829589247,95.39999999999999,0.0
24,12,edge,0.2,0.6,0.34242957746478875,0.2649647887323944,0.3926056338028169,0.40990694614155465,81.0,0.0
24,12,cloud,0.05,0.01,0.0035211267605633804,0.7948943661971831,0.20158450704225353,0.959112698561895,160.7,1.0
24,12,cloud,0.1,0.17,0.11619718309859155,0.5202464788732394,0.363556338028169,0.6253407275119842,111.10000000000001,1.0
24,12,cloud,0.2,0.17,0.11619718309859155,0.5202464788732394,0.363556338028169,0.6253407275119842,111.10000000000001,1.0
24,12,hera,0.05,0.01,0.0035211267605633804,0.7940140845070423,0.20246478873239437,0.9538490459629665,160.1,0.8936728834589595
24,12,hera,0.1,0.17,0.11619718309859155,0.5202464788732394,0.363556338028169,0.6240248143622521,111.0,0.7067223296124027
24,12,hera,0.2,0.17,0.11619718309859155,0.5202464788732394,0.363556338028169,0.6240248143622521,111.0,0.7067223296124027
24,25,edge,0.05,0.315,0.08714788732394366,0.5536971830985915,0.3591549295774648,0.6992198514898017,116.59999999999997,0.0
24,25,edge,0.1,0.38,0.1267605633802817,0.5026408450704225,0.37059859154929575,0.6373719334523922,108.7,0.0
24,25,edge,0.2,0.505,0.22183098591549297,0.37764084507042256,0.4005281690140845,0.5176238368267694,93.59999999999998,0.0
24,25,cloud,0.05,0.17,0.11619718309859155,0.5202464788732394,0.363556338028169,0.6253407275119842,111.10000000000001,1.0
24,25,cloud,0.1,0.17,0.11619718309859155,0.5202464788732394,0.363556338028169,0.6253407275119842,111.10000000000001,1.0
24,25,cloud,0.2,0.25,0.1795774647887324,0.4357394366197183,0.3846830985915493,0.5297490365635869,100.70000000000002,1.0
24,25,hera,0.05,0.17,0.11619718309859155,0.5202464788732394,0.363556338028169,0.6240248143622521,111.0,0.7067223296124027
24,25,hera,0.1,0.17,0.11619718309859155,0.5202464788732394,0.363556338028169,0.6240248143622521,111.0,0.7067223296124027
24,25,hera,0.2,0.25,0.18045774647887325,0.43485915492957744,0.3846830985915493,0.5288090985994924,100.60000000000001,0.6524109281790436
24,50,edge,0.05,0.315,0.08714788732394366,0.5536971830985915,0.3591549295774648,0.6992198514898017,116.59999999999997,0.0
24,50,edge,0.1,0.385,0.13556338028169015,0.49471830985915494,0.36971830985915494,0.6322022746498731,108.69999999999999,0.0
24,50,edge,0.2,0.505,0.22183098591549297,0.37764084507042256,0.4005281690140845,0.5176238368267694,93.59999999999998,0.0
24,50,cloud,0.05,0.17,0.11619718309859155,0.5202464788732394,0.363556338028169,0.6253407275119842,111.10000000000001,1.0
24,50,cloud,0.1,0.21,0.14788732394366197,0.48151408450704225,0.37059859154929575,0.5725162139298806,105.1,1.0
24,50,cloud,0.2,0.295,0.22007042253521128,0.3890845070422535,0.3908450704225352,0.4799323244665852,95.6,1.0
24,50,hera,0.05,0.17,0.11619718309859155,0.5202464788732394,0.363556338028169,0.6240248143622521,111.0,0.7067223296124027
24,50,hera,0.1,0.21,0.14788732394366197,0.48063380281690143,0.3714788732394366,0.5712942945765579,105.0,0.6782702318413808
24,50,hera,0.2,0.295,0.22095070422535212,0.3882042253521127,0.3908450704225352,0.4789923865024908,95.6,0.6250067388822877
24,100,edge,0.05,0.31,0.08450704225352113,0.5580985915492958,0.3573943661971831,0.7037315537174547,116.39999999999998,0.0
24,100,edge,0.1,0.41,0.1487676056338028,0.4735915492957746,0.37764084507042256,0.6079518751762384,103.80000000000001,0.0
24,100,edge,0.2,0.505,0.22183098591549297,0.37764084507042256,0.4005281690140845,0.5176238368267694,93.59999999999998,0.0
24,100,cloud,0.05,0.16,0.11003521126760564,0.5299295774647887,0.3600352112676056,0.637559921045211,113.20000000000002,1.0
24,100,cloud,0.1,0.195,0.13556338028169015,0.4982394366197183,0.36619718309859156,0.5908450042297209,108.0,1.0
24,100,cloud,0.2,0.285,0.2147887323943662,0.3970070422535211,0.3882042253521127,0.49196353040699314,96.69999999999999,1.0
24,100,hera,0.05,0.16,0.11003521126760564,0.5299295774647887,0.3600352112676056,0.6362440078954789,113.19999999999999,0.7142542371627677
24,100,hera,0.1,0.195,0.13556338028169015,0.4982394366197183,0.36619718309859156,0.5897170786728076,107.99999999999999,0.6884045824642344
24,100,hera,0.2,0.285,0.21566901408450703,0.3961267605633803,0.3882042253521127,0.4908356048500799,96.6,0.6309427427948467
24,200,edge,0.05,0.26,0.05721830985915493,0.6126760563380281,0.3301056338028169,0.7508224457185826,122.2,0.0
24,200,edge,0.1,0.38,0.1267605633802817,0.5026408450704225,0.37059859154929575,0.6373719334523922,108.7,0.0
24,200,edge,0.2,0.505,0.22183098591549297,0.37764084507042256,0.4005281690140845,0.5176238368267694,93.59999999999998,0.0
24,200,cloud,0.05,0.1,0.06778169014084508,0.6029929577464789,0.32922535211267606,0.7276999718018611,125.6,1.0
24,200,cloud,0.1,0.17,0.11619718309859155,0.5202464788732394,0.363556338028169,0.6253407275119842,111.10000000000001,1.0
24,200,cloud,0.2,0.28,0.20950704225352113,0.4022887323943662,0.3882042253521127,0.498167120970016,97.2,1.0
24,200,hera,0.05,0.1,0.06778169014084508,0.6029929577464789,0.32922535211267606,0.72619607105931,125.6,0.7638568445477532
24,200,hera,0.1,0.17,0.11619718309859155,0.5202464788732394,0.363556338028169,0.6240248143622521,111.0,0.7067223296124027
24,200,hera,0.2,0.28,0.21038732394366197,0.4014084507042254,0.3882042253521127,0.4970391954131027,97.0,0.6338184117330671
24,500,edge,0.05,0.19,0.037852112676056336,0.6769366197183099,0.2852112676056338,0.8117304257918977,134.8,0.0
24,500,edge,0.1,0.345,0.10211267605633803,0.5316901408450704,0.36619718309859156,0.6714916815490177,112.00000000000001,0.0
24,500,edge,0.2,0.45,0.18045774647887325,0.4234154929577465,0.3961267605633803,0.5706363380016919,98.80000000000001,0.0
24,500,cloud,0.05,0.075,0.04841549295774648,0.6426056338028169,0.3089788732394366,0.772629006485572,132.39999999999998,1.0
24,500,cloud,0.1,0.15,0.10651408450704225,0.5378521126760564,0.35563380281690143,0.6501550897640755,115.0,1.0
24,500,cloud,0.2,0.28,0.20950704225352113,0.4022887323943662,0.3882042253521127,0.498167120970016,97.2,1.0
24,500,hera,0.05,0.075,0.04841549295774648,0.641725352112676,0.30985915492957744,0.770279161575336,132.39999999999998,0.7884096907342845
24,500,hera,0.1,0.15,0.10651408450704225,0.5378521126760564,0.35563380281690143,0.6486511890215246,114.80000000000001,0.7218679369871978
24,500,hera,0.2,0.28,0.21038732394366197,0.4014084507042254,0.3882042253521127,0.4970391954131027,97.0,0.6338184117330671
24,1000,edge,0.05,0.22,0.04401408450704225,0.6522887323943662,0.30369718309859156,0.7865400883541687,129.89999999999998,0.0
24,1000,edge,0.1,0.335,0.09859154929577464,0.5404929577464789,0.3609154929577465,0.6808910611899615,114.0,0.0
24,1000,edge,0.2,0.47,0.19806338028169015,0.4102112676056338,0.39172535211267606,0.5518375787198045,97.60000000000001,0.0
24,1000,cloud,0.05,0.08,0.05017605633802817,0.6338028169014085,0.3160211267605634,0.7631356330482189,130.2,1.0
24,1000,cloud,0.1,0.15,0.10651408450704225,0.5378521126760564,0.35563380281690143,0.6501550897640755,115.0,1.0
24,1000,cloud,0.2,0.295,0.22007042253521128,0.3890845070422535,0.3908450704225352,0.4799323244665852,95.6,1.0
24,1000,hera,0.05,0.08,0.05017605633802817,0.6338028169014085,0.3160211267605634,0.7610677695272112,130.2,0.7833667478743593
24,1000,hera,0.1,0.15,0.10651408450704225,0.5378521126760564,0.35563380281690143,0.6486511890215246,114.80000000000001,0.7218679369871978
24,1000,hera,0.2,0.295,0.22095070422535212,0.3882042253521127,0.3908450704225352,0.4789923865024908,95.6,0.6250067388822877
24,0,edge_fixed0.5,,0.5,0.22007042253521128,0.3846830985915493,0.39524647887323944,0.523545446000564,94.6,0.0
24,0,cloud_fixed0.5,,0.5,0.4022887323943662,0.21919014084507044,0.3785211267605634,0.286305103863145,73.79999999999998,1.0
25,12,edge,0.05,0.01,0.0044014084507042256,0.8820422535211268,0.11355633802816902,0.9790393834006955,183.6,0.0
25,12,edge,0.1,0.3,0.07746478873239436,0.5713028169014085,0.3512323943661972,0.718018610771689,120.5,0.0
25,12,edge,0.2,0.42,0.16637323943661972,0.4612676056338028,0.37235915492957744,0.6025942287809004,107.0,0.0
25,12,cloud,0.05,0.01,0.00528169014084507,0.8036971830985915,0.19102112676056338,0.9626844628254535,163.8,1.0
25,12,cloud,0.1,0.025,0.011443661971830986,0.7491197183098591,0.23943661971830985,0.9054422408121064,155.20000000000002,1.0
25,12,cloud,0.2,0.115,0.07834507042253522,0.5915492957746479,0.3301056338028169,0.7104051132625246,126.8,1.0
25,12,hera,0.05,0.01,0.007042253521126761,0.8028169014084507,0.19014084507042253,0.9578907792085722,163.5,0.8950799830154923
25,12,hera,0.1,0.025,0.013204225352112676,0.7482394366197183,0.238556338028169,0.9015884951593195,155.2,0.8575930822275417
25,12,hera,0.2,0.115,0.07922535211267606,0.5915492957746479,0.32922535211267606,0.7087132249271548,126.30000000000001,0.7529362264255194
25,25,edge,0.05,0.185,0.03873239436619718,0.6892605633802817,0.2720070422535211,0.8215057806184792,139.6,0.0
25,25,edge,0.1,0.3,0.07746478873239436,0.5713028169014085,0.3512323943661972,0.718018610771689,120.5,0.0
25,25,edge,0.2,0.45,0.19278169014084506,0.43309859154929575,0.37411971830985913,0.5721402387442429,102.79999999999998,0.0
25,25,cloud,0.05,0.025,0.011443661971830986,0.7491197183098591,0.23943661971830985,0.9054422408121064,155.20000000000002,1.0
25,25,cloud,0.1,0.105,0.0721830985915493,0.602112676056338,0.3257042253521127,0.726384058652129,130.6,1.0
25,25,cloud,0.2,0.22,0.1522887323943662,0.4823943661971831,0.3653169014084507,0.5660306419776294,109.00000000000001,1.0
25,25,hera,0.05,0.025,0.013204225352112676,0.7482394366197183,0.238556338028169,0.9015884951593195,155.2,0.8575930822275417
25,25,hera,0.1,0.105,0.07306338028169014,0.6012323943661971,0.3257042253521127,0.7243161951311213,130.39999999999998,0.7619586016750783
25,25,hera,0.2,0.22,0.1522887323943662,0.4823943661971831,0.3653169014084507,0.5642447598458502,108.80000000000001,0.6734255253267473
25,50,edge,0.05,0.115,0.01936619718309859,0.7649647887323944,0.21566901408450703,0.8835416862487075,152.39999999999998,0.0
25,50,edge,0.1,0.3,0.07746478873239436,0.5713028169014085,0.3512323943661972,0.718018610771689,120.5,0.0
25,50,edge,0.2,0.45,0.19278169014084506,0.43309859154929575,0.37411971830985913,0.5721402387442429,102.79999999999998,0.0
25,50,cloud,0.05,0.025,0.011443661971830986,0.7491197183098591,0.23943661971830985,0.9054422408121064,155.20000000000002,1.0
25,50,cloud,0.1,0.095,0.06778169014084508,0.6205985915492958,0.31161971830985913,0.7424569978381427,132.8,1.0
25,50,cloud,0.2,0.22,0.1522887323943662,0.4823943661971831,0.3653169014084507,0.5660306419776294,109.00000000000001,1.0
25,50,hera,0.05,0.025,0.013204225352112676,0.7482394366197183,0.238556338028169,0.9015884951593195,155.2,0.8575930822275417
25,50,hera,0.1,0.095,0.06866197183098592,0.6205985915492958,0.3107394366197183,0.7404831281135446,132.8,0.7712766520980123
25,50,hera,0.2,0.22,0.1522887323943662,0.4823943661971831,0.3653169014084507,0.5642447598458502,108.80000000000001,0.6734255253267473
25,100,edge,0.05,0.16,0.03345070422535211,0.7121478873239436,0.25440140845070425,0.8447222483316101,144.8,0.0
25,100,edge,0.1,0.31,0.08538732394366197,0.5625,0.352112676056338,0.7086192311307453,120.20000000000002,0.0
25,100,edge,0.2,0.49,0.2306338028169014,0.4005281690140845,0.36883802816901406,0.5315349186953661,100.80000000000001,0.0
25,100,cloud,0.05,0.04,0.018485915492957746,0.715669014084507,0.2658450704225352,0.8599492433499389,147.0,1.0
25,100,cloud,0.1,0.11,0.07570422535211267,0.5977112676056338,0.3265845070422535,0.7181126045680986,129.5,1.0
25,100,cloud,0.2,0.31,0.22975352112676056,0.386443661971831,0.38380281690140844,0.4689350502866811,97.20000000000002,1.0
25,100,hera,0.05,0.04,0.02112676056338028,0.7147887323943662,0.2640845070422535,0.8570354356612464,147.1,0.8333846065937869
25,100,hera,0.1,0.11,0.07658450704225352,0.5977112676056338,0.3257042253521127,0.7164207162327286,129.4,0.7573084160251479
25,100,hera,0.2,0.31,0.23151408450704225,0.386443661971831,0.38204225352112675,0.46761913713694897,97.4,0.6181627727913693
25,200,edge,0.05,0.16,0.03345070422535211,0.7121478873239436,0.25440140845070425,0.8447222483316101,144.8,0.0
25,200,edge,0.1,0.32,0.08890845070422536,0.5528169014084507,0.35827464788732394,0.6995958266754394,117.80000000000001,0.0
25,200,edge,0.2,0.49,0.2306338028169014,0.4005281690140845,0.36883802816901406,0.5315349186953661,100.80000000000001,0.0
25,200,cloud,0.05,0.05,0.02992957746478873,0.6954225352112676,0.2746478873239437,0.8335369865588871,143.0,1.0
25,200,cloud,0.1,0.145,0.10211267605633803,0.5528169014084507,0.34507042253521125,0.6653820847824043,120.9,1.0
25,200,cloud,0.2,0.31,0.22975352112676056,0.386443661971831,0.38380281690140844,0.4689350502866811,97.20000000000002,1.0
25,200,hera,0.05,0.05,0.03169014084507042,0.6954225352112676,0.272887323943662,0.8310931478522418,143.5,0.8195975094255983
25,200,hera,0.1,0.145,0.10211267605633803,0.5528169014084507,0.34507042253521125,0.6638781840398533,120.8,0.7282110536151951
25,200,hera,0.2,0.31,0.23151408450704225,0.386443661971831,0.38204225352112675,0.46761913713694897,97.4,0.6181627727913693
25,500,edge,0.05,0.23,0.05369718309859155,0.6443661971830986,0.3019366197183099,0.7797725350126892,130.79999999999998,0.0
25,500,edge,0.1,0.37,0.1267605633802817,0.5035211267605634,0.36971830985915494,0.6534448726384059,113.39999999999999,0.0
25,500,edge,0.2,0.495,0.2367957746478873,0.3987676056338028,0.3644366197183099,0.5260832785036188,100.80000000000001,0.0
25,500,cloud,0.05,0.08,0.05369718309859155,0.641725352112676,0.3045774647887324,0.7701851677789265,134.60000000000002,1.0
25,500,cloud,0.1,0.15,0.10651408450704225,0.5431338028169014,0.3503521126760563,0.6596484632014287,120.19999999999999,1.0
25,500,cloud,0.2,0.28,0.20246478873239437,0.40933098591549294,0.3882042253521127,0.5007049534730708,100.1,1.0
25,500,hera,0.05,0.08,0.05457746478873239,0.641725352112676,0.30369718309859156,0.768117304257919,134.70000000000002,0.7861615862123874
25,500,hera,0.1,0.15,0.10651408450704225,0.5431338028169014,0.3503521126760563,0.6580505686624682,120.19999999999999,0.7243967607906912
25,500,hera,0.2,0.28,0.20422535211267606,0.40757042253521125,0.3882042253521127,0.49985900930538585,99.79999999999998,0.6355669147753378
25,1000,edge,0.05,0.21,0.04401408450704225,0.6628521126760564,0.29313380281690143,0.7974433687376633,134.5,0.0
25,1000,edge,0.1,0.34,0.10299295774647887,0.5308098591549296,0.36619718309859156,0.6829589247109691,117.2,0.0
25,1000,edge,0.2,0.49,0.2306338028169014,0.4005281690140845,0.36883802816901406,0.5315349186953661,100.80000000000001,0.0
25,1000,cloud,0.05,0.085,0.058098591549295774,0.6338028169014085,0.30809859154929575,0.7603158191559357,134.4,1.0
25,1000,cloud,0.1,0.15,0.10651408450704225,0.5431338028169014,0.3503521126760563,0.6596484632014287,120.19999999999999,1.0
25,1000,cloud,0.2,0.28,0.20246478873239437,0.40933098591549294,0.3882042253521127,0.5007049534730708,100.1,1.0
25,1000,hera,0.05,0.085,0.05897887323943662,0.6338028169014085,0.30721830985915494,0.7579659742456998,134.4,0.7811095285289322
25,1000,hera,0.1,0.15,0.10651408450704225,0.5431338028169014,0.3503521126760563,0.6580505686624682,120.19999999999999,0.7243967607906912
25,1000,hera,0.2,0.28,0.20422535211267606,0.40757042253521125,0.3882042253521127,0.49985900930538585,99.79999999999998,0.6355669147753378
25,0,edge_fixed0.5,,0.5,0.23767605633802816,0.397887323943662,0.3644366197183099,0.5204436507190525,100.80000000000001,0.0
25,0,cloud_fixed0.5,,0.5,0.397887323943662,0.24031690140845072,0.3617957746478873,0.2879029984021055,78.3,1.0
26,12,edge,0.05,0.01,0.002640845070422535,0.8697183098591549,0.12764084507042253,0.9790393834006955,183.4,0.0
26,12,edge,0.1,0.01,0.002640845070422535,0.8697183098591549,0.12764084507042253,0.9790393834006955,183.4,0.0
26,12,edge,0.2,0.31,0.09419014084507042,0.5669014084507042,0.3389084507042254,0.7015696964000376,118.39999999999999,0.0
26,12,cloud,0.05,0.01,0.006161971830985915,0.7975352112676056,0.19630281690140844,0.9640943697715951,164.8,1.0
26,12,cloud,0.1,0.05,0.03345070422535211,0.7007042253521126,0.2658450704225352,0.8335369865588871,141.8,1.0
26,12,cloud,0.2,0.08,0.05545774647887324,0.6470070422535211,0.2975352112676056,0.765109502772817,132.8,1.0
26,12,hera,0.05,0.01,0.006161971830985915,0.7975352112676056,0.19630281690140844,0.9580787668013911,164.8,0.8943827559680959
26,12,hera,0.1,0.01,0.006161971830985915,0.7975352112676056,0.19630281690140844,0.9580787668013911,164.8,0.8943827559680959
26,12,hera,0.2,0.08,0.05545774647887324,0.6461267605633803,0.2984154929577465,0.7625716702697622,132.8,0.7855012336126231
26,25,edge,0.05,0.01,0.002640845070422535,0.8697183098591549,0.12764084507042253,0.9790393834006955,183.4,0.0
26,25,edge,0.1,0.125,0.022007042253521125,0.7526408450704225,0.22535211267605634,0.8738603252185356,149.0,0.0
26,25,edge,0.2,0.36,0.12235915492957747,0.5193661971830986,0.35827464788732394,0.6568286493091456,111.39999999999999,0.0
26,25,cloud,0.05,0.015,0.008802816901408451,0.7764084507042254,0.2147887323943662,0.9427577779866528,159.1,1.0
26,25,cloud,0.1,0.05,0.03345070422535211,0.7007042253521126,0.2658450704225352,0.8335369865588871,141.8,1.0
26,25,cloud,0.2,0.21,0.14612676056338028,0.5132042253521126,0.34066901408450706,0.5763699595826676,110.60000000000001,1.0
26,25,hera,0.05,0.01,0.006161971830985915,0.7975352112676056,0.19630281690140844,0.9580787668013911,164.8,0.8943827559680959
26,25,hera,0.1,0.015,0.009683098591549295,0.7764084507042254,0.21390845070422534,0.9379640943697716,159.0,0.8793505547483863
26,25,hera,0.2,0.21,0.14612676056338028,0.5123239436619719,0.3415492957746479,0.5746780712472976,110.19999999999999,0.6796280640095369
26,50,edge,0.05,0.085,0.013204225352112676,0.7878521126760564,0.198943661971831,0.9107058934110349,158.0,0.0
26,50,edge,0.1,0.15,0.028169014084507043,0.7279929577464789,0.2438380281690141,0.8502678823197669,145.0,0.0
26,50,edge,0.2,0.36,0.12235915492957747,0.5193661971830986,0.35827464788732394,0.6568286493091456,111.39999999999999,0.0
26,50,cloud,0.05,0.025,0.017605633802816902,0.75,0.2323943661971831,0.9050662656264686,154.29999999999998,1.0
26,50,cloud,0.1,0.05,0.03345070422535211,0.7007042253521126,0.2658450704225352,0.8335369865588871,141.8,1.0
26,50,cloud,0.2,0.14,0.10123239436619719,0.5765845070422535,0.3221830985915493,0.6678259234890497,120.8,1.0
26,50,hera,0.05,0.015,0.009683098591549295,0.7764084507042254,0.21390845070422534,0.9379640943697716,159.0,0.8793505547483863
26,50,hera,0.1,0.045,0.02992957746478873,0.7068661971830986,0.2632042253521127,0.8441582855531535,143.1,0.8254001524223481
26,50,hera,0.2,0.14,0.10123239436619719,0.5765845070422535,0.3221830985915493,0.665946047560861,120.2,0.73120614985457
26,100,edge,0.05,0.15,0.028169014084507043,0.7279929577464789,0.2438380281690141,0.8502678823197669,145.0,0.0
26,100,edge,0.1,0.24,0.061619718309859156,0.641725352112676,0.2966549295774648,0.7654854779584548,129.29999999999998,0.0
26,100,edge,0.2,0.435,0.1742957746478873,0.45598591549295775,0.36971830985915494,0.5848294012595169,103.5,0.0
26,100,cloud,0.05,0.045,0.02992957746478873,0.7077464788732394,0.2623239436619718,0.8471660870382555,143.3,1.0
26,100,cloud,0.1,0.08,0.05545774647887324,0.6470070422535211,0.2975352112676056,0.765109502772817,132.8,1.0
26,100,cloud,0.2,0.21,0.14612676056338028,0.5132042253521126,0.34066901408450706,0.5763699595826676,110.60000000000001,1.0
26,100,hera,0.05,0.035,0.023767605633802816,0.733274647887324,0.24295774647887325,0.8708525237334336,147.6,0.8401198964023061
26,100,hera,0.1,0.08,0.05545774647887324,0.6461267605633803,0.2984154929577465,0.7625716702697622,132.8,0.7855012336126231
26,100,hera,0.2,0.21,0.14612676056338028,0.5123239436619719,0.3415492957746479,0.5746780712472976,110.19999999999999,0.6796280640095369
26,200,edge,0.05,0.155,0.03169014084507042,0.7200704225352113,0.2482394366197183,0.8458501738885233,144.70000000000002,0.0
26,200,edge,0.1,0.265,0.07042253521126761,0.6214788732394366,0.30809859154929575,0.7434909295986465,125.5,0.0
26,200,edge,0.2,0.435,0.1742957746478873,0.45598591549295775,0.36971830985915494,0.5848294012595169,103.5,0.0
26,200,cloud,0.05,0.045,0.02992957746478873,0.7077464788732394,0.2623239436619718,0.8471660870382555,143.3,1.0
26,200,cloud,0.1,0.12,0.08274647887323944,0.6012323943661971,0.3160211267605634,0.6962120500046997,125.0,1.0
26,200,cloud,0.2,0.245,0.1698943661971831,0.4762323943661972,0.3538732394366197,0.5366105837014757,104.99999999999999,1.0
26,200,hera,0.05,0.045,0.02992957746478873,0.7068661971830986,0.2632042253521127,0.8441582855531535,143.1,0.8254001524223481
26,200,hera,0.1,0.12,0.08274647887323944,0.6012323943661971,0.3160211267605634,0.6947081492621487,124.60000000000001,0.7479933725834661
26,200,hera,0.2,0.245,0.17077464788732394,0.4753521126760563,0.3538732394366197,0.5358586333302002,105.0,0.6567185763755028
26,500,edge,0.05,0.255,0.06602112676056338,0.6302816901408451,0.30369718309859156,0.7527963154431807,126.4,0.0
26,500,edge,0.1,0.36,0.12235915492957747,0.5193661971830986,0.35827464788732394,0.6568286493091456,111.39999999999999,0.0
26,500,edge,0.2,0.49,0.21919014084507044,0.4022887323943662,0.3785211267605634,0.5309709559169095,98.60000000000002,0.0
26,500,cloud,0.05,0.09,0.06514084507042253,0.6373239436619719,0.2975352112676056,0.7458407745088824,130.9,1.0
26,500,cloud,0.1,0.165,0.12059859154929578,0.5492957746478874,0.3301056338028169,0.6326722436319203,118.2,1.0
26,500,cloud,0.2,0.295,0.2130281690140845,0.4084507042253521,0.3785211267605634,0.48294012595168717,98.5,1.0
26,500,hera,0.05,0.09,0.06514084507042253,0.636443661971831,0.2984154929577465,0.7435849233950559,130.7,0.7754633693030839
26,500,hera,0.1,0.165,0.12059859154929578,0.5492957746478874,0.3301056338028169,0.631544318075007,117.8,0.7119262903371746
26,500,hera,0.2,0.295,0.21390845070422534,0.40757042253521125,0.3785211267605634,0.48190619419118336,98.4,0.625559836298818
26,1000,edge,0.05,0.255,0.06602112676056338,0.6302816901408451,0.30369718309859156,0.7527963154431807,126.4,0.0
26,1000,edge,0.1,0.355,0.11883802816901408,0.5255281690140845,0.35563380281690143,0.6617163267224363,111.39999999999999,0.0
26,1000,edge,0.2,0.475,0.20950704225352113,0.4137323943661972,0.3767605633802817,0.5465739261208761,99.5,0.0
26,1000,cloud,0.05,0.085,0.06073943661971831,0.641725352112676,0.2975352112676056,0.7542062223893223,132.20000000000002,1.0
26,1000,cloud,0.1,0.15,0.11091549295774648,0.5651408450704225,0.323943661971831,0.6542908168060908,119.30000000000001,1.0
26,1000,cloud,0.2,0.27,0.19014084507042253,0.44366197183098594,0.36619718309859156,0.5098223517247862,101.8,1.0
26,1000,hera,0.05,0.085,0.06073943661971831,0.6408450704225352,0.2984154929577465,0.7515743960898581,132.20000000000002,0.7805731318143574
26,1000,hera,0.1,0.15,0.11091549295774648,0.5651408450704225,0.323943661971831,0.6526929222671304,119.2,0.7232574664879915
26,1000,hera,0.2,0.27,0.19102112676056338,0.44278169014084506,0.36619718309859156,0.5091643951499201,101.6,0.640689949605252
26,0,edge_fixed0.5,,0.5,0.2262323943661972,0.39348591549295775,0.38028169014084506,0.5204436507190525,97.60000000000001,0.0
26,0,cloud_fixed0.5,,0.5,0.4014084507042254,0.2227112676056338,0.37588028169014087,0.28809098599492433,77.0,1.0
27,12,edge,0.05,0.01,0.0017605633802816902,0.8609154929577465,0.13732394366197184,0.9775354826581446,180.9,0.0
27,12,edge,0.1,0.45,0.18661971830985916,0.43485915492957744,0.3785211267605634,0.5678165241094087,101.6,0.0
27,12,edge,0.2,0.46,0.19278169014084506,0.42869718309859156,0.3785211267605634,0.5586051320612839,100.2,0.0
27,12,cloud,0.05,0.01,0.0044014084507042256,0.7922535211267606,0.20334507042253522,0.9637183945859573,160.0,1.0
27,12,cloud,0.1,0.035,0.02464788732394366,0.7244718309859155,0.25088028169014087,0.8712284989190714,146.5,1.0
27,12,cloud,0.2,0.395,0.30633802816901406,0.31161971830985913,0.38204225352112675,0.3789829871228499,88.5,1.0
27,12,hera,0.05,0.01,0.00528169014084507,0.7913732394366197,0.20334507042253522,0.9575148040229345,160.0,0.8936779836245599
27,12,hera,0.1,0.035,0.025528169014084508,0.7244718309859155,0.25,0.8682206974339693,146.6,0.8383800322776582
27,12,hera,0.2,0.395,0.3089788732394366,0.30985915492957744,0.38116197183098594,0.3782310367515744,88.0,0.5673228152358728
27,25,edge,0.05,0.295,0.07306338028169014,0.5765845070422535,0.3503521126760563,0.7133189209512172,121.0,0.0
27,25,edge,0.1,0.41,0.14964788732394366,0.47975352112676056,0.37059859154929575,0.6059780054516402,107.39999999999999,0.0
27,25,edge,0.2,0.475,0.20950704225352113,0.4128521126760563,0.37764084507042256,0.5442240812106401,98.6,0.0
27,25,cloud,0.05,0.035,0.02464788732394366,0.7244718309859155,0.25088028169014087,0.8712284989190714,146.5,1.0
27,25,cloud,0.1,0.27,0.19454225352112675,0.43133802816901406,0.37411971830985913,0.505498637089952,101.6,1.0
27,25,cloud,0.2,0.435,0.34683098591549294,0.2755281690140845,0.37764084507042256,0.3405395243913902,84.80000000000001,1.0
27,25,hera,0.05,0.035,0.025528169014084508,0.7244718309859155,0.25,0.8682206974339693,146.6,0.8383800322776582
27,25,hera,0.1,0.27,0.19454225352112675,0.4295774647887324,0.37588028169014087,0.5047466867186766,101.20000000000002,0.6383105883677136
27,25,hera,0.2,0.435,0.3503521126760563,0.2720070422535211,0.37764084507042256,0.3395995864272958,84.5,0.5473007542079342
27,50,edge,0.05,0.275,0.06514084507042253,0.5977112676056338,0.3371478873239437,0.7311777422690102,124.6,0.0
27,50,edge,0.1,0.38,0.13028169014084506,0.5061619718309859,0.363556338028169,0.6358680327098412,110.0,0.0
27,50,edge,0.2,0.475,0.20950704225352113,0.4128521126760563,0.37764084507042256,0.5442240812106401,98.6,0.0
27,50,cloud,0.05,0.04,0.025528169014084508,0.7121478873239436,0.2623239436619718,0.8585393364037973,145.0,1.0
27,50,cloud,0.1,0.21,0.13908450704225353,0.49735915492957744,0.363556338028169,0.5721402387442429,108.80000000000001,1.0
27,50,cloud,0.2,0.395,0.30633802816901406,0.31161971830985913,0.38204225352112675,0.3789829871228499,88.5,1.0
27,50,hera,0.05,0.04,0.027288732394366196,0.7112676056338029,0.261443661971831,0.8556255287151048,145.0,0.8306915517818838
27,50,hera,0.1,0.21,0.13908450704225353,0.49735915492957744,0.363556338028169,0.5712003007801485,108.19999999999999,0.6770384299332757
27,50,hera,0.2,0.395,0.3089788732394366,0.30985915492957744,0.38116197183098594,0.3782310367515744,88.0,0.5673228152358728
27,100,edge,0.05,0.205,0.04225352112676056,0.6602112676056338,0.2975352112676056,0.7950935238274274,134.20000000000002,0.0
27,100,edge,0.1,0.41,0.14964788732394366,0.47975352112676056,0.37059859154929575,0.6059780054516402,107.39999999999999,0.0
27,100,edge,0.2,0.535,0.25704225352112675,0.3573943661971831,0.3855633802816901,0.48021430585581354,93.19999999999999,0.0
27,100,cloud,0.05,0.055,0.04137323943661972,0.676056338028169,0.28257042253521125,0.818873954319015,138.6,1.0
27,100,cloud,0.1,0.205,0.136443661971831,0.5026408450704225,0.3609154929577465,0.5773098975467619,109.80000000000001,1.0
27,100,cloud,0.2,0.365,0.2737676056338028,0.3345070422535211,0.39172535211267606,0.4084030453990037,90.99999999999999,1.0
27,100,hera,0.05,0.055,0.04137323943661972,0.676056338028169,0.28257042253521125,0.8165241094087791,138.6,0.8109641265513832
27,100,hera,0.1,0.205,0.136443661971831,0.5026408450704225,0.3609154929577465,0.5765579471754864,109.60000000000001,0.6803729333688681
27,100,hera,0.2,0.365,0.2764084507042254,0.3336267605633803,0.3899647887323944,0.40765109502772817,91.19999999999999,0.58340958110404
27,200,edge,0.05,0.195,0.04137323943661972,0.6725352112676056,0.2860915492957746,0.8045868972647805,136.4,0.0
27,200,edge,0.1,0.35,0.10651408450704225,0.5360915492957746,0.3573943661971831,0.6637841902434439,113.60000000000001,0.0
27,200,edge,0.2,0.5,0.22887323943661972,0.3899647887323944,0.38116197183098594,0.5184697809944544,96.8,0.0
27,200,cloud,0.05,0.065,0.04401408450704225,0.6575704225352113,0.2984154929577465,0.7946235548453802,135.8,1.0
27,200,cloud,0.1,0.13,0.08538732394366197,0.5633802816901409,0.3512323943661972,0.6761913713694896,120.19999999999999,1.0
27,200,cloud,0.2,0.345,0.25704225352112675,0.35827464788732394,0.3846830985915493,0.4287996992198515,93.8,1.0
27,200,hera,0.05,0.065,0.0448943661971831,0.6575704225352113,0.2975352112676056,0.7925556913243726,135.8,0.7992841557917836
27,200,hera,0.1,0.13,0.08538732394366197,0.5633802816901409,0.3512323943661972,0.6748754582197575,120.19999999999999,0.7376446403068708
27,200,hera,0.2,0.34,0.25440140845070425,0.3617957746478873,0.38380281690140844,0.4326534448726384,94.4,0.5975007761710374
27,500,edge,0.05,0.205,0.04225352112676056,0.6602112676056338,0.2975352112676056,0.7950935238274274,134.20000000000002,0.0
27,500,edge,0.1,0.34,0.10035211267605634,0.5475352112676056,0.352112676056338,0.6739355202556632,115.29999999999998,0.0
27,500,edge,0.2,0.48,0.2130281690140845,0.4084507042253521,0.3785211267605634,0.538396465833255,98.19999999999999,0.0
27,500,cloud,0.05,0.07,0.045774647887323945,0.6505281690140845,0.30369718309859156,0.7837202744618855,134.2,1.0
27,500,cloud,0.1,0.14,0.09419014084507042,0.5563380281690141,0.3494718309859155,0.6622802895008929,119.8,1.0
27,500,cloud,0.2,0.275,0.19718309859154928,0.42869718309859156,0.37411971830985913,0.49967102171256694,101.00000000000003,1.0
27,500,hera,0.05,0.07,0.04665492957746479,0.6505281690140845,0.3028169014084507,0.7815584171444685,134.39999999999998,0.7938932349697442
27,500,hera,0.1,0.14,0.09419014084507042,0.5554577464788732,0.3503521126760563,0.6606823949619325,119.8,0.7293138476104196
27,500,hera,0.2,0.275,0.19718309859154928,0.4269366197183099,0.37588028169014087,0.4987310837484726,100.69999999999999,0.6353223832278577
27,1000,edge,0.05,0.21,0.04401408450704225,0.6549295774647887,0.301056338028169,0.7902998402105461,134.2,0.0
27,1000,edge,0.1,0.335,0.0977112676056338,0.551056338028169,0.3512323943661972,0.6779772535012689,115.79999999999998,0.0
27,1000,edge,0.2,0.47,0.19982394366197184,0.41725352112676056,0.3829225352112676,0.5477958454741987,98.6,0.0
27,1000,cloud,0.05,0.075,0.04665492957746479,0.6399647887323944,0.31338028169014087,0.7727230002819814,133.20000000000002,1.0
27,1000,cloud,0.1,0.13,0.08538732394366197,0.5633802816901409,0.3512323943661972,0.6761913713694896,120.19999999999999,1.0
27,1000,cloud,0.2,0.275,0.19718309859154928,0.42869718309859156,0.37411971830985913,0.49967102171256694,101.00000000000003,1.0
27,1000,hera,0.05,0.075,0.04753521126760563,0.6399647887323944,0.3125,0.7703731553717454,133.3,0.7886833587826001
27,1000,hera,0.1,0.13,0.08538732394366197,0.5633802816901409,0.3512323943661972,0.6748754582197575,120.19999999999999,0.7376446403068708
27,1000,hera,0.2,0.275,0.19718309859154928,0.4269366197183099,0.37588028169014087,0.4987310837484726,100.69999999999999,0.6353223832278577
27,0,edge_fixed0.5,,0.5,0.22887323943661972,0.3899647887323944,0.38116197183098594,0.5184697809944544,96.8,0.0
27,0,cloud_fixed0.5,,0.5,0.4154929577464789,0.23503521126760563,0.3494718309859155,0.2813234326534449,80.5,1.0
28,12,edge,0.05,0.01,0.0017605633802816902,0.8820422535211268,0.11619718309859155,0.9767835322868691,183.2,0.0
28,12,edge,0.1,0.15,0.030809859154929578,0.7376760563380281,0.23151408450704225,0.8497039195413103,146.2,0.0
28,12,edge,0.2,0.27,0.07042253521126761,0.6311619718309859,0.2984154929577465,0.7408591032991823,125.6,0.0
28,12,cloud,0.05,0.01,0.00528169014084507,0.8028169014084507,0.19190140845070422,0.9606165993044459,163.29999999999998,1.0
28,12,cloud,0.1,0.03,0.016725352112676055,0.7526408450704225,0.2306338028169014,0.8913431713506909,149.8,1.0
28,12,cloud,0.2,0.195,0.12411971830985916,0.516725352112676,0.3591549295774648,0.5929128677507285,110.79999999999998,1.0
28,12,hera,0.05,0.01,0.00528169014084507,0.8028169014084507,0.19190140845070422,0.9544130087414231,163.0,0.8931062635768678
28,12,hera,0.1,0.03,0.016725352112676055,0.7517605633802817,0.23151408450704225,0.8869254629194473,149.8,0.8469744196713987
28,12,hera,0.2,0.195,0.12411971830985916,0.516725352112676,0.3591549295774648,0.5909389980261303,110.39999999999999,0.6897856256869787
28,25,edge,0.05,0.13,0.02640845070422535,0.7640845070422535,0.20950704225352113,0.8673747532662844,149.9,0.0
28,25,edge,0.1,0.15,0.030809859154929578,0.7376760563380281,0.23151408450704225,0.8497039195413103,146.2,0.0
28,25,edge,0.2,0.47,0.2007042253521127,0.42077464788732394,0.3785211267605634,0.5512736159413478,100.00000000000003,0.0
28,25,cloud,0.05,0.02,0.014084507042253521,0.7684859154929577,0.21742957746478872,0.9239590187047655,156.3,1.0
28,25,cloud,0.1,0.03,0.016725352112676055,0.7526408450704225,0.2306338028169014,0.8913431713506909,149.8,1.0
28,25,cloud,0.2,0.195,0.12411971830985916,0.516725352112676,0.3591549295774648,0.5929128677507285,110.79999999999998,1.0
28,25,hera,0.05,0.02,0.014084507042253521,0.7684859154929577,0.21742957746478872,0.9192593288842936,156.0,0.8659632553170572
28,25,hera,0.1,0.03,0.016725352112676055,0.7517605633802817,0.23151408450704225,0.8869254629194473,149.8,0.8469744196713987
28,25,hera,0.2,0.195,0.12411971830985916,0.516725352112676,0.3591549295774648,0.5909389980261303,110.39999999999999,0.6897856256869787
28,50,edge,0.05,0.15,0.030809859154929578,0.7376760563380281,0.23151408450704225,0.8497039195413103,146.2,0.0
28,50,edge,0.1,0.345,0.0994718309859155,0.5440140845070423,0.35651408450704225,0.6704577497885139,114.60000000000001,0.0
28,50,edge,0.2,0.47,0.2007042253521127,0.42077464788732394,0.3785211267605634,0.5512736159413478,100.00000000000003,0.0
28,50,cloud,0.05,0.03,0.016725352112676055,0.7526408450704225,0.2306338028169014,0.8913431713506909,149.8,1.0
28,50,cloud,0.1,0.195,0.12411971830985916,0.516725352112676,0.3591549295774648,0.5929128677507285,110.79999999999998,1.0
28,50,cloud,0.2,0.395,0.3107394366197183,0.31778169014084506,0.3714788732394366,0.3849045962966444,88.4,1.0
28,50,hera,0.05,0.03,0.016725352112676055,0.7517605633802817,0.23151408450704225,0.8869254629194473,149.8,0.8469744196713987
28,50,hera,0.1,0.195,0.12411971830985916,0.516725352112676,0.3591549295774648,0.5909389980261303,110.39999999999999,0.6897856256869787
28,50,hera,0.2,0.395,0.3142605633802817,0.31778169014084506,0.36795774647887325,0.3841526459253689,88.80000000000001,0.5703943997644316
28,100,edge,0.05,0.27,0.07042253521126761,0.6311619718309859,0.2984154929577465,0.7408591032991823,125.6,0.0
28,100,edge,0.1,0.345,0.0994718309859155,0.5440140845070423,0.35651408450704225,0.6704577497885139,114.60000000000001,0.0
28,100,edge,0.2,0.47,0.2007042253521127,0.42077464788732394,0.3785211267605634,0.5512736159413478,100.00000000000003,0.0
28,100,cloud,0.05,0.075,0.04401408450704225,0.659330985915493,0.2966549295774648,0.7758247955634928,134.60000000000002,1.0
28,100,cloud,0.1,0.195,0.12411971830985916,0.516725352112676,0.3591549295774648,0.5929128677507285,110.79999999999998,1.0
28,100,cloud,0.2,0.34,0.25264084507042256,0.3617957746478873,0.3855633802816901,0.439233010621299,92.4,1.0
28,100,hera,0.05,0.075,0.0448943661971831,0.6584507042253521,0.2966549295774648,0.7727230002819814,134.4,0.7896896414342663
28,100,hera,0.1,0.195,0.12411971830985916,0.516725352112676,0.3591549295774648,0.5909389980261303,110.39999999999999,0.6897856256869787
28,100,hera,0.2,0.34,0.25704225352112675,0.3617957746478873,0.38116197183098594,0.4378231036751574,93.39999999999999,0.6005924837345372
28,200,edge,0.05,0.27,0.07042253521126761,0.6311619718309859,0.2984154929577465,0.7408591032991823,125.6,0.0
28,200,edge,0.1,0.345,0.0994718309859155,0.5440140845070423,0.35651408450704225,0.6704577497885139,114.60000000000001,0.0
28,200,edge,0.2,0.505,0.22095070422535212,0.3890845070422535,0.3899647887323944,0.5162139298806279,95.4,0.0
28,200,cloud,0.05,0.075,0.04401408450704225,0.659330985915493,0.2966549295774648,0.7758247955634928,134.60000000000002,1.0
28,200,cloud,0.1,0.17,0.1073943661971831,0.5422535211267606,0.3503521126760563,0.6278785600150391,115.19999999999999,1.0
28,200,cloud,0.2,0.305,0.22007042253521128,0.3890845070422535,0.3908450704225352,0.4746686718676567,95.79999999999998,1.0
28,200,hera,0.05,0.075,0.0448943661971831,0.6584507042253521,0.2966549295774648,0.7727230002819814,134.4,0.7896896414342663
28,200,hera,0.1,0.17,0.1073943661971831,0.5422535211267606,0.3503521126760563,0.6257167026976219,115.1,0.7079942412371775
28,200,hera,0.2,0.305,0.22095070422535212,0.3890845070422535,0.3899647887323944,0.4730707773286963,95.99999999999999,0.6204688534865372
28,500,edge,0.05,0.26,0.06426056338028169,0.6426056338028169,0.29313380281690143,0.7501644891437165,127.39999999999999,0.0
28,500,edge,0.1,0.34,0.0994718309859155,0.5475352112676056,0.3529929577464789,0.677131309333584,116.4,0.0
28,500,edge,0.2,0.48,0.21038732394366197,0.4128521126760563,0.3767605633802817,0.5418742363004042,99.4,0.0
28,500,cloud,0.05,0.075,0.04401408450704225,0.659330985915493,0.2966549295774648,0.7758247955634928,134.60000000000002,1.0
28,500,cloud,0.1,0.14,0.08890845070422536,0.5730633802816901,0.3380281690140845,0.6676379358962309,120.19999999999999,1.0
28,500,cloud,0.2,0.285,0.2068661971830986,0.40933098591549294,0.38380281690140844,0.495159319484914,99.0,1.0
28,500,hera,0.05,0.07,0.04225352112676056,0.6698943661971831,0.2878521126760563,0.78296832409061,135.9,0.7950062575102874
28,500,hera,0.1,0.14,0.08890845070422536,0.5730633802816901,0.3380281690140845,0.6651940971895854,120.00000000000001,0.7310411629420795
28,500,hera,0.2,0.285,0.20774647887323944,0.4084507042253521,0.38380281690140844,0.4939374001315913,98.69999999999999,0.6322775636109266
28,1000,edge,0.05,0.24,0.058098591549295774,0.6566901408450704,0.2852112676056338,0.7689632484256039,130.39999999999998,0.0
28,1000,edge,0.1,0.34,0.0994718309859155,0.5475352112676056,0.3529929577464789,0.677131309333584,116.4,0.0
28,1000,edge,0.2,0.475,0.2068661971830986,0.41813380281690143,0.375,0.5475138640849704,100.0,0.0
28,1000,cloud,0.05,0.07,0.040492957746478875,0.670774647887324,0.2887323943661972,0.7856941441864836,135.9,1.0
28,1000,cloud,0.1,0.14,0.08890845070422536,0.5730633802816901,0.3380281690140845,0.6676379358962309,120.19999999999999,1.0
28,1000,cloud,0.2,0.285,0.2068661971830986,0.40933098591549294,0.38380281690140844,0.495159319484914,99.0,1.0
28,1000,hera,0.05,0.07,0.04225352112676056,0.6698943661971831,0.2878521126760563,0.78296832409061,135.9,0.7950062575102874
28,1000,hera,0.1,0.14,0.08890845070422536,0.5730633802816901,0.3380281690140845,0.6651940971895854,120.00000000000001,0.7310411629420795
28,1000,hera,0.2,0.285,0.20774647887323944,0.4084507042253521,0.38380281690140844,0.4939374001315913,98.69999999999999,0.6322775636109266
28,0,edge_fixed0.5,,0.5,0.21919014084507044,0.3961267605633803,0.3846830985915493,0.5215715762759657,97.2,0.0
28,0,cloud_fixed0.5,,0.5,0.4084507042253521,0.23327464788732394,0.35827464788732394,0.28809098599492433,77.2,1.0
29,12,edge,0.05,0.01,0.0017605633802816902,0.863556338028169,0.13468309859154928,0.9778174640473729,180.70000000000002,0.0
29,12,edge,0.1,0.115,0.02112676056338028,0.7508802816901409,0.22799295774647887,0.8792179716138735,148.5,0.0
29,12,edge,0.2,0.555,0.27816901408450706,0.3389084507042254,0.3829225352112676,0.46094557759187893,90.20000000000002,0.0
29,12,cloud,0.05,0.01,0.006161971830985915,0.7764084507042254,0.21742957746478872,0.9604286117116271,161.0,1.0
29,12,cloud,0.1,0.01,0.006161971830985915,0.7764084507042254,0.21742957746478872,0.9604286117116271,161.0,1.0
29,12,cloud,0.2,0.43,0.33186619718309857,0.2746478873239437,0.39348591549295775,0.3515367985712943,82.6,1.0
29,12,hera,0.05,0.01,0.007042253521126761,0.7755281690140845,0.21742957746478872,0.9549769715198797,160.0,0.8933515527295769
29,12,hera,0.1,0.01,0.007042253521126761,0.7755281690140845,0.21742957746478872,0.9549769715198797,160.0,0.8933515527295769
29,12,hera,0.2,0.43,0.335387323943662,0.2737676056338028,0.3908450704225352,0.3507848482000188,82.79999999999998,0.5514830369243694
29,25,edge,0.05,0.085,0.01584507042253521,0.7720070422535211,0.21214788732394366,0.9076980919259329,155.9,0.0
29,25,edge,0.1,0.115,0.02112676056338028,0.7508802816901409,0.22799295774647887,0.8792179716138735,148.5,0.0
29,25,edge,0.2,0.345,0.1073943661971831,0.5255281690140845,0.3670774647887324,0.6716796691418366,114.19999999999999,0.0
29,25,cloud,0.05,0.01,0.006161971830985915,0.7764084507042254,0.21742957746478872,0.9604286117116271,161.0,1.0
29,25,cloud,0.1,0.02,0.014084507042253521,0.7473591549295775,0.238556338028169,0.9212331986088919,154.0,1.0
29,25,cloud,0.2,0.225,0.1487676056338028,0.47975352112676056,0.3714788732394366,0.5574772065043707,104.79999999999998,1.0
29,25,hera,0.05,0.01,0.007042253521126761,0.7755281690140845,0.21742957746478872,0.9549769715198797,160.0,0.8933515527295769
29,25,hera,0.1,0.02,0.014964788732394365,0.7473591549295775,0.23767605633802816,0.9178494219381521,153.0,0.8659350515113815
29,25,hera,0.2,0.225,0.1487676056338028,0.4788732394366197,0.37235915492957744,0.5561612933546386,104.79999999999998,0.6679229400947896
29,50,edge,0.05,0.085,0.01584507042253521,0.7720070422535211,0.21214788732394366,0.9076980919259329,155.9,0.0
29,50,edge,0.1,0.23,0.056338028169014086,0.636443661971831,0.30721830985915494,0.7751668389886267,130.9,0.0
29,50,edge,0.2,0.39,0.13996478873239437,0.49119718309859156,0.36883802816901406,0.6286305103863145,108.80000000000001,0.0
29,50,cloud,0.05,0.01,0.006161971830985915,0.7764084507042254,0.21742957746478872,0.9604286117116271,161.0,1.0
29,50,cloud,0.1,0.06,0.040492957746478875,0.6751760563380281,0.28433098591549294,0.8065607669893787,134.7,1.0
29,50,cloud,0.2,0.225,0.1487676056338028,0.47975352112676056,0.3714788732394366,0.5574772065043707,104.79999999999998,1.0
29,50,hera,0.05,0.01,0.007042253521126761,0.7755281690140845,0.21742957746478872,0.9549769715198797,160.0,0.8933515527295769
29,50,hera,0.1,0.06,0.04137323943661972,0.6751760563380281,0.2834507042253521,0.8047748848575994,134.8,0.8053618805099066
29,50,hera,0.2,0.225,0.1487676056338028,0.4788732394366197,0.37235915492957744,0.5561612933546386,104.79999999999998,0.6679229400947896
29,100,edge,0.05,0.125,0.023767605633802816,0.7438380281690141,0.2323943661971831,0.8700065795657487,147.6,0.0
29,100,edge,0.1,0.3,0.0801056338028169,0.5721830985915493,0.3477112676056338,0.7132249271548078,120.39999999999999,0.0
29,100,edge,0.2,0.44,0.176056338028169,0.44454225352112675,0.37940140845070425,0.5792837672713601,102.80000000000001,0.0
29,100,cloud,0.05,0.06,0.040492957746478875,0.6751760563380281,0.28433098591549294,0.8065607669893787,134.7,1.0
29,100,cloud,0.1,0.12,0.07746478873239436,0.5827464788732394,0.3397887323943662,0.6932982423160071,122.4,1.0
29,100,cloud,0.2,0.265,0.1875,0.43045774647887325,0.38204225352112675,0.5159319484913996,100.60000000000001,1.0
29,100,hera,0.05,0.06,0.04137323943661972,0.6751760563380281,0.2834507042253521,0.8047748848575994,134.8,0.8053618805099066
29,100,hera,0.1,0.12,0.07834507042253522,0.5827464788732394,0.3389084507042254,0.6921703167590939,122.4,0.7467944479885688
29,100,hera,0.2,0.265,0.18838028169014084,0.4295774647887324,0.38204225352112675,0.5148040229344863,100.20000000000002,0.6423919202425558
29,200,edge,0.05,0.23,0.056338028169014086,0.636443661971831,0.30721830985915494,0.7751668389886267,130.9,0.0
29,200,edge,0.1,0.33,0.10035211267605634,0.5440140845070423,0.35563380281690143,0.6858727323996616,117.40000000000002,0.0
29,200,edge,0.2,0.475,0.20774647887323944,0.4163732394366197,0.37588028169014087,0.5461039571388289,99.80000000000001,0.0
29,200,cloud,0.05,0.08,0.05017605633802817,0.6426056338028169,0.30721830985915494,0.7634176144374472,130.6,1.0
29,200,cloud,0.1,0.17,0.12147887323943662,0.5299295774647887,0.3485915492957746,0.623366857787386,115.0,1.0
29,200,cloud,0.2,0.29,0.2130281690140845,0.40316901408450706,0.38380281690140844,0.4893317041075289,97.5,1.0
29,200,hera,0.05,0.08,0.05193661971830986,0.6426056338028169,0.30545774647887325,0.7613497509164395,130.6,0.7838087076282322
29,200,hera,0.1,0.17,0.12147887323943662,0.5299295774647887,0.3485915492957746,0.6222389322304728,115.0,0.7067540933271126
29,200,hera,0.2,0.29,0.2147887323943662,0.4014084507042254,0.38380281690140844,0.48810978475420624,97.4,0.6272757253748752
29,500,edge,0.05,0.205,0.04753521126760563,0.6558098591549296,0.2966549295774648,0.7975373625340727,134.70000000000002,0.0
29,500,edge,0.1,0.32,0.0897887323943662,0.5528169014084507,0.3573943661971831,0.6948961368549675,117.69999999999999,0.0
29,500,edge,0.2,0.445,0.17693661971830985,0.4410211267605634,0.38204225352112675,0.574114108468841,102.0,0.0
29,500,cloud,0.05,0.065,0.04225352112676056,0.664612676056338,0.29313380281690143,0.7953755052166557,133.9,1.0
29,500,cloud,0.1,0.125,0.08098591549295775,0.5765845070422535,0.34242957746478875,0.6866246827709371,122.0,1.0
29,500,cloud,0.2,0.29,0.2130281690140845,0.40316901408450706,0.38380281690140844,0.4893317041075289,97.5,1.0
29,500,hera,0.05,0.065,0.04401408450704225,0.6637323943661971,0.29225352112676056,0.7939655982705142,134.4,0.7995747607143047
29,500,hera,0.1,0.125,0.0818661971830986,0.5765845070422535,0.3415492957746479,0.6852147758247956,121.60000000000001,0.7424040200655163
29,500,hera,0.2,0.29,0.2147887323943662,0.4014084507042254,0.38380281690140844,0.48810978475420624,97.4,0.6272757253748752
29,1000,edge,0.05,0.25,0.0625,0.625,0.3125,0.7573080176708338,127.4,0.0
29,1000,edge,0.1,0.355,0.1153169014084507,0.5193661971830986,0.3653169014084507,0.6621862957044835,113.0,0.0
29,1000,edge,0.2,0.48,0.20950704225352113,0.4119718309859155,0.3785211267605634,0.5413102735219476,98.89999999999999,0.0
29,1000,cloud,0.05,0.08,0.05017605633802817,0.6426056338028169,0.30721830985915494,0.7634176144374472,130.6,1.0
29,1000,cloud,0.1,0.155,0.11091549295774648,0.5413732394366197,0.3477112676056338,0.6433875364225962,116.6,1.0
29,1000,cloud,0.2,0.295,0.2147887323943662,0.3996478873239437,0.3855633802816901,0.483974057712191,97.20000000000002,1.0
29,1000,hera,0.05,0.08,0.05193661971830986,0.6426056338028169,0.30545774647887325,0.7613497509164395,130.6,0.7838087076282322
29,1000,hera,0.1,0.155,0.11091549295774648,0.5413732394366197,0.3477112676056338,0.6421656170692734,116.6,0.7180161331790574
29,1000,hera,0.2,0.295,0.21654929577464788,0.397887323943662,0.3855633802816901,0.48294012595168717,97.10000000000001,0.624156768847866
29,0,edge_fixed0.5,,0.5,0.22975352112676056,0.3970070422535211,0.3732394366197183,0.5204436507190525,97.80000000000001,0.0
29,0,cloud_fixed0.5,,0.5,0.40492957746478875,0.22535211267605634,0.36971830985915494,0.28856095497697154,79.1,1.0
30,12,edge,0.05,0.01,0.0017605633802816902,0.8697183098591549,0.12852112676056338,0.9801673089576088,180.20000000000002,0.0
30,12,edge,0.1,0.03,0.0044014084507042256,0.8336267605633803,0.1619718309859155,0.9625904690290441,170.60000000000002,0.0
30,12,edge,0.2,0.135,0.022887323943661973,0.7447183098591549,0.2323943661971831,0.8661528339129617,143.60000000000002,0.0
30,12,cloud,0.05,0.01,0.0035211267605633804,0.789612676056338,0.2068661971830986,0.9622144938434063,160.1,1.0
30,12,cloud,0.1,0.045,0.025528169014084508,0.704225352112676,0.27024647887323944,0.8466961180562083,139.8,1.0
30,12,cloud,0.2,0.105,0.061619718309859156,0.6012323943661971,0.3371478873239437,0.7244101889275307,124.9,1.0
30,12,hera,0.05,0.01,0.0044014084507042256,0.7887323943661971,0.2068661971830986,0.9569508412444778,159.79999999999998,0.8965740119021804
30,12,hera,0.1,0.045,0.02640845070422535,0.7033450704225352,0.27024647887323944,0.8442522793495629,139.9,0.8280482300285169
30,12,hera,0.2,0.105,0.0625,0.5985915492957746,0.3389084507042254,0.723376257167027,124.00000000000001,0.7639082577148865
30,25,edge,0.05,0.03,0.0044014084507042256,0.8336267605633803,0.1619718309859155,0.9625904690290441,170.60000000000002,0.0
30,25,edge,0.1,0.115,0.01584507042253521,0.761443661971831,0.2227112676056338,0.8835416862487075,147.0,0.0
30,25,edge,0.2,0.37,0.11707746478873239,0.5026408450704225,0.38028169014084506,0.6561706927342795,108.4,0.0
30,25,cloud,0.05,0.04,0.020246478873239437,0.7165492957746479,0.2632042253521127,0.8607011937212145,143.2,1.0
30,25,cloud,0.1,0.045,0.025528169014084508,0.704225352112676,0.27024647887323944,0.8466961180562083,139.8,1.0
30,25,cloud,0.2,0.23,0.14788732394366197,0.4665492957746479,0.3855633802816901,0.5570072375223235,102.6,1.0
30,25,hera,0.05,0.035,0.018485915492957746,0.7315140845070423,0.25,0.8706645361406147,145.4,0.8426278792669195
30,25,hera,0.1,0.045,0.02640845070422535,0.7033450704225352,0.27024647887323944,0.8442522793495629,139.9,0.8280482300285169
30,25,hera,0.2,0.23,0.1487676056338028,0.46566901408450706,0.3855633802816901,0.5559733057618197,102.6,0.6681736740401868
30,50,edge,0.05,0.025,0.002640845070422535,0.8397887323943662,0.15757042253521128,0.9671021712566971,172.6,0.0
30,50,edge,0.1,0.135,0.022887323943661973,0.7447183098591549,0.2323943661971831,0.8661528339129617,143.60000000000002,0.0
30,50,edge,0.2,0.425,0.15845070422535212,0.4480633802816901,0.39348591549295775,0.6015602970203967,100.60000000000002,0.0
30,50,cloud,0.05,0.04,0.020246478873239437,0.7165492957746479,0.2632042253521127,0.8607011937212145,143.2,1.0
30,50,cloud,0.1,0.105,0.061619718309859156,0.6012323943661971,0.3371478873239437,0.7244101889275307,124.9,1.0
30,50,cloud,0.2,0.395,0.3107394366197183,0.2966549295774648,0.3926056338028169,0.3825547513864085,84.0,1.0
30,50,hera,0.05,0.01,0.0044014084507042256,0.7887323943661971,0.2068661971830986,0.9569508412444778,159.79999999999998,0.8965740119021804
30,50,hera,0.1,0.105,0.0625,0.5985915492957746,0.3389084507042254,0.723376257167027,124.00000000000001,0.7639082577148865
30,50,hera,0.2,0.395,0.31338028169014087,0.29401408450704225,0.3926056338028169,0.3815208196259047,84.0,0.5723814968124876
30,100,edge,0.05,0.07,0.008802816901408451,0.7948943661971831,0.19630281690140844,0.9270608139862769,158.9,0.0
30,100,edge,0.1,0.27,0.0625,0.5994718309859155,0.3380281690140845,0.7467807124729768,120.59999999999997,0.0
30,100,edge,0.2,0.47,0.20246478873239437,0.4040492957746479,0.39348591549295775,0.5552213553905442,96.8,0.0
30,100,cloud,0.05,0.04,0.020246478873239437,0.7165492957746479,0.2632042253521127,0.8607011937212145,143.2,1.0
30,100,cloud,0.1,0.095,0.056338028169014086,0.6188380281690141,0.3248239436619718,0.7408591032991823,126.30000000000001,1.0
30,100,cloud,0.2,0.28,0.1954225352112676,0.4119718309859155,0.3926056338028169,0.5046526929222671,97.59999999999998,1.0
30,100,hera,0.05,0.02,0.008802816901408451,0.7596830985915493,0.23151408450704225,0.9186013723094276,152.5,0.8695908424267053
30,100,hera,0.1,0.095,0.05721830985915493,0.6179577464788732,0.3248239436619718,0.7395431901494501,126.20000000000002,0.7731781090611632
30,100,hera,0.2,0.28,0.19630281690140844,0.4102112676056338,0.39348591549295775,0.5038067487545822,97.4,0.6368878776443283
30,200,edge,0.05,0.165,0.02992957746478873,0.7059859154929577,0.2640845070422535,0.8376727136009023,138.2,0.0
30,200,edge,0.1,0.365,0.11355633802816902,0.5061619718309859,0.38028169014084506,0.6605884011655231,108.80000000000001,0.0
30,200,edge,0.2,0.52,0.2438380281690141,0.3494718309859155,0.40669014084507044,0.5046526929222671,91.0,0.0
30,200,cloud,0.05,0.08,0.04753521126760563,0.6408450704225352,0.31161971830985913,0.7662374283297302,129.4,1.0
30,200,cloud,0.1,0.14,0.08626760563380281,0.5625,0.3512323943661972,0.6714916815490177,117.19999999999999,1.0
30,200,cloud,0.2,0.305,0.22359154929577466,0.38380281690140844,0.3926056338028169,0.47880439890967197,95.4,1.0
30,200,hera,0.05,0.08,0.04841549295774648,0.6399647887323944,0.31161971830985913,0.7643575524015415,129.4,0.7879492613242727
30,200,hera,0.1,0.14,0.08714788732394366,0.5625,0.3503521126760563,0.6697057994172385,117.0,0.7337199591619006
30,200,hera,0.2,0.305,0.22359154929577466,0.3829225352112676,0.39348591549295775,0.47748848575993985,95.10000000000001,0.6222148272364731
30,500,edge,0.05,0.215,0.0448943661971831,0.6575704225352113,0.2975352112676056,0.7951875176238369,129.0,0.0
30,500,edge,0.1,0.35,0.10299295774647887,0.5176056338028169,0.37940140845070425,0.6748754582197575,110.4,0.0
30,500,edge,0.2,0.485,0.21654929577464788,0.3908450704225352,0.3926056338028169,0.5419682300968136,95.6,0.0
30,500,cloud,0.05,0.08,0.04753521126760563,0.6408450704225352,0.31161971830985913,0.7662374283297302,129.4,1.0
30,500,cloud,0.1,0.135,0.08362676056338028,0.5669014084507042,0.3494718309859155,0.6780712472976783,118.4,1.0
30,500,cloud,0.2,0.28,0.1954225352112676,0.4119718309859155,0.3926056338028169,0.5046526929222671,97.59999999999998,1.0
30,500,hera,0.05,0.08,0.04841549295774648,0.6399647887323944,0.31161971830985913,0.7643575524015415,129.4,0.7879492613242727
30,500,hera,0.1,0.135,0.08450704225352113,0.5669014084507042,0.3485915492957746,0.6764733527587179,118.4,0.7378762066542952
30,500,hera,0.2,0.28,0.19630281690140844,0.4102112676056338,0.39348591549295775,0.5038067487545822,97.4,0.6368878776443283
30,1000,edge,0.05,0.215,0.0448943661971831,0.6575704225352113,0.2975352112676056,0.7951875176238369,129.0,0.0
30,1000,edge,0.1,0.335,0.0977112676056338,0.5334507042253521,0.36883802816901406,0.6896324842560391,113.6,0.0
30,1000,edge,0.2,0.475,0.2068661971830986,0.4005281690140845,0.3926056338028169,0.5519315725162139,96.6,0.0
30,1000,cloud,0.05,0.075,0.043133802816901406,0.6487676056338029,0.30809859154929575,0.7765767459347683,130.6,1.0
30,1000,cloud,0.1,0.14,0.08626760563380281,0.5625,0.3512323943661972,0.6714916815490177,117.19999999999999,1.0
30,1000,cloud,0.2,0.275,0.19278169014084506,0.41901408450704225,0.3882042253521127,0.5107622896888805,98.2,1.0
30,1000,hera,0.05,0.075,0.04401408450704225,0.647887323943662,0.30809859154929575,0.7749788513958079,130.6,0.7930567226233409
30,1000,hera,0.1,0.14,0.08714788732394366,0.5625,0.3503521126760563,0.6697057994172385,117.0,0.7337199591619006
30,1000,hera,0.2,0.27,0.19014084507042253,0.41813380281690143,0.39172535211267606,0.5148980167308957,98.1,0.6429119088474664
30,0,edge_fixed0.5,,0.5,0.2244718309859155,0.37764084507042256,0.397887323943662,0.5251433405395244,92.6,0.0
30,0,cloud_fixed0.5,,0.5,0.4128521126760563,0.20950704225352113,0.37764084507042256,0.28451922173136573,75.00000000000003,1.0
31,12,edge,0.05,0.01,0.0035211267605633804,0.8609154929577465,0.13556338028169015,0.9764075571012313,181.2,0.0
31,12,edge,0.1,0.11,0.01584507042253521,0.7508802816901409,0.23327464788732394,0.8831657110630698,149.5,0.0
31,12,edge,0.2,0.205,0.0448943661971831,0.659330985915493,0.29577464788732394,0.7983833067017577,130.4,0.0
31,12,cloud,0.05,0.01,0.006161971830985915,0.7825704225352113,0.2112676056338028,0.9588307171726667,159.79999999999998,1.0
31,12,cloud,0.1,0.05,0.03345070422535211,0.6875,0.2790492957746479,0.8297772347025096,139.5,1.0
31,12,cloud,0.2,0.08,0.05545774647887324,0.6382042253521126,0.30633802816901406,0.7614437447128489,132.6,1.0
31,12,hera,0.05,0.01,0.007042253521126761,0.7816901408450704,0.2112676056338028,0.9535670645737382,159.79999999999998,0.8932333890907432
31,12,hera,0.1,0.05,0.03433098591549296,0.6866197183098591,0.2790492957746479,0.8273333959958643,139.6,0.8176523655258896
31,12,hera,0.2,0.08,0.05545774647887324,0.6373239436619719,0.30721830985915494,0.7591878935990225,132.6,0.7839571383598528
31,25,edge,0.05,0.11,0.01584507042253521,0.7508802816901409,0.23327464788732394,0.8831657110630698,149.5,0.0
31,25,edge,0.1,0.205,0.0448943661971831,0.659330985915493,0.29577464788732394,0.7983833067017577,130.4,0.0
31,25,edge,0.2,0.42,0.16725352112676056,0.4551056338028169,0.37764084507042256,0.6007143528527117,102.6,0.0
31,25,cloud,0.05,0.05,0.03345070422535211,0.6875,0.2790492957746479,0.8297772347025096,139.5,1.0
31,25,cloud,0.1,0.08,0.05545774647887324,0.6382042253521126,0.30633802816901406,0.7614437447128489,132.6,1.0
31,25,cloud,0.2,0.215,0.14788732394366197,0.4859154929577465,0.36619718309859156,0.5663126233668578,106.69999999999999,1.0
31,25,hera,0.05,0.05,0.03433098591549296,0.6866197183098591,0.2790492957746479,0.8273333959958643,139.6,0.8176523655258896
31,25,hera,0.1,0.08,0.05545774647887324,0.6373239436619719,0.30721830985915494,0.7591878935990225,132.6,0.7839571383598528
31,25,hera,0.2,0.215,0.14788732394366197,0.4859154929577465,0.36619718309859156,0.5648087226243068,106.4,0.6752121259744538
31,50,edge,0.05,0.11,0.01584507042253521,0.7508802816901409,0.23327464788732394,0.8831657110630698,149.5,0.0
31,50,edge,0.1,0.345,0.1056338028169014,0.5237676056338029,0.37059859154929575,0.6709277187705611,111.60000000000001,0.0
31,50,edge,0.2,0.45,0.1892605633802817,0.41901408450704225,0.39172535211267606,0.5716702697621957,98.0,0.0
31,50,cloud,0.05,0.05,0.03345070422535211,0.6875,0.2790492957746479,0.8297772347025096,139.5,1.0
31,50,cloud,0.1,0.165,0.11971830985915492,0.5325704225352113,0.3477112676056338,0.6298524297396372,115.30000000000001,1.0
31,50,cloud,0.2,0.295,0.2130281690140845,0.38380281690140844,0.40316901408450706,0.4841620453050099,94.3,1.0
31,50,hera,0.05,0.05,0.03433098591549296,0.6866197183098591,0.2790492957746479,0.8273333959958643,139.6,0.8176523655258896
31,50,hera,0.1,0.165,0.11971830985915492,0.5325704225352113,0.3477112676056338,0.6291004793683617,115.19999999999999,0.7112860094474693
31,50,hera,0.2,0.225,0.15316901408450703,0.477112676056338,0.36971830985915494,0.5543754112228593,104.49999999999999,0.668521282552033
31,100,edge,0.05,0.115,0.01584507042253521,0.7464788732394366,0.23767605633802816,0.8785600150390074,148.1,0.0
31,100,edge,0.1,0.32,0.09242957746478873,0.5431338028169014,0.3644366197183099,0.6929222671303694,115.19999999999999,0.0
31,100,edge,0.2,0.44,0.18309859154929578,0.4357394366197183,0.38116197183098594,0.5820095873672337,100.8,0.0
31,100,cloud,0.05,0.05,0.03345070422535211,0.6875,0.2790492957746479,0.8297772347025096,139.5,1.0
31,100,cloud,0.1,0.125,0.08274647887323944,0.5757042253521126,0.3415492957746479,0.6850267882319767,121.1,1.0
31,100,cloud,0.2,0.225,0.1522887323943662,0.4788732394366197,0.36883802816901406,0.555597330576182,104.59999999999997,1.0
31,100,hera,0.05,0.05,0.03433098591549296,0.6866197183098591,0.2790492957746479,0.8273333959958643,139.6,0.8176523655258896
31,100,hera,0.1,0.125,0.08274647887323944,0.5757042253521126,0.3415492957746479,0.6836168812858351,121.1,0.7423708048645138
31,100,hera,0.2,0.225,0.15316901408450703,0.477112676056338,0.36971830985915494,0.5543754112228593,104.49999999999999,0.668521282552033
31,200,edge,0.05,0.22,0.05017605633802817,0.647887323943662,0.3019366197183099,0.7849421938152082,128.2,0.0
31,200,edge,0.1,0.345,0.1056338028169014,0.5237676056338029,0.37059859154929575,0.6709277187705611,111.60000000000001,0.0
31,200,edge,0.2,0.46,0.198943661971831,0.4102112676056338,0.3908450704225352,0.5621768963248426,97.7,0.0
31,200,cloud,0.05,0.08,0.05545774647887324,0.6382042253521126,0.30633802816901406,0.7614437447128489,132.6,1.0
31,200,cloud,0.1,0.17,0.12235915492957747,0.528169014084507,0.3494718309859155,0.6244947833442993,114.99999999999999,1.0
31,200,cloud,0.2,0.265,0.1875,0.4216549295774648,0.3908450704225352,0.5158379546949902,99.0,1.0
31,200,hera,0.05,0.08,0.05545774647887324,0.6373239436619719,0.30721830985915494,0.7591878935990225,132.6,0.7839571383598528
31,200,hera,0.1,0.17,0.12235915492957747,0.528169014084507,0.3494718309859155,0.623366857787386,114.99999999999999,0.7075306679524916
31,200,hera,0.2,0.245,0.17253521126760563,0.4454225352112676,0.38204225352112675,0.5340727511984209,100.80000000000001,0.6553731805937414
31,500,edge,0.05,0.22,0.05017605633802817,0.647887323943662,0.3019366197183099,0.7849421938152082,128.2,0.0
31,500,edge,0.1,0.32,0.09242957746478873,0.5431338028169014,0.3644366197183099,0.6929222671303694,115.19999999999999,0.0
31,500,edge,0.2,0.46,0.198943661971831,0.4102112676056338,0.3908450704225352,0.5621768963248426,97.7,0.0
31,500,cloud,0.05,0.08,0.05545774647887324,0.6382042253521126,0.30633802816901406,0.7614437447128489,132.6,1.0
31,500,cloud,0.1,0.15,0.11003521126760564,0.5501760563380281,0.3397887323943662,0.65109502772817,117.39999999999999,1.0
31,500,cloud,0.2,0.28,0.19630281690140844,0.4022887323943662,0.4014084507042254,0.49882507754488203,96.39999999999999,1.0
31,500,hera,0.05,0.08,0.05545774647887324,0.6373239436619719,0.30721830985915494,0.7591878935990225,132.6,0.7839571383598528
31,500,hera,0.1,0.15,0.11003521126760564,0.5501760563380281,0.3397887323943662,0.6498731083748472,117.39999999999999,0.7223434765628768
31,500,hera,0.2,0.275,0.19454225352112675,0.4102112676056338,0.39524647887323944,0.5045586991258577,97.4,0.6365836849085523
31,1000,edge,0.05,0.22,0.05017605633802817,0.647887323943662,0.3019366197183099,0.7849421938152082,128.2,0.0
31,1000,edge,0.1,0.345,0.1056338028169014,0.5237676056338029,0.37059859154929575,0.6709277187705611,111.60000000000001,0.0
31,1000,edge,0.2,0.475,0.21214788732394366,0.3987676056338028,0.3890845070422535,0.5489237710311119,96.60000000000001,0.0
31,1000,cloud,0.05,0.08,0.05545774647887324,0.6382042253521126,0.30633802816901406,0.7614437447128489,132.6,1.0
31,1000,cloud,0.1,0.145,0.10387323943661972,0.5554577464788732,0.34066901408450706,0.6571106306983739,118.1,1.0
31,1000,cloud,0.2,0.28,0.19630281690140844,0.4022887323943662,0.4014084507042254,0.49882507754488203,96.39999999999999,1.0
31,1000,hera,0.05,0.08,0.05545774647887324,0.6373239436619719,0.30721830985915494,0.7591878935990225,132.6,0.7839571383598528
31,1000,hera,0.1,0.145,0.10387323943661972,0.5554577464788732,0.34066901408450706,0.6557947175486418,118.1,0.726049986531051
31,1000,hera,0.2,0.275,0.19454225352112675,0.4102112676056338,0.39524647887323944,0.5045586991258577,97.4,0.6365836849085523
31,0,edge_fixed0.5,,0.5,0.23327464788732394,0.3767605633802817,0.3899647887323944,0.5225115142400601,94.20000000000002,0.0
31,0,cloud_fixed0.5,,0.5,0.41901408450704225,0.2068661971830986,0.37411971830985913,0.2881849797913338,72.9,1.0
32,12,edge,0.05,0.01,0.0035211267605633804,0.8565140845070423,0.13996478873239437,0.9798853275683805,178.60000000000002,0.0
32,12,edge,0.1,0.5,0.23327464788732394,0.37940140845070425,0.3873239436619718,0.5220415452580129,95.39999999999998,0.0
32,12,edge,0.2,0.535,0.2649647887323944,0.34683098591549294,0.3882042253521127,0.4828461321552778,91.0,0.0
32,12,cloud,0.05,0.01,0.007042253521126761,0.7816901408450704,0.2112676056338028,0.9639063821787762,158.5,1.0
32,12,cloud,0.1,0.295,0.2147887323943662,0.38028169014084506,0.40492957746478875,0.4872638405865213,94.0,1.0
32,12,cloud,0.2,0.32,0.23591549295774647,0.35563380281690143,0.4084507042253521,0.4623554845380205,91.10000000000001,1.0
32,12,hera,0.05,0.01,0.007922535211267605,0.7808098591549296,0.2112676056338028,0.9584547419870288,158.0,0.8956499781958642
32,12,hera,0.1,0.295,0.21654929577464788,0.3785211267605634,0.40492957746478875,0.48613591502960807,93.5,0.6272246131475356
32,12,hera,0.2,0.32,0.23943661971830985,0.35563380281690143,0.40492957746478875,0.4610395713882884,91.30000000000001,0.6123588487395915
32,25,edge,0.05,0.285,0.07922535211267606,0.5801056338028169,0.34066901408450706,0.7275119842090422,120.5,0.0
32,25,edge,0.1,0.5,0.23327464788732394,0.37940140845070425,0.3873239436619718,0.5220415452580129,95.39999999999998,0.0
32,25,edge,0.2,0.575,0.32130281690140844,0.2984154929577465,0.38028169014084506,0.43660118432183476,86.0,0.0
32,25,cloud,0.05,0.295,0.2147887323943662,0.38028169014084506,0.40492957746478875,0.4872638405865213,94.0,1.0
32,25,cloud,0.1,0.32,0.23591549295774647,0.35563380281690143,0.4084507042253521,0.4623554845380205,91.10000000000001,1.0
32,25,cloud,0.2,0.515,0.4251760563380282,0.19718309859154928,0.37764084507042256,0.2761537738509258,72.39999999999999,1.0
32,25,hera,0.05,0.295,0.21654929577464788,0.3785211267605634,0.40492957746478875,0.48613591502960807,93.5,0.6272246131475356
32,25,hera,0.1,0.32,0.23943661971830985,0.35563380281690143,0.40492957746478875,0.4610395713882884,91.30000000000001,0.6123588487395915
32,25,hera,0.2,0.515,0.42869718309859156,0.1954225352112676,0.37588028169014087,0.2753078296832409,73.4,0.5116420633694073
32,50,edge,0.05,0.09,0.01936619718309859,0.7684859154929577,0.21214788732394366,0.9072281229438857,153.6,0.0
32,50,edge,0.1,0.285,0.07922535211267606,0.5801056338028169,0.34066901408450706,0.7275119842090422,120.5,0.0
32,50,edge,0.2,0.525,0.25440140845070425,0.3503521126760563,0.39524647887323944,0.4944073691136385,91.80000000000001,0.0
32,50,cloud,0.05,0.03,0.023767605633802816,0.721830985915493,0.25440140845070425,0.891155183757872,145.6,1.0
32,50,cloud,0.1,0.25,0.1698943661971831,0.43485915492957744,0.39524647887323944,0.5358586333302002,99.2,1.0
32,50,cloud,0.2,0.4,0.30721830985915494,0.29313380281690143,0.3996478873239437,0.38575054046432933,84.2,1.0
32,50,hera,0.05,0.03,0.02464788732394366,0.7209507042253521,0.25440140845070425,0.8871134505122662,145.5,0.8490050542356584
32,50,hera,0.1,0.25,0.17165492957746478,0.43485915492957744,0.39348591549295775,0.5351066829589247,99.39999999999999,0.6549348572443745
32,50,hera,0.2,0.4,0.30985915492957744,0.29313380281690143,0.3970070422535211,0.3849045962966444,84.30000000000001,0.5684005729354391
32,100,edge,0.05,0.255,0.07130281690140845,0.608274647887324,0.3204225352112676,0.7557101231318732,124.80000000000001,0.0
32,100,edge,0.1,0.32,0.09507042253521127,0.5501760563380281,0.35475352112676056,0.6983739073221168,116.30000000000001,0.0
32,100,edge,0.2,0.505,0.23503521126760563,0.37235915492957744,0.3926056338028169,0.5165899050662657,93.60000000000002,0.0
32,100,cloud,0.05,0.03,0.023767605633802816,0.721830985915493,0.25440140845070425,0.891155183757872,145.6,1.0
32,100,cloud,0.1,0.16,0.11883802816901408,0.5387323943661971,0.34242957746478875,0.6425415922549111,114.60000000000001,1.0
32,100,cloud,0.2,0.34,0.25,0.3389084507042254,0.4110915492957746,0.4445906570166369,88.80000000000001,1.0
32,100,hera,0.05,0.03,0.02464788732394366,0.7209507042253521,0.25440140845070425,0.8871134505122662,145.5,0.8490050542356584
32,100,hera,0.1,0.16,0.11883802816901408,0.5387323943661971,0.34242957746478875,0.6413196729015885,114.6,0.7170967491490793
32,100,hera,0.2,0.34,0.25264084507042256,0.3389084507042254,0.4084507042253521,0.4433687376633142,88.80000000000001,0.6013621542335618
32,200,edge,0.05,0.27,0.07746478873239436,0.596830985915493,0.3257042253521127,0.7415170598740484,122.80000000000001,0.0
32,200,edge,0.1,0.35,0.11091549295774648,0.5193661971830986,0.36971830985915494,0.6705517435849234,112.0,0.0
32,200,edge,0.2,0.51,0.2438380281690141,0.36971830985915494,0.386443661971831,0.5117022276529749,93.99999999999999,0.0
32,200,cloud,0.05,0.1,0.07482394366197183,0.6065140845070423,0.31866197183098594,0.730707773286963,126.4,1.0
32,200,cloud,0.1,0.2,0.14084507042253522,0.5008802816901409,0.35827464788732394,0.5908450042297209,109.30000000000001,1.0
32,200,cloud,0.2,0.32,0.23591549295774647,0.35563380281690143,0.4084507042253521,0.4623554845380205,91.10000000000001,1.0
32,200,hera,0.05,0.1,0.07570422535211267,0.6056338028169014,0.31866197183098594,0.728545915969546,126.00000000000001,0.7669903971098893
32,200,hera,0.1,0.2,0.14084507042253522,0.5008802816901409,0.35827464788732394,0.5897170786728076,108.99999999999999,0.6877698544525898
32,200,hera,0.2,0.32,0.23943661971830985,0.35563380281690143,0.40492957746478875,0.4610395713882884,91.30000000000001,0.6123588487395915
32,500,edge,0.05,0.26,0.07306338028169014,0.6056338028169014,0.32130281690140844,0.7511044271078109,124.4,0.0
32,500,edge,0.1,0.335,0.10299295774647887,0.5334507042253521,0.363556338028169,0.6851207820283861,114.60000000000001,0.0
32,500,edge,0.2,0.48,0.21654929577464788,0.397887323943662,0.3855633802816901,0.5443180750070495,96.4,0.0
32,500,cloud,0.05,0.075,0.0528169014084507,0.6382042253521126,0.3089788732394366,0.7760127831563117,132.2,1.0
32,500,cloud,0.1,0.165,0.12235915492957747,0.5325704225352113,0.34507042253521125,0.6366199830811167,113.60000000000001,1.0
32,500,cloud,0.2,0.285,0.20774647887323944,0.3882042253521127,0.4040492957746479,0.49769715198796877,94.7,1.0
32,500,hera,0.05,0.075,0.05369718309859155,0.6373239436619719,0.3089788732394366,0.7735689444496663,132.2,0.7914019907289089
32,500,hera,0.1,0.165,0.12235915492957747,0.5325704225352113,0.34507042253521125,0.635210076134975,113.6,0.7133075219007401
32,500,hera,0.2,0.285,0.20950704225352113,0.386443661971831,0.4040492957746479,0.49638123883823665,94.4,0.6333786894062141
32,1000,edge,0.05,0.265,0.07658450704225352,0.6003521126760564,0.3230633802816901,0.7458407745088824,123.4,0.0
32,1000,edge,0.1,0.35,0.11091549295774648,0.5193661971830986,0.36971830985915494,0.6705517435849234,112.0,0.0
32,1000,edge,0.2,0.48,0.21654929577464788,0.397887323943662,0.3855633802816901,0.5443180750070495,96.4,0.0
32,1000,cloud,0.05,0.09,0.06866197183098592,0.6214788732394366,0.30985915492957744,0.7484726008083467,129.2,1.0
32,1000,cloud,0.1,0.16,0.11883802816901408,0.5387323943661971,0.34242957746478875,0.6425415922549111,114.60000000000001,1.0
32,1000,cloud,0.2,0.28,0.19982394366197184,0.39348591549295775,0.40669014084507044,0.5040887301438105,94.99999999999999,1.0
32,1000,hera,0.05,0.09,0.06954225352112677,0.6205985915492958,0.30985915492957744,0.7458407745088824,128.8,0.7762842303479326
32,1000,hera,0.1,0.16,0.11883802816901408,0.5387323943661971,0.34242957746478875,0.6413196729015885,114.6,0.7170967491490793
32,1000,hera,0.2,0.28,0.20158450704225353,0.39172535211267606,0.40669014084507044,0.5031487921797161,94.80000000000001,0.6365080501933541
32,0,edge_fixed0.5,,0.5,0.23327464788732394,0.37940140845070425,0.3873239436619718,0.5220415452580129,95.39999999999998,0.0
32,0,cloud_fixed0.5,,0.5,0.4014084507042254,0.21654929577464788,0.38204225352112675,0.2902528433123414,73.6,1.0
33,12,edge,0.05,0.01,0.002640845070422535,0.891725352112676,0.1056338028169014,0.9781934392330106,183.4,0.0
33,12,edge,0.1,0.09,0.01584507042253521,0.7922535211267606,0.19190140845070422,0.9049722718300592,157.60000000000002,0.0
33,12,edge,0.2,0.17,0.02992957746478873,0.6980633802816901,0.2720070422535211,0.8321270796127456,143.39999999999998,0.0
33,12,cloud,0.05,0.01,0.002640845070422535,0.8054577464788732,0.19190140845070422,0.9637183945859573,163.6,1.0
33,12,cloud,0.1,0.03,0.01936619718309859,0.7438380281690141,0.2367957746478873,0.8898392706081398,150.4,1.0
33,12,cloud,0.2,0.175,0.10651408450704225,0.545774647887324,0.3477112676056338,0.621205000469969,116.79999999999998,1.0
33,12,hera,0.05,0.01,0.0044014084507042256,0.8045774647887324,0.19102112676056338,0.9582667543942099,163.2,0.8944848861983995
33,12,hera,0.1,0.03,0.022007042253521125,0.7438380281690141,0.23415492957746478,0.8860795187517624,150.0,0.8478401949999262
33,12,hera,0.2,0.175,0.10651408450704225,0.545774647887324,0.3477112676056338,0.6197950935238274,116.6,0.7038626962021415
33,25,edge,0.05,0.09,0.01584507042253521,0.7922535211267606,0.19190140845070422,0.9049722718300592,157.60000000000002,0.0
33,25,edge,0.1,0.17,0.02992957746478873,0.6980633802816901,0.2720070422535211,0.8321270796127456,143.39999999999998,0.0
33,25,edge,0.2,0.49,0.2068661971830986,0.40669014084507044,0.386443661971831,0.5263652598928471,98.4,0.0
33,25,cloud,0.05,0.03,0.01936619718309859,0.7438380281690141,0.2367957746478873,0.8898392706081398,150.4,1.0
33,25,cloud,0.1,0.155,0.09507042253521127,0.5625,0.34242957746478875,0.6494031393928,119.0,1.0
33,25,cloud,0.2,0.26,0.1681338028169014,0.45422535211267606,0.37764084507042256,0.519033743772911,102.39999999999999,1.0
33,25,hera,0.05,0.03,0.022007042253521125,0.7438380281690141,0.23415492957746478,0.8860795187517624,150.0,0.8478401949999262
33,25,hera,0.1,0.155,0.09595070422535211,0.5616197183098591,0.34242957746478875,0.6481812200394774,118.99999999999999,0.7192259643893059
33,25,hera,0.2,0.26,0.1681338028169014,0.4533450704225352,0.3785211267605634,0.5184697809944544,102.39999999999999,0.6462345800545072
33,50,edge,0.05,0.17,0.02992957746478873,0.6980633802816901,0.2720070422535211,0.8321270796127456,143.39999999999998,0.0
33,50,edge,0.1,0.33,0.09683098591549295,0.5616197183098591,0.3415492957746479,0.6829589247109691,119.00000000000001,0.0
33,50,edge,0.2,0.49,0.2068661971830986,0.40669014084507044,0.386443661971831,0.5263652598928471,98.4,0.0
33,50,cloud,0.05,0.06,0.037852112676056336,0.6892605633802817,0.272887323943662,0.8074067111570636,138.6,1.0
33,50,cloud,0.1,0.145,0.0880281690140845,0.573943661971831,0.3380281690140845,0.6628442522793495,120.1,1.0
33,50,cloud,0.2,0.255,0.16637323943661972,0.460387323943662,0.3732394366197183,0.5232634646113357,102.8,1.0
33,50,hera,0.05,0.06,0.03873239436619718,0.6892605633802817,0.2720070422535211,0.8051508600432371,138.60000000000002,0.8069431347017902
33,50,hera,0.1,0.145,0.0880281690140845,0.573943661971831,0.3380281690140845,0.6612463577403891,120.1,0.7269297657836029
33,50,hera,0.2,0.255,0.16637323943661972,0.4595070422535211,0.37411971830985913,0.5226055080364695,102.8,0.6494348938084702
33,100,edge,0.05,0.265,0.06338028169014084,0.6153169014084507,0.32130281690140844,0.7448068427483786,128.1,0.0
33,100,edge,0.1,0.42,0.15140845070422534,0.4735915492957746,0.375,0.5960146630322398,106.1,0.0
33,100,edge,0.2,0.505,0.21654929577464788,0.39436619718309857,0.3890845070422535,0.5091643951499201,96.6,0.0
33,100,cloud,0.05,0.09,0.05721830985915493,0.6461267605633803,0.2966549295774648,0.7463107434909296,133.2,1.0
33,100,cloud,0.1,0.17,0.10387323943661972,0.5484154929577465,0.3477112676056338,0.628724504182724,116.9,1.0
33,100,cloud,0.2,0.265,0.17253521126760563,0.4480633802816901,0.37940140845070425,0.5133941159883447,102.19999999999999,1.0
33,100,hera,0.05,0.09,0.058098591549295774,0.6461267605633803,0.29577464788732394,0.7441488861735126,132.7,0.7755498656006298
33,100,hera,0.1,0.17,0.10387323943661972,0.5484154929577465,0.3477112676056338,0.6272206034401729,116.9,0.7076526626319422
33,100,hera,0.2,0.265,0.17253521126760563,0.4471830985915493,0.38028169014084506,0.5126421656170693,102.19999999999999,0.6429996942292525
33,200,edge,0.05,0.155,0.02640845070422535,0.7174295774647887,0.25616197183098594,0.8462261490741612,145.0,0.0
33,200,edge,0.1,0.35,0.10827464788732394,0.545774647887324,0.3459507042253521,0.6657580599680422,116.2,0.0
33,200,edge,0.2,0.47,0.19454225352112675,0.426056338028169,0.37940140845070425,0.5442240812106401,101.0,0.0
33,200,cloud,0.05,0.08,0.04841549295774648,0.659330985915493,0.29225352112676056,0.7645455399943604,134.79999999999998,1.0
33,200,cloud,0.1,0.155,0.09507042253521127,0.5625,0.34242957746478875,0.6494031393928,119.0,1.0
33,200,cloud,0.2,0.265,0.17253521126760563,0.4480633802816901,0.37940140845070425,0.5133941159883447,102.19999999999999,1.0
33,200,hera,0.05,0.08,0.04929577464788732,0.659330985915493,0.2913732394366197,0.7624776764733527,134.79999999999998,0.7855596031835366
33,200,hera,0.1,0.155,0.09595070422535211,0.5616197183098591,0.34242957746478875,0.6481812200394774,118.99999999999999,0.7192259643893059
33,200,hera,0.2,0.265,0.17253521126760563,0.4471830985915493,0.38028169014084506,0.5126421656170693,102.19999999999999,0.6429996942292525
33,500,edge,0.05,0.17,0.02992957746478873,0.6980633802816901,0.2720070422535211,0.8321270796127456,143.39999999999998,0.0
33,500,edge,0.1,0.325,0.09595070422535211,0.5633802816901409,0.34066901408450706,0.6888805338847636,119.4,0.0
33,500,edge,0.2,0.445,0.17077464788732394,0.4480633802816901,0.38116197183098594,0.5707303317981013,103.4,0.0
33,500,cloud,0.05,0.065,0.040492957746478875,0.6786971830985915,0.28080985915492956,0.7960334617915218,137.60000000000002,1.0
33,500,cloud,0.1,0.125,0.07130281690140845,0.5941901408450704,0.3345070422535211,0.6900084594416769,123.20000000000002,1.0
33,500,cloud,0.2,0.255,0.16637323943661972,0.460387323943662,0.3732394366197183,0.5232634646113357,102.8,1.0
33,500,hera,0.05,0.065,0.04137323943661972,0.6786971830985915,0.27992957746478875,0.7940595920669236,137.60000000000002,0.8012067882575801
33,500,hera,0.1,0.125,0.0721830985915493,0.5941901408450704,0.3336267605633803,0.688316571106307,123.20000000000002,0.7436872893212849
33,500,hera,0.2,0.255,0.16637323943661972,0.4595070422535211,0.37411971830985913,0.5226055080364695,102.8,0.6494348938084702
33,1000,edge,0.05,0.21,0.04137323943661972,0.6654929577464789,0.29313380281690143,0.7965974245699784,136.4,0.0
33,1000,edge,0.1,0.345,0.10387323943661972,0.551056338028169,0.34507042253521125,0.6704577497885139,117.20000000000002,0.0
33,1000,edge,0.2,0.465,0.19278169014084506,0.42869718309859156,0.3785211267605634,0.551085628348529,101.60000000000001,0.0
33,1000,cloud,0.05,0.075,0.04401408450704225,0.6663732394366197,0.289612676056338,0.7745088824137607,135.4,1.0
33,1000,cloud,0.1,0.135,0.0818661971830986,0.5809859154929577,0.3371478873239437,0.6762853651658991,122.6,1.0
33,1000,cloud,0.2,0.265,0.17253521126760563,0.4480633802816901,0.37940140845070425,0.5133941159883447,102.19999999999999,1.0
33,1000,hera,0.05,0.075,0.0448943661971831,0.6663732394366197,0.2887323943661972,0.7723470250963437,135.4,0.7906528990228369
33,1000,hera,0.1,0.135,0.08274647887323944,0.5809859154929577,0.3362676056338028,0.6744994830341198,122.5,0.7350881828177496
33,1000,hera,0.2,0.26,0.1681338028169014,0.4533450704225352,0.3785211267605634,0.5184697809944544,102.39999999999999,0.6462345800545072
33,0,edge_fixed0.5,,0.5,0.2130281690140845,0.397887323943662,0.3890845070422535,0.515367985712943,97.0,0.0
33,0,cloud_fixed0.5,,0.5,0.3961267605633803,0.21566901408450703,0.3882042253521127,0.28282733339599586,75.2,1.0
34,12,edge,0.05,0.01,0.0008802816901408451,0.8732394366197183,0.12588028169014084,0.9789453896042861,183.6,0.0
34,12,edge,0.1,0.305,0.07658450704225352,0.573943661971831,0.3494718309859155,0.7061753924241,123.0,0.0
34,12,edge,0.2,0.39,0.1267605633802817,0.5026408450704225,0.37059859154929575,0.6280665476078579,111.5,0.0
34,12,cloud,0.05,0.01,0.0044014084507042256,0.7913732394366197,0.20422535211267606,0.9607105931008554,164.6,1.0
34,12,cloud,0.1,0.07,0.040492957746478875,0.6628521126760564,0.2966549295774648,0.782310367515744,136.9,1.0
34,12,cloud,0.2,0.205,0.1382042253521127,0.5044014084507042,0.3573943661971831,0.5803176990318639,108.99999999999997,1.0
34,12,hera,0.05,0.01,0.0044014084507042256,0.7913732394366197,0.20422535211267606,0.9553529467055174,164.4,0.8934353902795601
34,12,hera,0.1,0.07,0.04225352112676056,0.6610915492957746,0.2966549295774648,0.7799605226055081,137.0,0.794455933068604
34,12,hera,0.2,0.205,0.1382042253521127,0.5044014084507042,0.3573943661971831,0.5793777610677695,108.19999999999999,0.6817410427214882
34,25,edge,0.05,0.09,0.013204225352112676,0.7808098591549296,0.20598591549295775,0.9027164207162327,157.8,0.0
34,25,edge,0.1,0.305,0.07658450704225352,0.573943661971831,0.3494718309859155,0.7061753924241,123.0,0.0
34,25,edge,0.2,0.49,0.20950704225352113,0.40580985915492956,0.3846830985915493,0.5303129993420435,98.1,0.0
34,25,cloud,0.05,0.01,0.0044014084507042256,0.7913732394366197,0.20422535211267606,0.9607105931008554,164.6,1.0
34,25,cloud,0.1,0.07,0.040492957746478875,0.6628521126760564,0.2966549295774648,0.782310367515744,136.9,1.0
34,25,cloud,0.2,0.26,0.18485915492957747,0.43309859154929575,0.38204225352112675,0.5201616693298242,100.1,1.0
34,25,hera,0.05,0.01,0.0044014084507042256,0.7913732394366197,0.20422535211267606,0.9553529467055174,164.4,0.8934353902795601
34,25,hera,0.1,0.07,0.04225352112676056,0.6610915492957746,0.2966549295774648,0.7799605226055081,137.0,0.794455933068604
34,25,hera,0.2,0.26,0.1857394366197183,0.43221830985915494,0.38204225352112675,0.5195037127549582,99.99999999999999,0.6460065713601899
34,50,edge,0.05,0.3,0.07394366197183098,0.5801056338028169,0.3459507042253521,0.7116270326158474,123.10000000000002,0.0
34,50,edge,0.1,0.39,0.1267605633802817,0.5026408450704225,0.37059859154929575,0.6280665476078579,111.5,0.0
34,50,edge,0.2,0.49,0.20950704225352113,0.40580985915492956,0.3846830985915493,0.5303129993420435,98.1,0.0
34,50,cloud,0.05,0.07,0.040492957746478875,0.6628521126760564,0.2966549295774648,0.782310367515744,136.9,1.0
34,50,cloud,0.1,0.205,0.1382042253521127,0.5044014084507042,0.3573943661971831,0.5803176990318639,108.99999999999997,1.0
34,50,cloud,0.2,0.33,0.2438380281690141,0.3600352112676056,0.3961267605633803,0.4457185825735501,91.79999999999998,1.0
34,50,hera,0.05,0.07,0.04225352112676056,0.6610915492957746,0.2966549295774648,0.7799605226055081,137.0,0.794455933068604
34,50,hera,0.1,0.205,0.1382042253521127,0.5044014084507042,0.3573943661971831,0.5793777610677695,108.19999999999999,0.6817410427214882
34,50,hera,0.2,0.33,0.2482394366197183,0.3591549295774648,0.3926056338028169,0.44393270044177086,91.8,0.6045349155964048
34,100,edge,0.05,0.21,0.04841549295774648,0.659330985915493,0.29225352112676056,0.7918977347495065,137.20000000000002,0.0
34,100,edge,0.1,0.345,0.09419014084507042,0.5422535211267606,0.363556338028169,0.6697057994172385,114.8,0.0
34,100,edge,0.2,0.44,0.16109154929577466,0.45422535211267606,0.3846830985915493,0.579471754864179,102.80000000000001,0.0
34,100,cloud,0.05,0.045,0.027288732394366196,0.7077464788732394,0.2649647887323944,0.841902434439327,144.2,1.0
34,100,cloud,0.1,0.15,0.10475352112676056,0.5519366197183099,0.34330985915492956,0.6516589905066266,118.19999999999999,1.0
34,100,cloud,0.2,0.305,0.22359154929577466,0.3846830985915493,0.39172535211267606,0.47288278973587744,95.30000000000001,1.0
34,100,hera,0.05,0.045,0.027288732394366196,0.7068661971830986,0.2658450704225352,0.8393646019362722,144.0,0.8242440295115688
34,100,hera,0.1,0.15,0.10475352112676056,0.5519366197183099,0.34330985915492956,0.6504370711533038,117.8,0.7223861768740554
34,100,hera,0.2,0.305,0.2244718309859155,0.3846830985915493,0.3908450704225352,0.47147288278973587,95.20000000000002,0.6187274831721864
34,200,edge,0.05,0.205,0.04753521126760563,0.6663732394366197,0.2860915492957746,0.7961274555879312,137.5,0.0
34,200,edge,0.1,0.305,0.07658450704225352,0.573943661971831,0.3494718309859155,0.7061753924241,123.0,0.0
34,200,edge,0.2,0.45,0.1742957746478873,0.43838028169014087,0.3873239436619718,0.5702603628160542,101.9,0.0
34,200,cloud,0.05,0.045,0.027288732394366196,0.7077464788732394,0.2649647887323944,0.841902434439327,144.2,1.0
34,200,cloud,0.1,0.165,0.11443661971830986,0.539612676056338,0.3459507042253521,0.630886361500141,116.4,1.0
34,200,cloud,0.2,0.31,0.2306338028169014,0.3829225352112676,0.386443661971831,0.4664912115800357,95.6,1.0
34,200,hera,0.05,0.045,0.027288732394366196,0.7068661971830986,0.2658450704225352,0.8393646019362722,144.0,0.8242440295115688
34,200,hera,0.1,0.165,0.11443661971830986,0.539612676056338,0.3459507042253521,0.6297584359432278,116.1,0.711071008442147
34,200,hera,0.2,0.31,0.2323943661971831,0.3829225352112676,0.3846830985915493,0.4648933170410753,95.79999999999998,0.615809148103653
34,500,edge,0.05,0.24,0.05457746478873239,0.636443661971831,0.3089788732394366,0.7660494407369114,131.8,0.0
34,500,edge,0.1,0.345,0.09419014084507042,0.5422535211267606,0.363556338028169,0.6697057994172385,114.8,0.0
34,500,edge,0.2,0.47,0.19190140845070422,0.4251760563380282,0.3829225352112676,0.5503336779772535,99.9,0.0
34,500,cloud,0.05,0.075,0.043133802816901406,0.6540492957746479,0.3028169014084507,0.7714070871322493,135.4,1.0
34,500,cloud,0.1,0.15,0.10475352112676056,0.5519366197183099,0.34330985915492956,0.6516589905066266,118.19999999999999,1.0
34,500,cloud,0.2,0.29,0.20862676056338028,0.3996478873239437,0.39172535211267606,0.4896136854967572,97.0,1.0
34,500,hera,0.05,0.075,0.04401408450704225,0.6522887323943662,0.30369718309859156,0.7691512360184228,135.6,0.7891870067456794
34,500,hera,0.1,0.15,0.10475352112676056,0.5519366197183099,0.34330985915492956,0.6504370711533038,117.8,0.7223861768740554
34,500,hera,0.2,0.29,0.21038732394366197,0.397887323943662,0.39172535211267606,0.48820377855061564,96.4,0.6276752282461366
34,1000,edge,0.05,0.225,0.05017605633802817,0.6470070422535211,0.3028169014084507,0.7802425039947364,134.59999999999997,0.0
34,1000,edge,0.1,0.32,0.08274647887323944,0.5633802816901409,0.3538732394366197,0.6907604098129524,118.10000000000001,0.0
34,1000,edge,0.2,0.46,0.18397887323943662,0.43133802816901406,0.3846830985915493,0.5618009211392048,101.60000000000001,0.0
34,1000,cloud,0.05,0.07,0.040492957746478875,0.6628521126760564,0.2966549295774648,0.782310367515744,136.9,1.0
34,1000,cloud,0.1,0.14,0.09507042253521127,0.5695422535211268,0.335387323943662,0.6663220227464988,120.1,1.0
34,1000,cloud,0.2,0.275,0.19278169014084506,0.42077464788732394,0.386443661971831,0.5055926308863615,99.59999999999997,1.0
34,1000,hera,0.05,0.065,0.040492957746478875,0.6698943661971831,0.289612676056338,0.7917097471566876,138.5,0.7998437178465365
34,1000,hera,0.1,0.14,0.09507042253521127,0.5695422535211268,0.335387323943662,0.6646301344111288,119.9,0.7302015026998719
34,1000,hera,0.2,0.275,0.1936619718309859,0.41813380281690143,0.3882042253521127,0.5045586991258577,98.9,0.6368614475747962
34,0,edge_fixed0.5,,0.5,0.22095070422535212,0.4005281690140845,0.3785211267605634,0.5201616693298242,97.60000000000001,0.0
34,0,cloud_fixed0.5,,0.5,0.40492957746478875,0.21919014084507044,0.37588028169014087,0.2837672713600902,74.2,1.0
35,12,edge,0.05,0.01,0.0035211267605633804,0.891725352112676,0.10475352112676056,0.9774414888617351,183.9,0.0
35,12,edge,0.1,0.09,0.016725352112676055,0.8063380281690141,0.17693661971830985,0.9063821787762008,158.0,0.0
35,12,edge,0.2,0.595,0.3257042253521127,0.2904929577464789,0.38380281690140844,0.4132907228122944,86.0,0.0
35,12,cloud,0.05,0.01,0.007922535211267605,0.823943661971831,0.1681338028169014,0.9616505310649497,165.2,1.0
35,12,cloud,0.1,0.01,0.007922535211267605,0.823943661971831,0.1681338028169014,0.9616505310649497,165.2,1.0
35,12,cloud,0.2,0.44,0.34330985915492956,0.2676056338028169,0.3890845070422535,0.34100949337343733,82.2,1.0
35,12,hera,0.05,0.01,0.008802816901408451,0.8230633802816901,0.1681338028169014,0.9557289218911552,165.2,0.8938267016636384
35,12,hera,0.1,0.01,0.008802816901408451,0.8230633802816901,0.1681338028169014,0.9557289218911552,165.2,0.8938267016636384
35,12,hera,0.2,0.44,0.34683098591549294,0.2658450704225352,0.3873239436619718,0.3403515367985713,82.2,0.5471950684416523
35,25,edge,0.05,0.09,0.016725352112676055,0.8063380281690141,0.17693661971830985,0.9063821787762008,158.0,0.0
35,25,edge,0.1,0.16,0.032570422535211266,0.727112676056338,0.24031690140845072,0.8390826205470439,144.4,0.0
35,25,edge,0.2,0.435,0.1637323943661972,0.4665492957746479,0.36971830985915494,0.5845474198702886,105.5,0.0
35,25,cloud,0.05,0.01,0.007922535211267605,0.823943661971831,0.1681338028169014,0.9616505310649497,165.2,1.0
35,25,cloud,0.1,0.025,0.011443661971830986,0.7737676056338029,0.2147887323943662,0.9009305385844534,155.2,1.0
35,25,cloud,0.2,0.255,0.16901408450704225,0.4586267605633803,0.37235915492957744,0.5215715762759657,102.4,1.0
35,25,hera,0.05,0.01,0.008802816901408451,0.8230633802816901,0.1681338028169014,0.9557289218911552,165.2,0.8938267016636384
35,25,hera,0.1,0.025,0.013204225352112676,0.772887323943662,0.21390845070422534,0.8973587743208948,155.2,0.85641063082788
35,25,hera,0.2,0.255,0.1698943661971831,0.45774647887323944,0.37235915492957744,0.5209136197010997,102.4,0.6496756765141936
35,50,edge,0.05,0.09,0.016725352112676055,0.8063380281690141,0.17693661971830985,0.9063821787762008,158.0,0.0
35,50,edge,0.1,0.17,0.03345070422535211,0.7165492957746479,0.25,0.8309051602594228,143.0,0.0
35,50,edge,0.2,0.39,0.12940140845070422,0.5088028169014085,0.3617957746478873,0.6292884669611806,109.99999999999997,0.0
35,50,cloud,0.05,0.01,0.007922535211267605,0.823943661971831,0.1681338028169014,0.9616505310649497,165.2,1.0
35,50,cloud,0.1,0.12,0.06866197183098592,0.6047535211267606,0.3265845070422535,0.6953661058370147,124.60000000000001,1.0
35,50,cloud,0.2,0.315,0.21566901408450703,0.4014084507042254,0.3829225352112676,0.4623554845380205,97.2,1.0
35,50,hera,0.05,0.01,0.008802816901408451,0.8230633802816901,0.1681338028169014,0.9557289218911552,165.2,0.8938267016636384
35,50,hera,0.1,0.12,0.06866197183098592,0.6047535211267606,0.3265845070422535,0.694144186483692,124.20000000000002,0.748109579091077
35,50,hera,0.2,0.31,0.21390845070422534,0.40492957746478875,0.38116197183098594,0.4648933170410753,97.60000000000001,0.616304501645235
35,100,edge,0.05,0.15,0.028169014084507043,0.7429577464788732,0.22887323943661972,0.8486699877808065,145.29999999999998,0.0
35,100,edge,0.1,0.23,0.045774647887323945,0.6619718309859155,0.29225352112676056,0.7764827521383588,130.1,0.0
35,100,edge,0.2,0.42,0.1487676056338028,0.4762323943661972,0.375,0.6009023404455306,106.80000000000001,0.0
35,100,cloud,0.05,0.025,0.011443661971830986,0.7737676056338029,0.2147887323943662,0.9009305385844534,155.2,1.0
35,100,cloud,0.1,0.075,0.04225352112676056,0.6742957746478874,0.2834507042253521,0.7728169940783908,135.39999999999998,1.0
35,100,cloud,0.2,0.26,0.1742957746478873,0.4551056338028169,0.37059859154929575,0.516871886455494,102.30000000000001,1.0
35,100,hera,0.05,0.025,0.013204225352112676,0.772887323943662,0.21390845070422534,0.8973587743208948,155.2,0.85641063082788
35,100,hera,0.1,0.075,0.043133802816901406,0.6734154929577465,0.2834507042253521,0.7703731553717454,135.39999999999998,0.7904450205369871
35,100,hera,0.2,0.26,0.17517605633802816,0.45422535211267606,0.37059859154929575,0.5161199360842185,102.20000000000002,0.64646234767386
35,200,edge,0.05,0.17,0.03345070422535211,0.7165492957746479,0.25,0.8309051602594228,143.0,0.0
35,200,edge,0.1,0.3,0.07042253521126761,0.5959507042253521,0.3336267605633803,0.7128489519691701,120.6,0.0
35,200,edge,0.2,0.465,0.19014084507042253,0.43309859154929575,0.3767605633802817,0.5564432747438669,101.80000000000001,0.0
35,200,cloud,0.05,0.04,0.01936619718309859,0.7411971830985915,0.23943661971830985,0.8557195225115143,146.60000000000002,1.0
35,200,cloud,0.1,0.12,0.06866197183098592,0.6047535211267606,0.3265845070422535,0.6953661058370147,124.60000000000001,1.0
35,200,cloud,0.2,0.265,0.17869718309859156,0.4507042253521127,0.37059859154929575,0.5120782028386126,102.19999999999999,1.0
35,200,hera,0.05,0.04,0.020246478873239437,0.7411971830985915,0.238556338028169,0.8523357458407745,146.8,0.8321253734447555
35,200,hera,0.1,0.12,0.06866197183098592,0.6047535211267606,0.3265845070422535,0.694144186483692,124.20000000000002,0.748109579091077
35,200,hera,0.2,0.265,0.1795774647887324,0.448943661971831,0.3714788732394366,0.5113262524673372,101.8,0.6432733225675897
35,500,edge,0.05,0.195,0.03961267605633803,0.6980633802816901,0.2623239436619718,0.8077826863427013,136.2,0.0
35,500,edge,0.1,0.32,0.08274647887323944,0.5748239436619719,0.34242957746478875,0.6944261678729204,117.5,0.0
35,500,edge,0.2,0.475,0.198943661971831,0.426056338028169,0.375,0.5465739261208761,101.50000000000001,0.0
35,500,cloud,0.05,0.06,0.02992957746478873,0.7033450704225352,0.26672535211267606,0.8067487545821975,139.4,1.0
35,500,cloud,0.1,0.125,0.0721830985915493,0.5994718309859155,0.3283450704225352,0.687470626938622,123.4,1.0
35,500,cloud,0.2,0.27,0.18221830985915494,0.44630281690140844,0.3714788732394366,0.5077544882037786,101.6,1.0
35,500,hera,0.05,0.06,0.030809859154929578,0.7033450704225352,0.2658450704225352,0.803834946893505,139.4,0.8066327600213467
35,500,hera,0.1,0.125,0.0721830985915493,0.5985915492957746,0.32922535211267606,0.6862487075852993,123.30000000000001,0.743768948571494
35,500,hera,0.2,0.27,0.18309859154929578,0.44366197183098594,0.3732394366197183,0.507190525425322,101.10000000000002,0.6404337841962165
35,1000,edge,0.05,0.195,0.03961267605633803,0.6980633802816901,0.2623239436619718,0.8077826863427013,136.2,0.0
35,1000,edge,0.1,0.32,0.08274647887323944,0.5748239436619719,0.34242957746478875,0.6944261678729204,117.5,0.0
35,1000,edge,0.2,0.465,0.19014084507042253,0.43309859154929575,0.3767605633802817,0.5564432747438669,101.80000000000001,0.0
35,1000,cloud,0.05,0.065,0.035211267605633804,0.6892605633802817,0.2755281690140845,0.7951875176238369,138.60000000000002,1.0
35,1000,cloud,0.1,0.13,0.07570422535211267,0.5933098591549296,0.33098591549295775,0.6807970673935521,122.70000000000002,1.0
35,1000,cloud,0.2,0.265,0.17869718309859156,0.4507042253521127,0.37059859154929575,0.5120782028386126,102.19999999999999,1.0
35,1000,hera,0.05,0.06,0.030809859154929578,0.7033450704225352,0.2658450704225352,0.803834946893505,139.4,0.8066327600213467
35,1000,hera,0.1,0.13,0.07570422535211267,0.5924295774647887,0.33186619718309857,0.6794811542438199,122.60000000000002,0.7397095801133675
35,1000,hera,0.2,0.265,0.1795774647887324,0.448943661971831,0.3714788732394366,0.5113262524673372,101.8,0.6432733225675897
35,0,edge_fixed0.5,,0.5,0.22095070422535212,0.40492957746478875,0.37411971830985913,0.5195037127549582,98.0,0.0
35,0,cloud_fixed0.5,,0.5,0.4022887323943662,0.21919014084507044,0.3785211267605634,0.28527117210264125,75.79999999999998,1.0
36,12,edge,0.05,0.01,0.0,0.875,0.125,0.9793213647899238,182.7,0.0
36,12,edge,0.1,0.37,0.12147887323943662,0.5061619718309859,0.37235915492957744,0.6522229532850832,108.60000000000001,0.0
36,12,edge,0.2,0.56,0.2860915492957746,0.31690140845070425,0.3970070422535211,0.45953567064573736,86.80000000000001,0.0
36,12,cloud,0.05,0.01,0.0035211267605633804,0.7922535211267606,0.20422535211267606,0.9654102829213272,164.1,1.0
36,12,cloud,0.1,0.285,0.20598591549295775,0.4084507042253521,0.3855633802816901,0.492151517999812,98.4,1.0
36,12,cloud,0.2,0.335,0.24647887323943662,0.363556338028169,0.3899647887323944,0.4410188927530783,92.4,1.0
36,12,hera,0.05,0.01,0.0035211267605633804,0.7913732394366197,0.2051056338028169,0.9601466303223988,162.8,0.8957343115283094
36,12,hera,0.1,0.285,0.20774647887323944,0.40669014084507044,0.3855633802816901,0.4913055738321271,98.1,0.6341928903492727
36,12,hera,0.2,0.335,0.24911971830985916,0.3617957746478873,0.3890845070422535,0.44017294858539335,92.4,0.6056235607199891
36,25,edge,0.05,0.225,0.0448943661971831,0.6514084507042254,0.30369718309859156,0.7856941441864836,128.8,0.0
36,25,edge,0.1,0.37,0.12147887323943662,0.5061619718309859,0.37235915492957744,0.6522229532850832,108.60000000000001,0.0
36,25,edge,0.2,0.55,0.2720070422535211,0.32922535211267606,0.3987676056338028,0.47213083936460193,86.80000000000001,0.0
36,25,cloud,0.05,0.16,0.1056338028169014,0.5299295774647887,0.3644366197183099,0.6421656170692734,113.59999999999998,1.0
36,25,cloud,0.1,0.23,0.15404929577464788,0.4709507042253521,0.375,0.5509916345521195,103.80000000000001,1.0
36,25,cloud,0.2,0.335,0.24647887323943662,0.363556338028169,0.3899647887323944,0.4410188927530783,92.4,1.0
36,25,hera,0.05,0.16,0.1056338028169014,0.5299295774647887,0.3644366197183099,0.6406617163267224,113.59999999999998,0.7183987777842961
36,25,hera,0.1,0.23,0.15492957746478872,0.4709507042253521,0.37411971830985913,0.5500516965880252,103.9,0.6685529344553256
36,25,hera,0.2,0.335,0.24911971830985916,0.3617957746478873,0.3890845070422535,0.44017294858539335,92.4,0.6056235607199891
36,50,edge,0.05,0.09,0.013204225352112676,0.7860915492957746,0.2007042253521127,0.9080740671115707,155.2,0.0
36,50,edge,0.1,0.225,0.0448943661971831,0.6514084507042254,0.30369718309859156,0.7856941441864836,128.8,0.0
36,50,edge,0.2,0.445,0.1742957746478873,0.42869718309859156,0.3970070422535211,0.5800357176426356,99.60000000000001,0.0
36,50,cloud,0.05,0.015,0.006161971830985915,0.7737676056338029,0.22007042253521128,0.9442616787292039,158.60000000000002,1.0
36,50,cloud,0.1,0.08,0.045774647887323945,0.641725352112676,0.3125,0.7719710499107059,131.2,1.0
36,50,cloud,0.2,0.23,0.15404929577464788,0.4709507042253521,0.375,0.5509916345521195,103.80000000000001,1.0
36,50,hera,0.05,0.01,0.0035211267605633804,0.7913732394366197,0.2051056338028169,0.9601466303223988,162.8,0.8957343115283094
36,50,hera,0.1,0.08,0.04665492957746479,0.641725352112676,0.31161971830985913,0.7701851677789265,131.39999999999998,0.7878383025753939
36,50,hera,0.2,0.23,0.15492957746478872,0.4709507042253521,0.37411971830985913,0.5500516965880252,103.9,0.6685529344553256
36,100,edge,0.05,0.115,0.01584507042253521,0.7623239436619719,0.22183098591549297,0.8840116552307548,148.8,0.0
36,100,edge,0.1,0.14,0.023767605633802816,0.7323943661971831,0.2438380281690141,0.8620171068709466,144.0,0.0
36,100,edge,0.2,0.4,0.13908450704225353,0.4823943661971831,0.3785211267605634,0.6232728639909766,104.5,0.0
36,100,cloud,0.05,0.04,0.02112676056338028,0.7112676056338029,0.2676056338028169,0.8618291192781277,144.7,1.0
36,100,cloud,0.1,0.05,0.029049295774647887,0.6927816901408451,0.27816901408450706,0.835886831469123,139.2,1.0
36,100,cloud,0.2,0.13,0.08362676056338028,0.5660211267605634,0.3503521126760563,0.6850267882319767,119.00000000000001,1.0
36,100,hera,0.05,0.035,0.018485915492957746,0.7297535211267606,0.2517605633802817,0.8719804492903468,145.2,0.8419804201379871
36,100,hera,0.1,0.05,0.029049295774647887,0.6927816901408451,0.27816901408450706,0.8335369865588871,139.2,0.8211116008375193
36,100,hera,0.2,0.13,0.08362676056338028,0.5651408450704225,0.3512323943661972,0.683146912303788,119.00000000000001,0.7422227962907648
36,200,edge,0.05,0.12,0.017605633802816902,0.7570422535211268,0.22535211267605634,0.8789359902246452,148.3,0.0
36,200,edge,0.1,0.305,0.08362676056338028,0.5660211267605634,0.3503521126760563,0.7132249271548078,117.39999999999999,0.0
36,200,edge,0.2,0.43,0.1602112676056338,0.44278169014084506,0.3970070422535211,0.5955446940501927,101.10000000000002,0.0
36,200,cloud,0.05,0.04,0.02112676056338028,0.7112676056338029,0.2676056338028169,0.8618291192781277,144.7,1.0
36,200,cloud,0.1,0.105,0.06690140845070422,0.6056338028169014,0.3274647887323944,0.7252561330952157,125.19999999999999,1.0
36,200,cloud,0.2,0.23,0.15404929577464788,0.4709507042253521,0.375,0.5509916345521195,103.80000000000001,1.0
36,200,hera,0.05,0.04,0.02112676056338028,0.7112676056338029,0.2676056338028169,0.8584453426073879,144.5,0.8344316083316651
36,200,hera,0.1,0.1,0.06338028169014084,0.613556338028169,0.3230633802816901,0.7332456057900179,126.0,0.768335496128437
36,200,hera,0.2,0.23,0.15492957746478872,0.4709507042253521,0.37411971830985913,0.5500516965880252,103.9,0.6685529344553256
36,500,edge,0.05,0.155,0.025528169014084508,0.7147887323943662,0.2596830985915493,0.8488579753736254,141.39999999999998,0.0
36,500,edge,0.1,0.335,0.09859154929577464,0.5404929577464789,0.3609154929577465,0.6847448068427484,114.2,0.0
36,500,edge,0.2,0.455,0.18485915492957747,0.41901408450704225,0.3961267605633803,0.5713882883729674,97.69999999999999,0.0
36,500,cloud,0.05,0.055,0.03169014084507042,0.6822183098591549,0.2860915492957746,0.8237616317323057,137.6,1.0
36,500,cloud,0.1,0.125,0.08098591549295775,0.5730633802816901,0.3459507042253521,0.6927342795375505,120.1,1.0
36,500,cloud,0.2,0.255,0.17253521126760563,0.4410211267605634,0.386443661971831,0.5229814832221074,100.4,1.0
36,500,hera,0.05,0.05,0.029049295774647887,0.6927816901408451,0.27816901408450706,0.8335369865588871,139.2,0.8211116008375193
36,500,hera,0.1,0.125,0.08098591549295775,0.5721830985915493,0.34683098591549294,0.6909483974057712,120.1,0.7460843036956374
36,500,hera,0.2,0.255,0.17341549295774647,0.44014084507042256,0.386443661971831,0.5221355390544224,100.20000000000002,0.6525404357330301
36,1000,edge,0.05,0.21,0.040492957746478875,0.664612676056338,0.2948943661971831,0.7991352570730332,132.3,0.0
36,1000,edge,0.1,0.345,0.10211267605633803,0.5334507042253521,0.3644366197183099,0.674969452016167,111.9,0.0
36,1000,edge,0.2,0.47,0.198943661971831,0.40316901408450706,0.397887323943662,0.5560672995582292,96.79999999999998,0.0
36,1000,cloud,0.05,0.07,0.037852112676056336,0.6602112676056338,0.3019366197183099,0.7914277657674593,132.8,1.0
36,1000,cloud,0.1,0.14,0.0897887323943662,0.5572183098591549,0.3529929577464789,0.671773662938246,117.4,1.0
36,1000,cloud,0.2,0.285,0.20598591549295775,0.4084507042253521,0.3855633802816901,0.492151517999812,98.4,1.0
36,1000,hera,0.05,0.065,0.03609154929577465,0.6663732394366197,0.2975352112676056,0.799323244665852,134.39999999999998,0.8035151576619761
36,1000,hera,0.1,0.14,0.0897887323943662,0.5572183098591549,0.3529929577464789,0.6699877808064668,117.4,0.7339538914875545
36,1000,hera,0.2,0.285,0.20774647887323944,0.40669014084507044,0.3855633802816901,0.4913055738321271,98.1,0.6341928903492727
36,0,edge_fixed0.5,,0.5,0.22007042253521128,0.38028169014084506,0.3996478873239437,0.5260832785036188,93.4,0.0
36,0,cloud_fixed0.5,,0.5,0.4014084507042254,0.22183098591549297,0.3767605633802817,0.28968888053388475,75.1,1.0
37,12,edge,0.05,0.01,0.0017605633802816902,0.8697183098591549,0.12852112676056338,0.9785694144186484,181.6,0.0
37,12,edge,0.1,0.14,0.025528169014084508,0.7403169014084507,0.23415492957746478,0.8594792743678917,144.4,0.0
37,12,edge,0.2,0.365,0.11267605633802817,0.5176056338028169,0.36971830985915494,0.6568286493091456,110.6,0.0
37,12,cloud,0.05,0.01,0.0044014084507042256,0.8001760563380281,0.1954225352112676,0.961932512454178,161.2,1.0
37,12,cloud,0.1,0.085,0.06073943661971831,0.6382042253521126,0.301056338028169,0.7573080176708338,132.0,1.0
37,12,cloud,0.2,0.25,0.17077464788732394,0.4533450704225352,0.37588028169014087,0.5331328132343265,102.29999999999998,1.0
37,12,hera,0.05,0.01,0.0044014084507042256,0.8001760563380281,0.1954225352112676,0.9563868784660212,161.2,0.8953558845968561
37,12,hera,0.1,0.085,0.06073943661971831,0.6382042253521126,0.301056338028169,0.7546761913713695,132.0,0.7818346155328998
37,12,hera,0.2,0.25,0.17165492957746478,0.4533450704225352,0.375,0.5319108938810039,102.39999999999998,0.6541558143451506
37,25,edge,0.05,0.125,0.02112676056338028,0.7544014084507042,0.2244718309859155,0.8727323996616223,148.4,0.0
37,25,edge,0.1,0.14,0.025528169014084508,0.7403169014084507,0.23415492957746478,0.8594792743678917,144.4,0.0
37,25,edge,0.2,0.49,0.20598591549295775,0.40492957746478875,0.3890845070422535,0.5331328132343265,97.0,0.0
37,25,cloud,0.05,0.07,0.04753521126760563,0.664612676056338,0.2878521126760563,0.7858821317793026,134.60000000000002,1.0
37,25,cloud,0.1,0.085,0.06073943661971831,0.6382042253521126,0.301056338028169,0.7573080176708338,132.0,1.0
37,25,cloud,0.2,0.3,0.21919014084507044,0.39436619718309857,0.386443661971831,0.4821881755804117,96.6,1.0
37,25,hera,0.05,0.07,0.04929577464788732,0.6637323943661971,0.2869718309859155,0.7834382930726572,134.70000000000002,0.7972104287639371
37,25,hera,0.1,0.085,0.06073943661971831,0.6382042253521126,0.301056338028169,0.7546761913713695,132.0,0.7818346155328998
37,25,hera,0.2,0.3,0.22007042253521128,0.39348591549295775,0.386443661971831,0.4811542438199079,96.6,0.6235039849870497
37,50,edge,0.05,0.125,0.02112676056338028,0.7544014084507042,0.2244718309859155,0.8727323996616223,148.4,0.0
37,50,edge,0.1,0.3,0.07306338028169014,0.5783450704225352,0.3485915492957746,0.7159507472506814,118.0,0.0
37,50,edge,0.2,0.49,0.20598591549295775,0.40492957746478875,0.3890845070422535,0.5331328132343265,97.0,0.0
37,50,cloud,0.05,0.07,0.04753521126760563,0.664612676056338,0.2878521126760563,0.7858821317793026,134.60000000000002,1.0
37,50,cloud,0.1,0.1,0.06954225352112677,0.6170774647887324,0.31338028169014087,0.7297678353228687,128.2,1.0
37,50,cloud,0.2,0.33,0.24295774647887325,0.3617957746478873,0.39524647887323944,0.45051226619043144,92.60000000000002,1.0
37,50,hera,0.05,0.07,0.04929577464788732,0.6637323943661971,0.2869718309859155,0.7834382930726572,134.70000000000002,0.7972104287639371
37,50,hera,0.1,0.1,0.06954225352112677,0.6170774647887324,0.31338028169014087,0.7276999718018611,128.0,0.7672696448452985
37,50,hera,0.2,0.33,0.24471830985915494,0.3609154929577465,0.39436619718309857,0.4491023592442899,93.1,0.6064552468654326
37,100,edge,0.05,0.125,0.02112676056338028,0.7544014084507042,0.2244718309859155,0.8727323996616223,148.4,0.0
37,100,edge,0.1,0.32,0.08450704225352113,0.5607394366197183,0.35475352112676056,0.6970579941723847,114.39999999999999,0.0
37,100,edge,0.2,0.525,0.23327464788732394,0.36795774647887325,0.3987676056338028,0.49638123883823665,92.6,0.0
37,100,cloud,0.05,0.07,0.04753521126760563,0.664612676056338,0.2878521126760563,0.7858821317793026,134.60000000000002,1.0
37,100,cloud,0.1,0.1,0.06954225352112677,0.6170774647887324,0.31338028169014087,0.7297678353228687,128.2,1.0
37,100,cloud,0.2,0.365,0.2737676056338028,0.335387323943662,0.3908450704225352,0.41648651189021524,90.99999999999999,1.0
37,100,hera,0.05,0.07,0.04929577464788732,0.6637323943661971,0.2869718309859155,0.7834382930726572,134.70000000000002,0.7972104287639371
37,100,hera,0.1,0.1,0.06954225352112677,0.6170774647887324,0.31338028169014087,0.7276999718018611,128.0,0.7672696448452985
37,100,hera,0.2,0.365,0.2764084507042254,0.3345070422535211,0.3890845070422535,0.4158285553153492,91.19999999999999,0.5870858927520304
37,200,edge,0.05,0.185,0.035211267605633804,0.6901408450704225,0.2746478873239437,0.8170880721872357,136.5,0.0
37,200,edge,0.1,0.37,0.11443661971830986,0.5123239436619719,0.3732394366197183,0.65109502772817,109.19999999999999,0.0
37,200,edge,0.2,0.535,0.23767605633802816,0.3591549295774648,0.40316901408450706,0.4844440266942382,90.39999999999998,0.0
37,200,cloud,0.05,0.08,0.056338028169014086,0.6399647887323944,0.30369718309859156,0.7677413290722812,132.60000000000002,1.0
37,200,cloud,0.1,0.195,0.12852112676056338,0.5132042253521126,0.35827464788732394,0.593664818122004,110.4,1.0
37,200,cloud,0.2,0.355,0.2640845070422535,0.34330985915492956,0.3926056338028169,0.42588589153115897,91.1,1.0
37,200,hera,0.05,0.08,0.05721830985915493,0.6399647887323944,0.3028169014084507,0.7652034965692265,132.60000000000002,0.7869222371294852
37,200,hera,0.1,0.195,0.12852112676056338,0.5132042253521126,0.35827464788732394,0.5922549111758624,109.89999999999999,0.6910508240668074
37,200,hera,0.2,0.355,0.26672535211267606,0.34242957746478875,0.3908450704225352,0.4253219287527023,91.2,0.5925403606648125
37,500,edge,0.05,0.195,0.035211267605633804,0.6804577464788732,0.28433098591549294,0.8064667731929692,134.6,0.0
37,500,edge,0.1,0.32,0.08450704225352113,0.5607394366197183,0.35475352112676056,0.6970579941723847,114.39999999999999,0.0
37,500,edge,0.2,0.48,0.2007042253521127,0.4119718309859155,0.3873239436619718,0.5439420998214118,97.7,0.0
37,500,cloud,0.05,0.08,0.056338028169014086,0.6399647887323944,0.30369718309859156,0.7677413290722812,132.60000000000002,1.0
37,500,cloud,0.1,0.14,0.09595070422535211,0.5660211267605634,0.3380281690140845,0.6693298242316007,119.80000000000001,1.0
37,500,cloud,0.2,0.285,0.20774647887323944,0.40757042253521125,0.3846830985915493,0.4978851395807877,97.49999999999999,1.0
37,500,hera,0.05,0.08,0.05721830985915493,0.6399647887323944,0.3028169014084507,0.7652034965692265,132.60000000000002,0.7869222371294852
37,500,hera,0.1,0.135,0.09507042253521127,0.5704225352112676,0.3345070422535211,0.6744994830341198,121.39999999999999,0.7368337332289954
37,500,hera,0.2,0.285,0.20862676056338028,0.40669014084507044,0.3846830985915493,0.4967572140238744,97.20000000000002,0.6325526251585412
37,1000,edge,0.05,0.195,0.035211267605633804,0.6804577464788732,0.28433098591549294,0.8064667731929692,134.6,0.0
37,1000,edge,0.1,0.33,0.09154929577464789,0.5528169014084507,0.35563380281690143,0.6885045586991259,114.10000000000001,0.0
37,1000,edge,0.2,0.465,0.1875,0.4216549295774648,0.3908450704225352,0.5576651940971896,99.2,0.0
37,1000,cloud,0.05,0.085,0.06073943661971831,0.6382042253521126,0.301056338028169,0.7573080176708338,132.0,1.0
37,1000,cloud,0.1,0.145,0.10035211267605634,0.5598591549295775,0.3397887323943662,0.661434345333208,118.6,1.0
37,1000,cloud,0.2,0.28,0.20334507042253522,0.4128521126760563,0.38380281690140844,0.502678823197669,97.80000000000001,1.0
37,1000,hera,0.05,0.085,0.06073943661971831,0.6382042253521126,0.301056338028169,0.7546761913713695,132.0,0.7818346155328998
37,1000,hera,0.1,0.145,0.10035211267605634,0.5598591549295775,0.3397887323943662,0.6602124259798853,118.6,0.7286544957768177
37,1000,hera,0.2,0.28,0.20422535211267606,0.4119718309859155,0.38380281690140844,0.501832879029984,97.69999999999999,0.6355792498283745
37,0,edge_fixed0.5,,0.5,0.2130281690140845,0.3970070422535211,0.3899647887323944,0.5217595638687846,96.30000000000001,0.0
37,0,cloud_fixed0.5,,0.5,0.4110915492957746,0.22095070422535212,0.36795774647887325,0.29015884951593196,76.80000000000001,1.0
38,12,edge,0.05,0.01,0.0035211267605633804,0.863556338028169,0.1329225352112676,0.9795093523827427,181.4,0.0
38,12,edge,0.1,0.3,0.08274647887323944,0.5827464788732394,0.3345070422535211,0.7130369395619889,122.60000000000002,0.0
38,12,edge,0.2,0.31,0.0897887323943662,0.5730633802816901,0.3371478873239437,0.7044835040887302,121.29999999999998,0.0
38,12,cloud,0.05,0.01,0.006161971830985915,0.7825704225352113,0.2112676056338028,0.9648463201428705,161.6,1.0
38,12,cloud,0.1,0.05,0.035211267605633804,0.6971830985915493,0.2676056338028169,0.8309991540558324,142.7,1.0
38,12,cloud,0.2,0.065,0.04401408450704225,0.6778169014084507,0.27816901408450706,0.7972553811448444,139.29999999999998,1.0
38,12,hera,0.05,0.01,0.007042253521126761,0.7825704225352113,0.21038732394366197,0.9587367233762571,161.5,0.8957928739026134
38,12,hera,0.1,0.05,0.03609154929577465,0.6971830985915493,0.26672535211267606,0.8284613215527775,142.8,0.819882429040258
38,12,hera,0.2,0.065,0.0448943661971831,0.6769366197183099,0.27816901408450706,0.7948115424381991,139.2,0.8018856890328956
38,25,edge,0.05,0.3,0.08274647887323944,0.5827464788732394,0.3345070422535211,0.7130369395619889,122.60000000000002,0.0
38,25,edge,0.1,0.31,0.0897887323943662,0.5730633802816901,0.3371478873239437,0.7044835040887302,121.29999999999998,0.0
38,25,edge,0.2,0.365,0.12147887323943662,0.522887323943662,0.35563380281690143,0.653256885045587,113.99999999999999,0.0
38,25,cloud,0.05,0.05,0.035211267605633804,0.6971830985915493,0.2676056338028169,0.8309991540558324,142.7,1.0
38,25,cloud,0.1,0.065,0.04401408450704225,0.6778169014084507,0.27816901408450706,0.7972553811448444,139.29999999999998,1.0
38,25,cloud,0.2,0.105,0.06690140845070422,0.6179577464788732,0.31514084507042256,0.7190525425321929,129.5,1.0
38,25,hera,0.05,0.05,0.03609154929577465,0.6971830985915493,0.26672535211267606,0.8284613215527775,142.8,0.819882429040258
38,25,hera,0.1,0.065,0.0448943661971831,0.6769366197183099,0.27816901408450706,0.7948115424381991,139.2,0.8018856890328956
38,25,hera,0.2,0.105,0.06778169014084508,0.6179577464788732,0.3142605633802817,0.717360654196823,129.4,0.7615848926334601
38,50,edge,0.05,0.235,0.06514084507042253,0.6452464788732394,0.289612676056338,0.7714070871322493,133.1,0.0
38,50,edge,0.1,0.335,0.10123239436619719,0.5475352112676056,0.3512323943661972,0.6817370053576464,118.19999999999999,0.0
38,50,edge,0.2,0.44,0.17165492957746478,0.4498239436619718,0.3785211267605634,0.5803176990318639,104.4,0.0
38,50,cloud,0.05,0.065,0.04401408450704225,0.6778169014084507,0.27816901408450706,0.7972553811448444,139.29999999999998,1.0
38,50,cloud,0.1,0.09,0.056338028169014086,0.6373239436619719,0.30633802816901406,0.7453708055268352,132.8,1.0
38,50,cloud,0.2,0.155,0.10475352112676056,0.5625,0.33274647887323944,0.6463953379076981,119.19999999999999,1.0
38,50,hera,0.05,0.065,0.0448943661971831,0.6769366197183099,0.27816901408450706,0.7948115424381991,139.2,0.8018856890328956
38,50,hera,0.1,0.09,0.05721830985915493,0.6373239436619719,0.30545774647887325,0.7433969358022371,132.39999999999998,0.7756391580625626
38,50,hera,0.2,0.155,0.1056338028169014,0.5616197183098591,0.33274647887323944,0.645079424757966,118.69999999999999,0.7194636052587597
38,100,edge,0.05,0.305,0.0880281690140845,0.5748239436619719,0.3371478873239437,0.7080552683522887,122.90000000000002,0.0
38,100,edge,0.1,0.335,0.10123239436619719,0.5475352112676056,0.3512323943661972,0.6817370053576464,118.19999999999999,0.0
38,100,edge,0.2,0.46,0.19190140845070422,0.43309859154929575,0.375,0.5618009211392048,104.19999999999999,0.0
38,100,cloud,0.05,0.07,0.04665492957746479,0.6672535211267606,0.2860915492957746,0.7863521007613498,137.60000000000002,1.0
38,100,cloud,0.1,0.105,0.06690140845070422,0.6179577464788732,0.31514084507042256,0.7190525425321929,129.5,1.0
38,100,cloud,0.2,0.21,0.13204225352112675,0.5149647887323944,0.3529929577464789,0.5775918789359902,108.99999999999999,1.0
38,100,hera,0.05,0.07,0.04753521126760563,0.6663732394366197,0.2860915492957746,0.7838142682582949,137.5,0.7963135972127233
38,100,hera,0.1,0.105,0.06778169014084508,0.6179577464788732,0.3142605633802817,0.717360654196823,129.4,0.7615848926334601
38,100,hera,0.2,0.21,0.13204225352112675,0.5140845070422535,0.3538732394366197,0.5761819719898487,108.19999999999999,0.6788075089520971
38,200,edge,0.05,0.235,0.06514084507042253,0.6452464788732394,0.289612676056338,0.7714070871322493,133.1,0.0
38,200,edge,0.1,0.32,0.09330985915492958,0.5607394366197183,0.3459507042253521,0.6955540934298337,120.00000000000001,0.0
38,200,edge,0.2,0.44,0.17165492957746478,0.4498239436619718,0.3785211267605634,0.5803176990318639,104.4,0.0
38,200,cloud,0.05,0.07,0.04665492957746479,0.6672535211267606,0.2860915492957746,0.7863521007613498,137.60000000000002,1.0
38,200,cloud,0.1,0.115,0.06954225352112677,0.608274647887324,0.3221830985915493,0.7033555785318168,125.4,1.0
38,200,cloud,0.2,0.215,0.13468309859154928,0.5096830985915493,0.35563380281690143,0.5698843876304164,108.19999999999999,1.0
38,200,hera,0.05,0.07,0.04753521126760563,0.6663732394366197,0.2860915492957746,0.7838142682582949,137.5,0.7963135972127233
38,200,hera,0.1,0.115,0.07042253521126761,0.608274647887324,0.32130281690140844,0.7014757026036281,125.2,0.7525364933581173
38,200,hera,0.2,0.215,0.13468309859154928,0.5088028169014085,0.35651408450704225,0.5686624682770937,108.00000000000001,0.6752374634065021
38,500,edge,0.05,0.265,0.0721830985915493,0.6188380281690141,0.3089788732394366,0.7452768117304258,128.4,0.0
38,500,edge,0.1,0.335,0.10123239436619719,0.5475352112676056,0.3512323943661972,0.6817370053576464,118.19999999999999,0.0
38,500,edge,0.2,0.46,0.19190140845070422,0.43309859154929575,0.375,0.5618009211392048,104.19999999999999,0.0
38,500,cloud,0.05,0.075,0.04841549295774648,0.6549295774647887,0.2966549295774648,0.7745088824137607,136.79999999999998,1.0
38,500,cloud,0.1,0.13,0.08362676056338028,0.5880281690140845,0.3283450704225352,0.6821129805432842,122.4,1.0
38,500,cloud,0.2,0.255,0.16637323943661972,0.4595070422535211,0.37411971830985913,0.5238274273897923,103.40000000000003,1.0
38,500,hera,0.05,0.075,0.04929577464788732,0.6540492957746479,0.2966549295774648,0.7719710499107059,136.7,0.7908628797176981
38,500,hera,0.1,0.13,0.08450704225352113,0.5871478873239436,0.3283450704225352,0.6801391108186859,122.0,0.7396206820726214
38,500,hera,0.2,0.255,0.16725352112676056,0.4586267605633803,0.37411971830985913,0.5230754770185168,103.50000000000003,0.6491722671728584
38,1000,edge,0.05,0.265,0.0721830985915493,0.6188380281690141,0.3089788732394366,0.7452768117304258,128.4,0.0
38,1000,edge,0.1,0.35,0.10651408450704225,0.5352112676056338,0.35827464788732394,0.6675439420998214,114.8,0.0
38,1000,edge,0.2,0.475,0.20422535211267606,0.4216549295774648,0.37411971830985913,0.548077826863427,101.5,0.0
38,1000,cloud,0.05,0.08,0.051056338028169015,0.6461267605633803,0.3028169014084507,0.7643575524015415,135.39999999999998,1.0
38,1000,cloud,0.1,0.145,0.0977112676056338,0.5730633802816901,0.32922535211267606,0.6600244383870665,120.0,1.0
38,1000,cloud,0.2,0.265,0.17517605633802816,0.4515845070422535,0.3732394366197183,0.5142400601560297,103.39999999999998,1.0
38,1000,hera,0.05,0.08,0.05193661971830986,0.6461267605633803,0.3019366197183099,0.7618197198984867,135.4,0.7857200335913215
38,1000,hera,0.1,0.145,0.0977112676056338,0.5730633802816901,0.32922535211267606,0.6583325500516966,120.0,0.7272920211896948
38,1000,hera,0.2,0.265,0.176056338028169,0.4498239436619718,0.37411971830985913,0.5133001221919353,103.29999999999998,0.6428832120460584
38,0,edge_fixed0.5,,0.5,0.22535211267605634,0.40492957746478875,0.36971830985915494,0.5216655700723752,99.80000000000001,0.0
38,0,cloud_fixed0.5,,0.5,0.4005281690140845,0.24295774647887325,0.35651408450704225,0.2892189115518376,79.2,1.0
39,12,edge,0.05,0.01,0.002640845070422535,0.8626760563380281,0.13468309859154928,0.9759375881191842,179.20000000000002,0.0
39,12,edge,0.1,0.01,0.002640845070422535,0.8626760563380281,0.13468309859154928,0.9759375881191842,179.20000000000002,0.0
39,12,edge,0.2,0.265,0.06690140845070422,0.6117957746478874,0.32130281690140844,0.7411410846884106,124.9,0.0
39,12,cloud,0.05,0.01,0.00528169014084507,0.778169014084507,0.21654929577464788,0.9625904690290441,159.39999999999998,1.0
39,12,cloud,0.1,0.01,0.00528169014084507,0.778169014084507,0.21654929577464788,0.9625904690290441,159.39999999999998,1.0
39,12,cloud,0.2,0.085,0.061619718309859156,0.6285211267605634,0.30985915492957744,0.7526083278503619,131.20000000000002,1.0
39,12,hera,0.05,0.01,0.006161971830985915,0.778169014084507,0.21566901408450703,0.955916909483974,159.0,0.8927432809276299
39,12,hera,0.1,0.01,0.006161971830985915,0.778169014084507,0.21566901408450703,0.955916909483974,159.0,0.8927432809276299
39,12,hera,0.2,0.085,0.0625,0.6285211267605634,0.3089788732394366,0.7504464705329448,130.8,0.7784855961985215
39,25,edge,0.05,0.01,0.002640845070422535,0.8626760563380281,0.13468309859154928,0.9759375881191842,179.20000000000002,0.0
39,25,edge,0.1,0.265,0.06690140845070422,0.6117957746478874,0.32130281690140844,0.7411410846884106,124.9,0.0
39,25,edge,0.2,0.48,0.2068661971830986,0.40933098591549294,0.38380281690140844,0.5371745464799323,98.0,0.0
39,25,cloud,0.05,0.01,0.00528169014084507,0.778169014084507,0.21654929577464788,0.9625904690290441,159.39999999999998,1.0
39,25,cloud,0.1,0.085,0.061619718309859156,0.6285211267605634,0.30985915492957744,0.7526083278503619,131.20000000000002,1.0
39,25,cloud,0.2,0.275,0.19718309859154928,0.4128521126760563,0.3899647887323944,0.5023028480120312,97.6,1.0
39,25,hera,0.05,0.01,0.006161971830985915,0.778169014084507,0.21566901408450703,0.955916909483974,159.0,0.8927432809276299
39,25,hera,0.1,0.085,0.0625,0.6285211267605634,0.3089788732394366,0.7504464705329448,130.8,0.7784855961985215
39,25,hera,0.2,0.275,0.19718309859154928,0.4128521126760563,0.3899647887323944,0.5013629100479369,97.6,0.6345030267144458
39,50,edge,0.05,0.09,0.01584507042253521,0.7737676056338029,0.21038732394366197,0.902998402105461,156.9,0.0
39,50,edge,0.1,0.405,0.1426056338028169,0.48327464788732394,0.37411971830985913,0.6126515649967103,108.39999999999999,0.0
39,50,edge,0.2,0.57,0.29313380281690143,0.30985915492957744,0.3970070422535211,0.43885703543566124,88.0,0.0
39,50,cloud,0.05,0.03,0.020246478873239437,0.7209507042253521,0.25880281690140844,0.8867374753266284,148.0,1.0
39,50,cloud,0.1,0.1,0.06866197183098592,0.6056338028169014,0.3257042253521127,0.7290158849515932,127.99999999999999,1.0
39,50,cloud,0.2,0.33,0.24031690140845072,0.35827464788732394,0.4014084507042254,0.4471284895196917,91.79999999999998,1.0
39,50,hera,0.05,0.03,0.02112676056338028,0.7209507042253521,0.2579225352112676,0.8830717172666604,147.5,0.8465467526269129
39,50,hera,0.1,0.1,0.06954225352112677,0.6047535211267606,0.3257042253521127,0.7275119842090422,127.6,0.7640653618889396
39,50,hera,0.2,0.33,0.24119718309859156,0.3573943661971831,0.4014084507042254,0.4458125763699596,91.69999999999999,0.6023994963939547
39,100,edge,0.05,0.265,0.06690140845070422,0.6117957746478874,0.32130281690140844,0.7411410846884106,124.9,0.0
39,100,edge,0.1,0.375,0.12940140845070422,0.5123239436619719,0.35827464788732394,0.6428235736441394,110.8,0.0
39,100,edge,0.2,0.51,0.2262323943661972,0.38028169014084506,0.39348591549295775,0.5059686060719992,95.39999999999999,0.0
39,100,cloud,0.05,0.06,0.04225352112676056,0.6610915492957746,0.2966549295774648,0.8059968042109221,137.10000000000002,1.0
39,100,cloud,0.1,0.16,0.11619718309859155,0.5352112676056338,0.3485915492957746,0.6373719334523922,115.60000000000001,1.0
39,100,cloud,0.2,0.275,0.19718309859154928,0.4128521126760563,0.3899647887323944,0.5023028480120312,97.6,1.0
39,100,hera,0.05,0.06,0.043133802816901406,0.6610915492957746,0.29577464788732394,0.8041169282827333,136.60000000000002,0.8051847484641179
39,100,hera,0.1,0.16,0.11619718309859155,0.5352112676056338,0.3485915492957746,0.6362440078954789,115.5,0.7135355878271704
39,100,hera,0.2,0.275,0.19718309859154928,0.4128521126760563,0.3899647887323944,0.5013629100479369,97.6,0.6345030267144458
39,200,edge,0.05,0.255,0.0625,0.6214788732394366,0.3160211267605634,0.7505404643293543,126.00000000000001,0.0
39,200,edge,0.1,0.36,0.11971830985915492,0.522887323943662,0.3573943661971831,0.6563586803270984,112.59999999999998,0.0
39,200,edge,0.2,0.49,0.2112676056338028,0.4005281690140845,0.3882042253521127,0.5275871792461697,97.1,0.0
39,200,cloud,0.05,0.095,0.06778169014084508,0.6091549295774648,0.3230633802816901,0.736065419682301,129.39999999999998,1.0
39,200,cloud,0.1,0.205,0.13996478873239437,0.49735915492957744,0.3626760563380282,0.5789077920857223,107.39999999999998,1.0
39,200,cloud,0.2,0.31,0.22359154929577466,0.37940140845070425,0.3970070422535211,0.46611523639439795,93.89999999999999,1.0
39,200,hera,0.05,0.095,0.06866197183098592,0.6091549295774648,0.3221830985915493,0.7344675251433406,128.8,0.7687792749973756
39,200,hera,0.1,0.205,0.13996478873239437,0.4964788732394366,0.363556338028169,0.5774038913431714,107.19999999999999,0.6803595202841072
39,200,hera,0.2,0.31,0.22359154929577466,0.37940140845070425,0.3970070422535211,0.4648933170410753,93.89999999999999,0.6136234555134868
39,500,edge,0.05,0.265,0.06690140845070422,0.6117957746478874,0.32130281690140844,0.7411410846884106,124.9,0.0
39,500,edge,0.1,0.36,0.11971830985915492,0.522887323943662,0.3573943661971831,0.6563586803270984,112.59999999999998,0.0
39,500,edge,0.2,0.47,0.19630281690140844,0.41813380281690143,0.3855633802816901,0.5479838330670176,99.8,0.0
39,500,cloud,0.05,0.1,0.06866197183098592,0.6056338028169014,0.3257042253521127,0.7290158849515932,127.99999999999999,1.0
39,500,cloud,0.1,0.165,0.11971830985915492,0.5316901408450704,0.3485915492957746,0.6311683428893693,115.1,1.0
39,500,cloud,0.2,0.28,0.198943661971831,0.4014084507042254,0.3996478873239437,0.4964752326346461,96.30000000000001,1.0
39,500,hera,0.05,0.1,0.06954225352112677,0.6047535211267606,0.3257042253521127,0.7275119842090422,127.6,0.7640653618889396
39,500,hera,0.1,0.165,0.11971830985915492,0.5316901408450704,0.3485915492957746,0.6296644421468183,115.0,0.7096860603508507
39,500,hera,0.2,0.28,0.198943661971831,0.4014084507042254,0.3996478873239437,0.49553529467055174,96.30000000000001,0.6315488864699174
39,1000,edge,0.05,0.24,0.05721830985915493,0.6302816901408451,0.3125,0.765109502772817,129.39999999999998,0.0
39,1000,edge,0.1,0.355,0.11795774647887323,0.5255281690140845,0.35651408450704225,0.6609643763511608,113.2,0.0
39,1000,edge,0.2,0.475,0.20334507042253522,0.4154929577464789,0.38116197183098594,0.5439420998214118,99.4,0.0
39,1000,cloud,0.05,0.09,0.06602112676056338,0.6205985915492958,0.31338028169014087,0.7435849233950559,129.60000000000002,1.0
39,1000,cloud,0.1,0.16,0.11619718309859155,0.5352112676056338,0.3485915492957746,0.6373719334523922,115.60000000000001,1.0
39,1000,cloud,0.2,0.285,0.20334507042253522,0.39436619718309857,0.4022887323943662,0.4913055738321271,95.39999999999999,1.0
39,1000,hera,0.05,0.09,0.06690140845070422,0.6205985915492958,0.3125,0.7415170598740484,129.39999999999998,0.773410214901483
39,1000,hera,0.1,0.16,0.11619718309859155,0.5352112676056338,0.3485915492957746,0.6362440078954789,115.5,0.7135355878271704
39,1000,hera,0.2,0.285,0.20334507042253522,0.39436619718309857,0.4022887323943662,0.4901776482752138,95.39999999999999,0.6284242705352322
39,0,edge_fixed0.5,,0.5,0.22007042253521128,0.39348591549295775,0.386443661971831,0.5169658802519034,96.4,0.0
39,0,cloud_fixed0.5,,0.5,0.4040492957746479,0.23415492957746478,0.3617957746478873,0.28226337061753926,77.4,1.0
40,12,edge,0.05,0.01,0.002640845070422535,0.863556338028169,0.13380281690140844,0.9764075571012313,181.4,0.0
40,12,edge,0.1,0.415,0.15757042253521128,0.4647887323943662,0.37764084507042256,0.6065419682300968,104.60000000000001,0.0
40,12,edge,0.2,0.55,0.28433098591549294,0.3301056338028169,0.3855633802816901,0.46705517435849236,89.2,0.0
40,12,cloud,0.05,0.01,0.0044014084507042256,0.7887323943661971,0.2068661971830986,0.959770655136761,161.6,1.0
40,12,cloud,0.1,0.195,0.14172535211267606,0.5052816901408451,0.3529929577464789,0.5933828367327756,109.80000000000001,1.0
40,12,cloud,0.2,0.305,0.2244718309859155,0.3785211267605634,0.3970070422535211,0.4718488579753736,95.0,1.0
40,12,hera,0.05,0.01,0.00528169014084507,0.7869718309859155,0.20774647887323944,0.9545070025378325,161.1,0.8930781670123743
40,12,hera,0.1,0.195,0.14172535211267606,0.5052816901408451,0.3529929577464789,0.5920669235830435,109.4,0.6886189155689331
40,12,hera,0.2,0.305,0.2244718309859155,0.37764084507042256,0.397887323943662,0.47043895102923206,93.79999999999998,0.6191969280637801
40,25,edge,0.05,0.415,0.15757042253521128,0.4647887323943662,0.37764084507042256,0.6065419682300968,104.60000000000001,0.0
40,25,edge,0.1,0.515,0.25088028169014087,0.3600352112676056,0.3890845070422535,0.505498637089952,93.80000000000001,0.0
40,25,edge,0.2,0.58,0.3283450704225352,0.3001760563380282,0.3714788732394366,0.4304915875552214,87.6,0.0
40,25,cloud,0.05,0.195,0.14172535211267606,0.5052816901408451,0.3529929577464789,0.5933828367327756,109.80000000000001,1.0
40,25,cloud,0.1,0.23,0.16461267605633803,0.4630281690140845,0.37235915492957744,0.551085628348529,104.4,1.0
40,25,cloud,0.2,0.36,0.2755281690140845,0.33098591549295775,0.39348591549295775,0.41883635680045117,89.0,1.0
40,25,hera,0.05,0.195,0.14172535211267606,0.5052816901408451,0.3529929577464789,0.5920669235830435,109.4,0.6886189155689331
40,25,hera,0.1,0.23,0.16461267605633803,0.4621478873239437,0.3732394366197183,0.5498637089952063,104.4,0.6644486911044368
40,25,hera,0.2,0.36,0.2772887323943662,0.33098591549295775,0.39172535211267606,0.4178964188363568,89.0,0.5880923252570234
40,50,edge,0.05,0.365,0.12147887323943662,0.5123239436619719,0.36619718309859156,0.6528809098599493,110.6,0.0
40,50,edge,0.1,0.415,0.15757042253521128,0.4647887323943662,0.37764084507042256,0.6065419682300968,104.60000000000001,0.0
40,50,edge,0.2,0.58,0.3283450704225352,0.3001760563380282,0.3714788732394366,0.4304915875552214,87.6,0.0
40,50,cloud,0.05,0.17,0.125,0.5255281690140845,0.3494718309859155,0.6259046902904408,115.0,1.0
40,50,cloud,0.1,0.23,0.16461267605633803,0.4630281690140845,0.37235915492957744,0.551085628348529,104.4,1.0
40,50,cloud,0.2,0.315,0.2367957746478873,0.37411971830985913,0.3890845070422535,0.46244947833442995,95.0,1.0
40,50,hera,0.05,0.17,0.125,0.5255281690140845,0.3494718309859155,0.6244007895478898,114.79999999999998,0.7070985798712904
40,50,hera,0.1,0.23,0.16461267605633803,0.4621478873239437,0.3732394366197183,0.5498637089952063,104.4,0.6644486911044368
40,50,hera,0.2,0.315,0.238556338028169,0.3732394366197183,0.3882042253521127,0.46094557759187893,94.4,0.6133636141319021
40,100,edge,0.05,0.34,0.1056338028169014,0.539612676056338,0.35475352112676056,0.6760033837766707,114.8,0.0
40,100,edge,0.1,0.405,0.1487676056338028,0.4788732394366197,0.37235915492957744,0.6161293354638594,106.6,0.0
40,100,edge,0.2,0.545,0.27816901408450706,0.3389084507042254,0.3829225352112676,0.47419870288560956,89.19999999999999,0.0
40,100,cloud,0.05,0.155,0.11619718309859155,0.5378521126760564,0.3459507042253521,0.6477112510574302,116.80000000000001,1.0
40,100,cloud,0.1,0.225,0.1602112676056338,0.47007042253521125,0.36971830985915494,0.5568192499295046,105.0,1.0
40,100,cloud,0.2,0.315,0.2367957746478873,0.37411971830985913,0.3890845070422535,0.46244947833442995,95.0,1.0
40,100,hera,0.05,0.15,0.11091549295774648,0.5440140845070423,0.34507042253521125,0.6523169470814926,116.80000000000001,0.7225429202304351
40,100,hera,0.1,0.225,0.1602112676056338,0.46830985915492956,0.3714788732394366,0.5554093429833631,105.0,0.6677911717341568
40,100,hera,0.2,0.315,0.238556338028169,0.3732394366197183,0.3882042253521127,0.46094557759187893,94.4,0.6133636141319021
40,200,edge,0.05,0.305,0.0818661971830986,0.5660211267605634,0.352112676056338,0.7079612745558793,119.39999999999999,0.0
40,200,edge,0.1,0.395,0.1443661971830986,0.4850352112676056,0.37059859154929575,0.6254347213083936,107.50000000000001,0.0
40,200,edge,0.2,0.525,0.25616197183098594,0.352112676056338,0.39172535211267606,0.49525331328132344,92.39999999999999,0.0
40,200,cloud,0.05,0.125,0.0880281690140845,0.5783450704225352,0.3336267605633803,0.6889745276811731,121.1,1.0
40,200,cloud,0.1,0.195,0.14172535211267606,0.5052816901408451,0.3529929577464789,0.5933828367327756,109.80000000000001,1.0
40,200,cloud,0.2,0.315,0.2367957746478873,0.37411971830985913,0.3890845070422535,0.46244947833442995,95.0,1.0
40,200,hera,0.05,0.125,0.0880281690140845,0.5774647887323944,0.3345070422535211,0.6875646207350314,120.19999999999999,0.7425823589152211
40,200,hera,0.1,0.195,0.14172535211267606,0.5052816901408451,0.3529929577464789,0.5920669235830435,109.4,0.6886189155689331
40,200,hera,0.2,0.315,0.238556338028169,0.3732394366197183,0.3882042253521127,0.46094557759187893,94.4,0.6133636141319021
40,500,edge,0.05,0.27,0.06778169014084508,0.6047535211267606,0.3274647887323944,0.7386972459817652,124.0,0.0
40,500,edge,0.1,0.365,0.12147887323943662,0.5123239436619719,0.36619718309859156,0.6528809098599493,110.6,0.0
40,500,edge,0.2,0.5,0.23151408450704225,0.3785211267605634,0.3899647887323944,0.522699501832879,95.39999999999999,0.0
40,500,cloud,0.05,0.095,0.06778169014084508,0.6170774647887324,0.31514084507042256,0.736723376257167,127.99999999999999,1.0
40,500,cloud,0.1,0.18,0.1311619718309859,0.5158450704225352,0.3529929577464789,0.6124635774038913,112.6,1.0
40,500,cloud,0.2,0.3,0.22183098591549297,0.386443661971831,0.39172535211267606,0.47645455399943604,95.6,1.0
40,500,hera,0.05,0.095,0.06778169014084508,0.6170774647887324,0.31514084507042256,0.7346555127361594,127.8,0.7697682306570026
40,500,hera,0.1,0.18,0.1311619718309859,0.5158450704225352,0.3529929577464789,0.6110536704577498,112.0,0.6993957191789981
40,500,hera,0.2,0.295,0.22007042253521128,0.3899647887323944,0.3899647887323944,0.4793683616881286,96.0,0.6248327123416559
40,1000,edge,0.05,0.22,0.045774647887323945,0.6461267605633803,0.30809859154929575,0.7863521007613498,129.89999999999998,0.0
40,1000,edge,0.1,0.35,0.11003521126760564,0.5272887323943662,0.3626760563380282,0.6658520537644516,111.80000000000001,0.0
40,1000,edge,0.2,0.475,0.2068661971830986,0.4005281690140845,0.3926056338028169,0.5470438951029232,96.99999999999999,0.0
40,1000,cloud,0.05,0.08,0.05193661971830986,0.6382042253521126,0.30985915492957744,0.7637935896230849,131.0,1.0
40,1000,cloud,0.1,0.155,0.11619718309859155,0.5378521126760564,0.3459507042253521,0.6477112510574302,116.80000000000001,1.0
40,1000,cloud,0.2,0.29,0.21742957746478872,0.39524647887323944,0.3873239436619718,0.48594792743678916,97.20000000000002,1.0
40,1000,hera,0.05,0.075,0.04753521126760563,0.6470070422535211,0.30545774647887325,0.7708431243537927,132.1,0.7894018393709973
40,1000,hera,0.1,0.155,0.11619718309859155,0.5378521126760564,0.3459507042253521,0.6461133565184698,116.69999999999999,0.7185253768123692
40,1000,hera,0.2,0.29,0.21742957746478872,0.39348591549295775,0.3890845070422535,0.4845380204906476,97.0,0.6279155529562798
40,0,edge_fixed0.5,,0.5,0.23151408450704225,0.3785211267605634,0.3899647887323944,0.522699501832879,95.39999999999999,0.0
40,0,cloud_fixed0.5,,0.5,0.4014084507042254,0.2262323943661972,0.37235915492957744,0.2844252279349563,77.29999999999998,1.0
41,12,edge,0.05,0.01,0.0,0.891725352112676,0.10827464788732394,0.9794153585863333,182.39999999999998,0.0
41,12,edge,0.1,0.165,0.02640845070422535,0.7139084507042254,0.2596830985915493,0.8366387818403985,141.29999999999998,0.0
41,12,edge,0.2,0.31,0.07394366197183098,0.5721830985915493,0.3538732394366197,0.7067393552025566,117.39999999999999,0.0
41,12,cloud,0.05,0.01,0.002640845070422535,0.8045774647887324,0.19278169014084506,0.9646583325500517,165.0,1.0
41,12,cloud,0.1,0.245,0.15140845070422534,0.4595070422535211,0.3890845070422535,0.5385844534260739,101.6,1.0
41,12,cloud,0.2,0.315,0.2112676056338028,0.386443661971831,0.4022887323943662,0.46376539148416207,94.9,1.0
41,12,hera,0.05,0.01,0.002640845070422535,0.8045774647887324,0.19278169014084506,0.958924710969076,164.60000000000002,0.8956501066316879
41,12,hera,0.1,0.245,0.15140845070422534,0.4586267605633803,0.3899647887323944,0.5380204906476173,101.5,0.6582702699219863
41,12,hera,0.2,0.315,0.21390845070422534,0.3855633802816901,0.4005281690140845,0.4620735031487922,94.80000000000001,0.6159524373827994
41,25,edge,0.05,0.165,0.02640845070422535,0.7139084507042254,0.2596830985915493,0.8366387818403985,141.29999999999998,0.0
41,25,edge,0.1,0.17,0.028169014084507043,0.7095070422535211,0.2623239436619718,0.8324090610019739,140.0,0.0
41,25,edge,0.2,0.32,0.07570422535211267,0.5607394366197183,0.363556338028169,0.6979039383400696,115.89999999999999,0.0
41,25,cloud,0.05,0.105,0.056338028169014086,0.6170774647887324,0.3265845070422535,0.7231882695742081,127.1,1.0
41,25,cloud,0.1,0.115,0.06073943661971831,0.6003521126760564,0.3389084507042254,0.708337249741517,123.4,1.0
41,25,cloud,0.2,0.265,0.16901408450704225,0.43661971830985913,0.39436619718309857,0.5170598740483128,99.9,1.0
41,25,hera,0.05,0.105,0.056338028169014086,0.6144366197183099,0.32922535211267606,0.7215903750352477,126.4,0.7629882310417246
41,25,hera,0.1,0.115,0.06073943661971831,0.5994718309859155,0.3397887323943662,0.7070213365917849,123.4,0.7541135528074373
41,25,hera,0.2,0.265,0.16901408450704225,0.43485915492957744,0.3961267605633803,0.516025942287809,99.79999999999998,0.6455031185773747
41,50,edge,0.05,0.14,0.016725352112676055,0.7447183098591549,0.238556338028169,0.8607951875176238,144.8,0.0
41,50,edge,0.1,0.17,0.028169014084507043,0.7095070422535211,0.2623239436619718,0.8324090610019739,140.0,0.0
41,50,edge,0.2,0.32,0.07570422535211267,0.5607394366197183,0.363556338028169,0.6979039383400696,115.89999999999999,0.0
41,50,cloud,0.05,0.065,0.03169014084507042,0.6804577464788732,0.2878521126760563,0.7970673935520256,136.1,1.0
41,50,cloud,0.1,0.115,0.06073943661971831,0.6003521126760564,0.3389084507042254,0.708337249741517,123.4,1.0
41,50,cloud,0.2,0.245,0.15140845070422534,0.4595070422535211,0.3890845070422535,0.5385844534260739,101.6,1.0
41,50,hera,0.05,0.065,0.032570422535211266,0.6795774647887324,0.2878521126760563,0.7947175486417897,136.0,0.8025616420161445
41,50,hera,0.1,0.115,0.06073943661971831,0.5994718309859155,0.3397887323943662,0.7070213365917849,123.4,0.7541135528074373
41,50,hera,0.2,0.245,0.15140845070422534,0.4586267605633803,0.3899647887323944,0.5380204906476173,101.5,0.6582702699219863
41,100,edge,0.05,0.15,0.017605633802816902,0.7350352112676056,0.24735915492957747,0.8523357458407745,143.0,0.0
41,100,edge,0.1,0.26,0.05017605633802817,0.6285211267605634,0.32130281690140844,0.7525143340539524,124.59999999999997,0.0
41,100,edge,0.2,0.38,0.11091549295774648,0.5140845070422535,0.375,0.6423536046620923,108.80000000000001,0.0
41,100,cloud,0.05,0.05,0.023767605633802816,0.7086267605633803,0.2676056338028169,0.8334429927624777,139.6,1.0
41,100,cloud,0.1,0.1,0.05545774647887324,0.6267605633802817,0.31778169014084506,0.7313657298618291,128.60000000000002,1.0
41,100,cloud,0.2,0.21,0.12147887323943662,0.49735915492957744,0.38116197183098594,0.581633612181596,105.30000000000001,1.0
41,100,hera,0.05,0.05,0.023767605633802816,0.7077464788732394,0.26848591549295775,0.8310931478522418,139.6,0.8197598442364395
41,100,hera,0.1,0.1,0.05545774647887324,0.625,0.31954225352112675,0.7297678353228687,128.2,0.7674300726687494
41,100,hera,0.2,0.21,0.12147887323943662,0.4964788732394366,0.38204225352112675,0.580129711439045,105.20000000000002,0.6811934315098861
41,200,edge,0.05,0.14,0.016725352112676055,0.7447183098591549,0.238556338028169,0.8607951875176238,144.8,0.0
41,200,edge,0.1,0.26,0.05017605633802817,0.6285211267605634,0.32130281690140844,0.7525143340539524,124.59999999999997,0.0
41,200,edge,0.2,0.38,0.11091549295774648,0.5140845070422535,0.375,0.6423536046620923,108.80000000000001,0.0
41,200,cloud,0.05,0.045,0.022007042253521125,0.7174295774647887,0.2605633802816901,0.84641413666698,142.2,1.0
41,200,cloud,0.1,0.115,0.06073943661971831,0.6003521126760564,0.3389084507042254,0.708337249741517,123.4,1.0
41,200,cloud,0.2,0.23,0.13908450704225353,0.477112676056338,0.38380281690140844,0.5559733057618197,103.4,1.0
41,200,hera,0.05,0.045,0.022007042253521125,0.7165492957746479,0.261443661971831,0.8435003289782874,142.2,0.8264140633953413
41,200,hera,0.1,0.115,0.06073943661971831,0.5994718309859155,0.3397887323943662,0.7070213365917849,123.4,0.7541135528074373
41,200,hera,0.2,0.225,0.1329225352112676,0.4779929577464789,0.3890845070422535,0.5600150390074256,103.60000000000001,0.6711302543705613
41,500,edge,0.05,0.16,0.025528169014084508,0.7183098591549296,0.25616197183098594,0.8417144468465081,141.4,0.0
41,500,edge,0.1,0.3,0.06866197183098592,0.5783450704225352,0.3529929577464789,0.7167966914183664,118.1,0.0
41,500,edge,0.2,0.43,0.1505281690140845,0.4647887323943662,0.3846830985915493,0.5931008553435473,102.80000000000001,0.0
41,500,cloud,0.05,0.06,0.030809859154929578,0.6910211267605634,0.27816901408450706,0.8090046056960241,137.60000000000002,1.0
41,500,cloud,0.1,0.125,0.06954225352112677,0.585387323943662,0.34507042253521125,0.6923583043519128,122.4,1.0
41,500,cloud,0.2,0.25,0.15404929577464788,0.4515845070422535,0.39436619718309857,0.5337907698091926,100.79999999999998,1.0
41,500,hera,0.05,0.06,0.030809859154929578,0.6901408450704225,0.2790492957746479,0.8065607669893787,137.60000000000002,0.8082585410018084
41,500,hera,0.1,0.125,0.06954225352112677,0.585387323943662,0.34507042253521125,0.6908544036093618,122.4,0.7456367768581861
41,500,hera,0.2,0.25,0.15404929577464788,0.4507042253521127,0.39524647887323944,0.5330388194379171,100.60000000000001,0.6550357323142892
41,1000,edge,0.05,0.17,0.028169014084507043,0.7095070422535211,0.2623239436619718,0.8324090610019739,140.0,0.0
41,1000,edge,0.1,0.31,0.07394366197183098,0.5721830985915493,0.3538732394366197,0.7067393552025566,117.39999999999999,0.0
41,1000,edge,0.2,0.445,0.1637323943661972,0.4471830985915493,0.3890845070422535,0.5774038913431714,100.5,0.0
41,1000,cloud,0.05,0.065,0.03169014084507042,0.6804577464788732,0.2878521126760563,0.7970673935520256,136.1,1.0
41,1000,cloud,0.1,0.125,0.06954225352112677,0.585387323943662,0.34507042253521125,0.6923583043519128,122.4,1.0
41,1000,cloud,0.2,0.25,0.15404929577464788,0.4515845070422535,0.39436619718309857,0.5337907698091926,100.79999999999998,1.0
41,1000,hera,0.05,0.06,0.030809859154929578,0.6901408450704225,0.2790492957746479,0.8065607669893787,137.60000000000002,0.8082585410018084
41,1000,hera,0.1,0.125,0.06954225352112677,0.585387323943662,0.34507042253521125,0.6908544036093618,122.4,0.7456367768581861
41,1000,hera,0.2,0.25,0.15404929577464788,0.4507042253521127,0.39524647887323944,0.5330388194379171,100.60000000000001,0.6550357323142892
41,0,edge_fixed0.5,,0.5,0.2068661971830986,0.3899647887323944,0.40316901408450706,0.5219475514616035,95.20000000000002,0.0
41,0,cloud_fixed0.5,,0.5,0.38116197183098594,0.22975352112676056,0.3890845070422535,0.2816054140426732,73.4,1.0
42,12,edge,0.05,0.01,0.0035211267605633804,0.863556338028169,0.1329225352112676,0.9771595074725068,179.5,0.0
42,12,edge,0.1,0.26,0.05897887323943662,0.5994718309859155,0.3415492957746479,0.7481906194191184,121.2,0.0
42,12,edge,0.2,0.38,0.1153169014084507,0.4823943661971831,0.4022887323943662,0.6386878466021243,102.99999999999999,0.0
42,12,cloud,0.05,0.01,0.0044014084507042256,0.7834507042253521,0.21214788732394366,0.9621205000469969,159.0,1.0
42,12,cloud,0.1,0.115,0.06338028169014084,0.579225352112676,0.3573943661971831,0.7033555785318168,118.4,1.0
42,12,cloud,0.2,0.23,0.13468309859154928,0.4524647887323944,0.4128521126760563,0.5508036469593007,100.19999999999999,1.0
42,12,hera,0.05,0.01,0.00528169014084507,0.7825704225352113,0.21214788732394366,0.955916909483974,159.0,0.8932020520035631
42,12,hera,0.1,0.115,0.06426056338028169,0.5783450704225352,0.3573943661971831,0.7013817088072187,118.4,0.7512080628631205
42,12,hera,0.2,0.23,0.136443661971831,0.4507042253521127,0.4128521126760563,0.5493937400131591,100.19999999999999,0.6653715137893451
42,25,edge,0.05,0.26,0.05897887323943662,0.5994718309859155,0.3415492957746479,0.7481906194191184,121.2,0.0
42,25,edge,0.1,0.38,0.1153169014084507,0.4823943661971831,0.4022887323943662,0.6386878466021243,102.99999999999999,0.0
42,25,edge,0.2,0.485,0.20774647887323944,0.3732394366197183,0.41901408450704225,0.5363286023122474,90.99999999999999,0.0
42,25,cloud,0.05,0.015,0.006161971830985915,0.7605633802816901,0.23327464788732394,0.9405959206692358,155.6,1.0
42,25,cloud,0.1,0.115,0.06338028169014084,0.579225352112676,0.3573943661971831,0.7033555785318168,118.4,1.0
42,25,cloud,0.2,0.28,0.1892605633802817,0.3890845070422535,0.4216549295774648,0.5017388852335746,93.0,1.0
42,25,hera,0.05,0.015,0.007042253521126761,0.7596830985915493,0.23327464788732394,0.9353322680703073,155.4,0.8778037246575399
42,25,hera,0.1,0.115,0.06426056338028169,0.5783450704225352,0.3573943661971831,0.7013817088072187,118.4,0.7512080628631205
42,25,hera,0.2,0.28,0.19014084507042253,0.3873239436619718,0.4225352112676056,0.5007989472694803,92.4,0.6338653070163505
42,50,edge,0.05,0.26,0.05897887323943662,0.5994718309859155,0.3415492957746479,0.7481906194191184,121.2,0.0
42,50,edge,0.1,0.375,0.11355633802816902,0.4859154929577465,0.4005281690140845,0.6431055550333677,103.20000000000002,0.0
42,50,edge,0.2,0.455,0.18309859154929578,0.4022887323943662,0.414612676056338,0.5660306419776294,94.30000000000001,0.0
42,50,cloud,0.05,0.015,0.006161971830985915,0.7605633802816901,0.23327464788732394,0.9405959206692358,155.6,1.0
42,50,cloud,0.1,0.175,0.10035211267605634,0.5070422535211268,0.3926056338028169,0.6189491493561425,108.69999999999999,1.0
42,50,cloud,0.2,0.255,0.15933098591549297,0.42077464788732394,0.4198943661971831,0.5259892847072093,96.2,1.0
42,50,hera,0.05,0.015,0.007042253521126761,0.7596830985915493,0.23327464788732394,0.9353322680703073,155.4,0.8778037246575399
42,50,hera,0.1,0.175,0.10035211267605634,0.5070422535211268,0.3926056338028169,0.6167872920387254,107.9,0.7034334071289603
42,50,hera,0.2,0.255,0.1602112676056338,0.4198943661971831,0.4198943661971831,0.5248613591502961,96.1,0.6491713412265403
42,100,edge,0.05,0.26,0.05897887323943662,0.5994718309859155,0.3415492957746479,0.7481906194191184,121.2,0.0
42,100,edge,0.1,0.35,0.09683098591549295,0.5105633802816901,0.3926056338028169,0.6651940971895854,107.4,0.0
42,100,edge,0.2,0.485,0.20774647887323944,0.3732394366197183,0.41901408450704225,0.5363286023122474,90.99999999999999,0.0
42,100,cloud,0.05,0.155,0.09154929577464789,0.522887323943662,0.3855633802816901,0.646583325500517,111.1,1.0
42,100,cloud,0.1,0.185,0.1056338028169014,0.49735915492957744,0.3970070422535211,0.6054140426731836,106.70000000000002,1.0
42,100,cloud,0.2,0.305,0.21654929577464788,0.3653169014084507,0.41813380281690143,0.47495065325688507,91.1,1.0
42,100,hera,0.05,0.155,0.09154929577464789,0.522887323943662,0.3855633802816901,0.6446094557759188,111.0,0.718407360083107
42,100,hera,0.1,0.185,0.1056338028169014,0.49735915492957744,0.3970070422535211,0.6033461791521759,106.6,0.6961107608792738
42,100,hera,0.2,0.305,0.21742957746478872,0.3644366197183099,0.41813380281690143,0.47363474010715295,90.99999999999999,0.6191610977241206
42,200,edge,0.05,0.23,0.05193661971830986,0.6302816901408451,0.31778169014084506,0.7751668389886267,126.0,0.0
42,200,edge,0.1,0.335,0.09154929577464789,0.5202464788732394,0.3882042253521127,0.6802331046150955,109.2,0.0
42,200,edge,0.2,0.495,0.21742957746478872,0.3653169014084507,0.41725352112676056,0.5245793777610678,90.0,0.0
42,200,cloud,0.05,0.08,0.04225352112676056,0.6232394366197183,0.3345070422535211,0.763605602030266,127.0,1.0
42,200,cloud,0.1,0.155,0.09154929577464789,0.522887323943662,0.3855633802816901,0.646583325500517,111.1,1.0
42,200,cloud,0.2,0.28,0.1892605633802817,0.3890845070422535,0.4216549295774648,0.5017388852335746,93.0,1.0
42,200,hera,0.05,0.08,0.043133802816901406,0.6223591549295775,0.3345070422535211,0.7606917943415734,127.2,0.7843346787397472
42,200,hera,0.1,0.155,0.09154929577464789,0.522887323943662,0.3855633802816901,0.6446094557759188,111.0,0.718407360083107
42,200,hera,0.2,0.28,0.19014084507042253,0.3873239436619718,0.4225352112676056,0.5007989472694803,92.4,0.6338653070163505
42,500,edge,0.05,0.22,0.04929577464788732,0.6408450704225352,0.30985915492957744,0.7858821317793026,127.70000000000002,0.0
42,500,edge,0.1,0.315,0.07922535211267606,0.5448943661971831,0.37588028169014087,0.6982799135257073,112.6,0.0
42,500,edge,0.2,0.46,0.1875,0.3961267605633803,0.4163732394366197,0.5612369583607482,94.00000000000001,0.0
42,500,cloud,0.05,0.05,0.028169014084507043,0.6795774647887324,0.29225352112676056,0.8311871416486512,136.5,1.0
42,500,cloud,0.1,0.12,0.06690140845070422,0.5713028169014085,0.3617957746478873,0.6957420810226526,116.80000000000001,1.0
42,500,cloud,0.2,0.235,0.14084507042253522,0.44190140845070425,0.41725352112676056,0.5464799323244666,98.60000000000001,1.0
42,500,hera,0.05,0.05,0.029049295774647887,0.6786971830985915,0.29225352112676056,0.8284613215527775,136.6,0.8180238259098027
42,500,hera,0.1,0.12,0.06778169014084508,0.5713028169014085,0.3609154929577465,0.6939561988908732,116.80000000000001,0.746954596749906
42,500,hera,0.2,0.235,0.14172535211267606,0.4410211267605634,0.41725352112676056,0.5453520067675534,98.60000000000001,0.6619967977753066
42,1000,edge,0.05,0.23,0.05193661971830986,0.6302816901408451,0.31778169014084506,0.7751668389886267,126.0,0.0
42,1000,edge,0.1,0.32,0.08274647887323944,0.5387323943661971,0.3785211267605634,0.6932042485195977,112.0,0.0
42,1000,edge,0.2,0.465,0.18838028169014084,0.3890845070422535,0.4225352112676056,0.5558793119654103,92.60000000000001,0.0
42,1000,cloud,0.05,0.075,0.040492957746478875,0.6302816901408451,0.32922535211267606,0.7721590375035248,128.9,1.0
42,1000,cloud,0.1,0.13,0.0721830985915493,0.5572183098591549,0.37059859154929575,0.682300968136103,115.10000000000001,1.0
42,1000,cloud,0.2,0.26,0.16637323943661972,0.4154929577464789,0.41813380281690143,0.5213835886831469,96.0,1.0
42,1000,hera,0.05,0.075,0.04137323943661972,0.6294014084507042,0.32922535211267606,0.7693392236112416,128.8,0.7895876133275807
42,1000,hera,0.1,0.13,0.07306338028169014,0.5563380281690141,0.37059859154929575,0.6802331046150955,115.2,0.738544139916469
42,1000,hera,0.2,0.26,0.16725352112676056,0.414612676056338,0.41813380281690143,0.5203496569226431,95.9,0.6460521898400571
42,0,edge_fixed0.5,,0.5,0.22007042253521128,0.3626760563380282,0.41725352112676056,0.5198796879405959,89.20000000000002,0.0
42,0,cloud_fixed0.5,,0.5,0.40316901408450706,0.20862676056338028,0.3882042253521127,0.2857411410846884,71.7,1.0
43,12,edge,0.05,0.01,0.002640845070422535,0.8758802816901409,0.12147887323943662,0.9770655136760974,181.0,0.0
43,12,edge,0.1,0.415,0.14788732394366197,0.47183098591549294,0.38028169014084506,0.6013723094275778,105.4,0.0
43,12,edge,0.2,0.64,0.39524647887323944,0.24471830985915494,0.3600352112676056,0.35125481718206597,80.0,0.0
43,12,cloud,0.05,0.01,0.00528169014084507,0.8028169014084507,0.19190140845070422,0.9615565372685403,161.39999999999998,1.0
43,12,cloud,0.1,0.185,0.12235915492957747,0.516725352112676,0.3609154929577465,0.6049440736911363,112.6,1.0
43,12,cloud,0.2,0.46,0.38204225352112675,0.2420774647887324,0.37588028169014087,0.31882695742081024,81.4,1.0
43,12,hera,0.05,0.01,0.006161971830985915,0.8028169014084507,0.19102112676056338,0.9560109032803835,161.2,0.8951195880095008
43,12,hera,0.1,0.185,0.12235915492957747,0.516725352112676,0.3609154929577465,0.6034401729485854,112.4,0.6976803225065763
43,12,hera,0.2,0.46,0.38380281690140844,0.24031690140845072,0.37588028169014087,0.3178870194567159,81.1,0.5359610973340546
43,25,edge,0.05,0.035,0.007042253521126761,0.8362676056338029,0.15669014084507044,0.9560109032803835,170.0,0.0
43,25,edge,0.1,0.125,0.017605633802816902,0.7596830985915493,0.2227112676056338,0.8740483128113544,146.8,0.0
43,25,edge,0.2,0.46,0.1892605633802817,0.4242957746478873,0.386443661971831,0.5584171444684651,101.0,0.0
43,25,cloud,0.05,0.01,0.00528169014084507,0.8028169014084507,0.19190140845070422,0.9615565372685403,161.39999999999998,1.0
43,25,cloud,0.1,0.025,0.013204225352112676,0.7552816901408451,0.23151408450704225,0.9053482470156969,149.79999999999998,1.0
43,25,cloud,0.2,0.185,0.12235915492957747,0.516725352112676,0.3609154929577465,0.6049440736911363,112.6,1.0
43,25,hera,0.05,0.01,0.006161971830985915,0.8028169014084507,0.19102112676056338,0.9560109032803835,161.2,0.8951195880095008
43,25,hera,0.1,0.025,0.014084507042253521,0.7544014084507042,0.23151408450704225,0.9005545633988157,149.5,0.8573329195483965
43,25,hera,0.2,0.185,0.12235915492957747,0.516725352112676,0.3609154929577465,0.6034401729485854,112.4,0.6976803225065763
43,50,edge,0.05,0.125,0.017605633802816902,0.7596830985915493,0.2227112676056338,0.8740483128113544,146.8,0.0
43,50,edge,0.1,0.415,0.14788732394366197,0.47183098591549294,0.38028169014084506,0.6013723094275778,105.4,0.0
43,50,edge,0.2,0.53,0.25088028169014087,0.3653169014084507,0.38380281690140844,0.4852899708619231,93.19999999999999,0.0
43,50,cloud,0.05,0.025,0.013204225352112676,0.7552816901408451,0.23151408450704225,0.9053482470156969,149.79999999999998,1.0
43,50,cloud,0.1,0.185,0.12235915492957747,0.516725352112676,0.3609154929577465,0.6049440736911363,112.6,1.0
43,50,cloud,0.2,0.29,0.19982394366197184,0.4102112676056338,0.3899647887323944,0.48406805150860044,98.2,1.0
43,50,hera,0.05,0.025,0.014084507042253521,0.7544014084507042,0.23151408450704225,0.9005545633988157,149.5,0.8573329195483965
43,50,hera,0.1,0.185,0.12235915492957747,0.516725352112676,0.3609154929577465,0.6034401729485854,112.4,0.6976803225065763
43,50,hera,0.2,0.29,0.20158450704225353,0.4084507042253521,0.3899647887323944,0.48265814456245887,98.0,0.6280761487593436
43,100,edge,0.05,0.205,0.04137323943661972,0.6742957746478874,0.28433098591549294,0.7984773004981671,132.60000000000002,0.0
43,100,edge,0.1,0.375,0.11971830985915492,0.5079225352112676,0.37235915492957744,0.6402857411410847,109.39999999999999,0.0
43,100,edge,0.2,0.53,0.25088028169014087,0.3653169014084507,0.38380281690140844,0.4852899708619231,93.19999999999999,0.0
43,100,cloud,0.05,0.065,0.03345070422535211,0.6734154929577465,0.29313380281690143,0.7953755052166557,134.8,1.0
43,100,cloud,0.1,0.125,0.07482394366197183,0.5818661971830986,0.34330985915492956,0.6881285835134882,122.8,1.0
43,100,cloud,0.2,0.26,0.17781690140845072,0.44366197183098594,0.3785211267605634,0.51752984303036,101.8,1.0
43,100,hera,0.05,0.065,0.035211267605633804,0.6716549295774648,0.29313380281690143,0.793307641695648,134.9,0.8018969881526226
43,100,hera,0.1,0.125,0.07570422535211267,0.5809859154929577,0.34330985915492956,0.686812670363756,122.70000000000002,0.7443322436689362
43,100,hera,0.2,0.26,0.17869718309859156,0.44278169014084506,0.3785211267605634,0.5167778926590845,102.0,0.6466218567000275
43,200,edge,0.05,0.285,0.06602112676056338,0.5941901408450704,0.3397887323943662,0.7221543378137043,119.6,0.0
43,200,edge,0.1,0.38,0.12323943661971831,0.5044014084507042,0.37235915492957744,0.6361500140990695,108.8,0.0
43,200,edge,0.2,0.54,0.261443661971831,0.35827464788732394,0.38028169014084506,0.4732587649215152,92.39999999999999,0.0
43,200,cloud,0.05,0.075,0.03873239436619718,0.6558098591549296,0.30545774647887325,0.7728169940783908,133.2,1.0
43,200,cloud,0.1,0.175,0.11443661971830986,0.5299295774647887,0.35563380281690143,0.6194191183381896,114.6,1.0
43,200,cloud,0.2,0.315,0.22359154929577466,0.3873239436619718,0.3890845070422535,0.4580317699031864,95.6,1.0
43,200,hera,0.05,0.075,0.03961267605633803,0.6540492957746479,0.30633802816901406,0.7707491305573833,133.39999999999998,0.7912229871357912
43,200,hera,0.1,0.175,0.11443661971830986,0.5299295774647887,0.35563380281690143,0.6177272300028198,114.6,0.7050605953681304
43,200,hera,0.2,0.315,0.22711267605633803,0.386443661971831,0.386443661971831,0.45643387536422597,95.80000000000001,0.6132424027003853
43,500,edge,0.05,0.205,0.04137323943661972,0.6742957746478874,0.28433098591549294,0.7984773004981671,132.60000000000002,0.0
43,500,edge,0.1,0.335,0.09154929577464789,0.551056338028169,0.3573943661971831,0.6776012783156312,115.19999999999999,0.0
43,500,edge,0.2,0.48,0.20862676056338028,0.4102112676056338,0.38116197183098594,0.53924241000094,99.4,0.0
43,500,cloud,0.05,0.05,0.02640845070422535,0.7024647887323944,0.2711267605633803,0.8312811354450607,138.7,1.0
43,500,cloud,0.1,0.13,0.07922535211267606,0.5721830985915493,0.3485915492957746,0.6820189867468747,121.5,1.0
43,500,cloud,0.2,0.275,0.19278169014084506,0.4269366197183099,0.38028169014084506,0.5000469968982048,99.99999999999999,1.0
43,500,hera,0.05,0.05,0.027288732394366196,0.7015845070422535,0.2711267605633803,0.8287433029420058,138.79999999999998,0.8195745155493489
43,500,hera,0.1,0.13,0.0801056338028169,0.5713028169014085,0.3485915492957746,0.6805150860043238,121.4,0.74028139428917
43,500,hera,0.2,0.275,0.1936619718309859,0.4242957746478873,0.38204225352112675,0.4990130651377009,99.80000000000001,0.6373338621679357
43,1000,edge,0.05,0.22,0.04401408450704225,0.6619718309859155,0.29401408450704225,0.785318169000846,130.39999999999998,0.0
43,1000,edge,0.1,0.32,0.08362676056338028,0.5625,0.3538732394366197,0.6908544036093618,116.2,0.0
43,1000,edge,0.2,0.47,0.19806338028169015,0.4163732394366197,0.3855633802816901,0.5483598082526553,100.00000000000003,0.0
43,1000,cloud,0.05,0.07,0.035211267605633804,0.6654929577464789,0.2992957746478873,0.7839082620547044,133.8,1.0
43,1000,cloud,0.1,0.13,0.07922535211267606,0.5721830985915493,0.3485915492957746,0.6820189867468747,121.5,1.0
43,1000,cloud,0.2,0.27,0.1875,0.43045774647887325,0.38204225352112675,0.5060625998684087,99.99999999999999,1.0
43,1000,hera,0.05,0.065,0.035211267605633804,0.6716549295774648,0.29313380281690143,0.793307641695648,134.9,0.8018969881526226
43,1000,hera,0.1,0.13,0.0801056338028169,0.5713028169014085,0.3485915492957746,0.6805150860043238,121.4,0.74028139428917
43,1000,hera,0.2,0.27,0.18838028169014084,0.4278169014084507,0.38380281690140844,0.5053106494971332,99.80000000000001,0.6404462427075689
43,0,edge_fixed0.5,,0.5,0.2262323943661972,0.3926056338028169,0.38116197183098594,0.5178118244195883,97.0,0.0
43,0,cloud_fixed0.5,,0.5,0.414612676056338,0.21654929577464788,0.36883802816901406,0.2814174264498543,77.4,1.0
44,12,edge,0.05,0.01,0.0017605633802816902,0.8653169014084507,0.1329225352112676,0.9773474950653257,180.9,0.0
44,12,edge,0.1,0.01,0.0017605633802816902,0.8653169014084507,0.1329225352112676,0.9773474950653257,180.9,0.0
44,12,edge,0.2,0.1,0.017605633802816902,0.7720070422535211,0.21038732394366197,0.8958548735783438,153.7,0.0
44,12,cloud,0.05,0.01,0.0044014084507042256,0.7948943661971831,0.2007042253521127,0.961932512454178,161.2,1.0
44,12,cloud,0.1,0.01,0.0044014084507042256,0.7948943661971831,0.2007042253521127,0.961932512454178,161.2,1.0
44,12,cloud,0.2,0.035,0.022887323943661973,0.721830985915493,0.25528169014084506,0.8732023686436695,146.3,1.0
44,12,hera,0.05,0.01,0.0044014084507042256,0.7940140845070423,0.20158450704225353,0.9561988908732024,161.2,0.8939759155064132
44,12,hera,0.1,0.01,0.0044014084507042256,0.7940140845070423,0.20158450704225353,0.9561988908732024,161.2,0.8939759155064132
44,12,hera,0.2,0.035,0.022887323943661973,0.7209507042253521,0.25616197183098594,0.8699125857693393,146.3,0.839272201625162
44,25,edge,0.05,0.01,0.0017605633802816902,0.8653169014084507,0.1329225352112676,0.9773474950653257,180.9,0.0
44,25,edge,0.1,0.1,0.017605633802816902,0.7720070422535211,0.21038732394366197,0.8958548735783438,153.7,0.0
44,25,edge,0.2,0.455,0.18485915492957747,0.4234154929577465,0.39172535211267606,0.5713882883729674,99.4,0.0
44,25,cloud,0.05,0.01,0.0044014084507042256,0.7948943661971831,0.2007042253521127,0.961932512454178,161.2,1.0
44,25,cloud,0.1,0.035,0.022887323943661973,0.721830985915493,0.25528169014084506,0.8732023686436695,146.3,1.0
44,25,cloud,0.2,0.28,0.20158450704225353,0.40316901408450706,0.39524647887323944,0.49967102171256694,96.80000000000001,1.0
44,25,hera,0.05,0.01,0.0044014084507042256,0.7940140845070423,0.20158450704225353,0.9561988908732024,161.2,0.8939759155064132
44,25,hera,0.1,0.035,0.022887323943661973,0.7209507042253521,0.25616197183098594,0.8699125857693393,146.3,0.839272201625162
44,25,hera,0.2,0.28,0.20158450704225353,0.40316901408450706,0.39524647887323944,0.4986370899520632,96.80000000000001,0.6350463357736331
44,50,edge,0.05,0.06,0.01056338028169014,0.8001760563380281,0.1892605633802817,0.9333583983457092,163.1,0.0
44,50,edge,0.1,0.155,0.03169014084507042,0.7191901408450704,0.24911971830985916,0.84641413666698,142.2,0.0
44,50,edge,0.2,0.375,0.12411971830985916,0.5105633802816901,0.3653169014084507,0.6464893317041075,110.0,0.0
44,50,cloud,0.05,0.035,0.022887323943661973,0.721830985915493,0.25528169014084506,0.8732023686436695,146.3,1.0
44,50,cloud,0.1,0.08,0.05369718309859155,0.6346830985915493,0.31161971830985913,0.764451546197951,132.39999999999998,1.0
44,50,cloud,0.2,0.245,0.17165492957746478,0.44366197183098594,0.3846830985915493,0.538396465833255,102.0,1.0
44,50,hera,0.05,0.035,0.022887323943661973,0.7209507042253521,0.25616197183098594,0.8699125857693393,146.3,0.839272201625162
44,50,hera,0.1,0.08,0.05457746478873239,0.6338028169014085,0.31161971830985913,0.7618197198984867,132.39999999999998,0.7849279491522266
44,50,hera,0.2,0.245,0.17165492957746478,0.44366197183098594,0.3846830985915493,0.5378325030547983,102.0,0.6566029113075856
44,100,edge,0.05,0.11,0.018485915492957746,0.761443661971831,0.22007042253521128,0.8857035435661247,151.0,0.0
44,100,edge,0.1,0.23,0.05369718309859155,0.647887323943662,0.2984154929577465,0.7790205846414137,130.60000000000002,0.0
44,100,edge,0.2,0.48,0.19806338028169015,0.4005281690140845,0.4014084507042254,0.5463859385280572,96.0,0.0
44,100,cloud,0.05,0.05,0.03609154929577465,0.6919014084507042,0.2720070422535211,0.830717172666604,141.0,1.0
44,100,cloud,0.1,0.1,0.06778169014084508,0.6100352112676056,0.3221830985915493,0.7275119842090422,127.6,1.0
44,100,cloud,0.2,0.28,0.20158450704225353,0.40316901408450706,0.39524647887323944,0.49967102171256694,96.80000000000001,1.0
44,100,hera,0.05,0.05,0.03609154929577465,0.6910211267605634,0.272887323943662,0.827709371181502,141.0,0.8181722401657756
44,100,hera,0.1,0.1,0.06778169014084508,0.608274647887324,0.323943661971831,0.7256321082808534,127.6,0.7652756083096464
44,100,hera,0.2,0.28,0.20158450704225353,0.40316901408450706,0.39524647887323944,0.4986370899520632,96.80000000000001,0.6350463357736331
44,200,edge,0.05,0.125,0.022007042253521125,0.75,0.22799295774647887,0.8732023686436695,148.4,0.0
44,200,edge,0.1,0.3,0.08098591549295775,0.5774647887323944,0.3415492957746479,0.716514710029138,119.80000000000001,0.0
44,200,edge,0.2,0.475,0.19454225352112675,0.4040492957746479,0.4014084507042254,0.5524955352946705,96.2,0.0
44,200,cloud,0.05,0.065,0.043133802816901406,0.664612676056338,0.29225352112676056,0.7939655982705142,136.4,1.0
44,200,cloud,0.1,0.1,0.06778169014084508,0.6100352112676056,0.3221830985915493,0.7275119842090422,127.6,1.0
44,200,cloud,0.2,0.245,0.17165492957746478,0.44366197183098594,0.3846830985915493,0.538396465833255,102.0,1.0
44,200,hera,0.05,0.065,0.0448943661971831,0.6628521126760564,0.29225352112676056,0.7916157533602782,136.4,0.8005103874273911
44,200,hera,0.1,0.1,0.06778169014084508,0.608274647887324,0.323943661971831,0.7256321082808534,127.6,0.7652756083096464
44,200,hera,0.2,0.235,0.1681338028169014,0.4533450704225352,0.3785211267605634,0.5471378888993327,103.60000000000001,0.6630344998578009
44,500,edge,0.05,0.18,0.037852112676056336,0.6910211267605634,0.2711267605633803,0.8228216937682113,139.79999999999998,0.0
44,500,edge,0.1,0.305,0.08538732394366197,0.5713028169014085,0.34330985915492956,0.7110630698373908,119.80000000000001,0.0
44,500,edge,0.2,0.46,0.1892605633802817,0.4163732394366197,0.39436619718309857,0.5658426543848106,99.19999999999999,0.0
44,500,cloud,0.05,0.065,0.043133802816901406,0.664612676056338,0.29225352112676056,0.7939655982705142,136.4,1.0
44,500,cloud,0.1,0.12,0.07746478873239436,0.5818661971830986,0.34066901408450706,0.6948021430585581,122.8,1.0
44,500,cloud,0.2,0.255,0.1813380281690141,0.43309859154929575,0.3855633802816901,0.527211204060532,99.9,1.0
44,500,hera,0.05,0.065,0.0448943661971831,0.6628521126760564,0.29225352112676056,0.7916157533602782,136.4,0.8005103874273911
44,500,hera,0.1,0.12,0.07746478873239436,0.5818661971830986,0.34066901408450706,0.693486229908826,122.8,0.747387068665986
44,500,hera,0.2,0.255,0.1813380281690141,0.43309859154929575,0.3855633802816901,0.5264592536892565,99.9,0.6501075966056378
44,1000,edge,0.05,0.23,0.05369718309859155,0.647887323943662,0.2984154929577465,0.7790205846414137,130.60000000000002,0.0
44,1000,edge,0.1,0.335,0.0994718309859155,0.5413732394366197,0.3591549295774648,0.6826769433217408,116.19999999999999,0.0
44,1000,edge,0.2,0.46,0.1892605633802817,0.4163732394366197,0.39436619718309857,0.5658426543848106,99.19999999999999,0.0
44,1000,cloud,0.05,0.08,0.05369718309859155,0.6346830985915493,0.31161971830985913,0.764451546197951,132.39999999999998,1.0
44,1000,cloud,0.1,0.15,0.11091549295774648,0.5448943661971831,0.34419014084507044,0.6557007237522323,117.30000000000001,1.0
44,1000,cloud,0.2,0.28,0.20158450704225353,0.40316901408450706,0.39524647887323944,0.49967102171256694,96.80000000000001,1.0
44,1000,hera,0.05,0.08,0.05457746478873239,0.6338028169014085,0.31161971830985913,0.7618197198984867,132.39999999999998,0.7849279491522266
44,1000,hera,0.1,0.15,0.11091549295774648,0.5448943661971831,0.34419014084507044,0.6543848106025002,117.30000000000001,0.7232503142743665
44,1000,hera,0.2,0.28,0.20158450704225353,0.40316901408450706,0.39524647887323944,0.4986370899520632,96.80000000000001,0.6350463357736331
44,0,edge_fixed0.5,,0.5,0.21390845070422534,0.38204225352112675,0.4040492957746479,0.5241094087790206,92.6,0.0
44,0,cloud_fixed0.5,,0.5,0.4242957746478873,0.22095070422535212,0.35475352112676056,0.286305103863145,76.69999999999999,1.0
45,12,edge,0.05,0.01,0.002640845070422535,0.8679577464788732,0.12940140845070422,0.9779114578437823,180.4,0.0
45,12,edge,0.1,0.38,0.12764084507042253,0.5017605633802817,0.37059859154929575,0.6414136666979979,109.99999999999997,0.0
45,12,edge,0.2,0.38,0.12764084507042253,0.5017605633802817,0.37059859154929575,0.6414136666979979,109.99999999999997,0.0
45,12,cloud,0.05,0.01,0.006161971830985915,0.7922535211267606,0.20158450704225353,0.9615565372685403,159.79999999999998,1.0
45,12,cloud,0.1,0.115,0.07834507042253522,0.5915492957746479,0.3301056338028169,0.7042015226995019,123.2,1.0
45,12,cloud,0.2,0.23,0.15669014084507044,0.47975352112676056,0.363556338028169,0.5535294670551744,105.89999999999999,1.0
45,12,hera,0.05,0.01,0.007042253521126761,0.7913732394366197,0.20158450704225353,0.9560109032803835,159.79999999999998,0.8941006940195574
45,12,hera,0.1,0.115,0.07834507042253522,0.590669014084507,0.33098591549295775,0.7026976219569508,123.00000000000001,0.7527112014917119
45,12,hera,0.2,0.23,0.15845070422535212,0.4788732394366197,0.3626760563380282,0.55258952909108,105.89999999999999,0.6666357270004124
45,25,edge,0.05,0.29,0.08098591549295775,0.5818661971830986,0.3371478873239437,0.7243161951311213,123.8,0.0
45,25,edge,0.1,0.38,0.12764084507042253,0.5017605633802817,0.37059859154929575,0.6414136666979979,109.99999999999997,0.0
45,25,edge,0.2,0.475,0.2051056338028169,0.4154929577464789,0.37940140845070425,0.5503336779772535,99.4,0.0
45,25,cloud,0.05,0.115,0.07834507042253522,0.5915492957746479,0.3301056338028169,0.7042015226995019,123.2,1.0
45,25,cloud,0.1,0.16,0.1153169014084507,0.5387323943661971,0.3459507042253521,0.6406617163267224,117.0,1.0
45,25,cloud,0.2,0.31,0.2147887323943662,0.397887323943662,0.3873239436619718,0.4716608703825548,96.6,1.0
45,25,hera,0.05,0.115,0.07834507042253522,0.590669014084507,0.33098591549295775,0.7026976219569508,123.00000000000001,0.7527112014917119
45,25,hera,0.1,0.16,0.1153169014084507,0.5387323943661971,0.3459507042253521,0.6394397969733998,116.79999999999998,0.7163716397659884
45,25,hera,0.2,0.31,0.21654929577464788,0.3970070422535211,0.386443661971831,0.47043895102923206,96.6,0.6171183526174114
45,50,edge,0.05,0.26,0.06954225352112677,0.6117957746478874,0.31866197183098594,0.7511984209042203,127.6,0.0
45,50,edge,0.1,0.3,0.08450704225352113,0.573943661971831,0.3415492957746479,0.7161387348435003,122.0,0.0
45,50,edge,0.2,0.47,0.20158450704225353,0.41901408450704225,0.37940140845070425,0.5541874236300404,99.80000000000001,0.0
45,50,cloud,0.05,0.115,0.07834507042253522,0.5915492957746479,0.3301056338028169,0.7042015226995019,123.2,1.0
45,50,cloud,0.1,0.195,0.136443661971831,0.5096830985915493,0.3538732394366197,0.5954507002537832,111.80000000000001,1.0
45,50,cloud,0.2,0.32,0.22183098591549297,0.3855633802816901,0.3926056338028169,0.4613215527775167,95.10000000000001,1.0
45,50,hera,0.05,0.115,0.07834507042253522,0.590669014084507,0.33098591549295775,0.7026976219569508,123.00000000000001,0.7527112014917119
45,50,hera,0.1,0.195,0.136443661971831,0.5096830985915493,0.3538732394366197,0.59432277469687,111.6,0.6902936588366714
45,50,hera,0.2,0.31,0.21654929577464788,0.3970070422535211,0.386443661971831,0.47043895102923206,96.6,0.6171183526174114
45,100,edge,0.05,0.29,0.08098591549295775,0.5818661971830986,0.3371478873239437,0.7243161951311213,123.8,0.0
45,100,edge,0.1,0.37,0.12411971830985916,0.5105633802816901,0.3653169014084507,0.6513770091173983,112.19999999999999,0.0
45,100,edge,0.2,0.48,0.20774647887323944,0.4102112676056338,0.38204225352112675,0.5447880439890967,98.19999999999999,0.0
45,100,cloud,0.05,0.12,0.08450704225352113,0.5827464788732394,0.33274647887323944,0.6970579941723847,122.60000000000002,1.0
45,100,cloud,0.1,0.195,0.136443661971831,0.5096830985915493,0.3538732394366197,0.5954507002537832,111.80000000000001,1.0
45,100,cloud,0.2,0.3,0.2068661971830986,0.4040492957746479,0.3890845070422535,0.4820001879875928,97.0,1.0
45,100,hera,0.05,0.12,0.08450704225352113,0.5827464788732394,0.33274647887323944,0.6957420810226526,122.10000000000001,0.7485251909279347
45,100,hera,0.1,0.195,0.136443661971831,0.5096830985915493,0.3538732394366197,0.59432277469687,111.6,0.6902936588366714
45,100,hera,0.2,0.3,0.20862676056338028,0.4022887323943662,0.3890845070422535,0.4808722624306796,97.0,0.6230274269084145
45,200,edge,0.05,0.26,0.06954225352112677,0.6117957746478874,0.31866197183098594,0.7511984209042203,127.6,0.0
45,200,edge,0.1,0.37,0.12411971830985916,0.5105633802816901,0.3653169014084507,0.6513770091173983,112.19999999999999,0.0
45,200,edge,0.2,0.48,0.20774647887323944,0.4102112676056338,0.38204225352112675,0.5447880439890967,98.19999999999999,0.0
45,200,cloud,0.05,0.09,0.06338028169014084,0.6267605633802817,0.30985915492957744,0.7454647993232447,130.5,1.0
45,200,cloud,0.1,0.15,0.11003521126760564,0.5466549295774648,0.34330985915492956,0.655418742363004,117.8,1.0
45,200,cloud,0.2,0.3,0.2068661971830986,0.4040492957746479,0.3890845070422535,0.4820001879875928,97.0,1.0
45,200,hera,0.05,0.09,0.06338028169014084,0.6258802816901409,0.3107394366197183,0.7435849233950559,129.9,0.7752327562315644
45,200,hera,0.1,0.15,0.11003521126760564,0.5466549295774648,0.34330985915492956,0.6541028292132719,117.39999999999999,0.7239785884131845
45,200,hera,0.2,0.3,0.20862676056338028,0.4022887323943662,0.3890845070422535,0.4808722624306796,97.0,0.6230274269084145
45,500,edge,0.05,0.265,0.07306338028169014,0.6056338028169014,0.32130281690140844,0.7471566876586145,127.6,0.0
45,500,edge,0.1,0.37,0.12411971830985916,0.5105633802816901,0.3653169014084507,0.6513770091173983,112.19999999999999,0.0
45,500,edge,0.2,0.48,0.20774647887323944,0.4102112676056338,0.38204225352112675,0.5447880439890967,98.19999999999999,0.0
45,500,cloud,0.05,0.1,0.06866197183098592,0.6117957746478874,0.31954225352112675,0.7280759469874988,128.39999999999998,1.0
45,500,cloud,0.1,0.15,0.11003521126760564,0.5466549295774648,0.34330985915492956,0.655418742363004,117.8,1.0
45,500,cloud,0.2,0.28,0.1875,0.4225352112676056,0.3899647887323944,0.5023028480120312,98.8,1.0
45,500,hera,0.05,0.09,0.06338028169014084,0.6258802816901409,0.3107394366197183,0.7435849233950559,129.9,0.7752327562315644
45,500,hera,0.1,0.15,0.11003521126760564,0.5466549295774648,0.34330985915492956,0.6541028292132719,117.39999999999999,0.7239785884131845
45,500,hera,0.2,0.28,0.1892605633802817,0.42077464788732394,0.3899647887323944,0.5015508976407557,98.60000000000002,0.6349247957740497
45,1000,edge,0.05,0.24,0.06426056338028169,0.6302816901408451,0.30545774647887325,0.7689632484256039,130.40000000000003,0.0
45,1000,edge,0.1,0.355,0.11707746478873239,0.5202464788732394,0.3626760563380282,0.6646301344111288,114.0,0.0
45,1000,edge,0.2,0.47,0.20158450704225353,0.41901408450704225,0.37940140845070425,0.5541874236300404,99.80000000000001,0.0
45,1000,cloud,0.05,0.09,0.06338028169014084,0.6267605633802817,0.30985915492957744,0.7454647993232447,130.5,1.0
45,1000,cloud,0.1,0.15,0.11003521126760564,0.5466549295774648,0.34330985915492956,0.655418742363004,117.8,1.0
45,1000,cloud,0.2,0.27,0.18309859154929578,0.4392605633802817,0.37764084507042256,0.5125481718206598,100.9,1.0
45,1000,hera,0.05,0.085,0.06073943661971831,0.6302816901408451,0.3089788732394366,0.752420340257543,131.60000000000002,0.7803528897937718
45,1000,hera,0.1,0.15,0.11003521126760564,0.5466549295774648,0.34330985915492956,0.6541028292132719,117.39999999999999,0.7239785884131845
45,1000,hera,0.2,0.27,0.18397887323943662,0.4375,0.3785211267605634,0.5117962214493843,100.60000000000001,0.6411006024038723
45,0,edge_fixed0.5,,0.5,0.22359154929577466,0.3890845070422535,0.3873239436619718,0.5248613591502961,96.10000000000002,0.0
45,0,cloud_fixed0.5,,0.5,0.39172535211267606,0.22535211267605634,0.3829225352112676,0.28527117210264125,74.80000000000001,1.0
46,12,edge,0.05,0.01,0.0008802816901408451,0.8670774647887324,0.13204225352112675,0.9784754206222389,182.0,0.0
46,12,edge,0.1,0.315,0.08714788732394366,0.5651408450704225,0.3477112676056338,0.7024156405677225,118.00000000000001,0.0
46,12,edge,0.2,0.57,0.29313380281690143,0.31161971830985913,0.39524647887323944,0.4420528245135821,87.79999999999998,0.0
46,12,cloud,0.05,0.01,0.0035211267605633804,0.7913732394366197,0.2051056338028169,0.9639063821787762,163.8,1.0
46,12,cloud,0.1,0.125,0.07834507042253522,0.5809859154929577,0.34066901408450706,0.6915123601842278,123.00000000000001,1.0
46,12,cloud,0.2,0.22,0.14612676056338028,0.47975352112676056,0.37411971830985913,0.5648087226243068,106.69999999999999,1.0
46,12,hera,0.05,0.01,0.0035211267605633804,0.7904929577464789,0.20598591549295775,0.9578907792085722,163.2,0.8947404418003732
46,12,hera,0.1,0.125,0.07834507042253522,0.5809859154929577,0.34066901408450706,0.6896324842560391,122.99999999999999,0.7448861323384492
46,12,hera,0.2,0.22,0.14612676056338028,0.4788732394366197,0.375,0.5635868032709841,106.69999999999999,0.6738131526927961
46,25,edge,0.05,0.225,0.05193661971830986,0.6514084507042254,0.2966549295774648,0.785130181408027,131.4,0.0
46,25,edge,0.1,0.315,0.08714788732394366,0.5651408450704225,0.3477112676056338,0.7024156405677225,118.00000000000001,0.0
46,25,edge,0.2,0.57,0.29313380281690143,0.31161971830985913,0.39524647887323944,0.4420528245135821,87.79999999999998,0.0
46,25,cloud,0.05,0.045,0.023767605633802816,0.7121478873239436,0.2640845070422535,0.8456621862957044,143.0,1.0
46,25,cloud,0.1,0.125,0.07834507042253522,0.5809859154929577,0.34066901408450706,0.6915123601842278,123.00000000000001,1.0
46,25,cloud,0.2,0.305,0.21654929577464788,0.3890845070422535,0.39436619718309857,0.471284895196917,95.6,1.0
46,25,hera,0.05,0.045,0.023767605633802816,0.7121478873239436,0.2640845070422535,0.843406335181878,142.6,0.8261426355506912
46,25,hera,0.1,0.125,0.07834507042253522,0.5809859154929577,0.34066901408450706,0.6896324842560391,122.99999999999999,0.7448861323384492
46,25,hera,0.2,0.305,0.21654929577464788,0.3882042253521127,0.39524647887323944,0.4699689820471849,95.6,0.620843118177952
46,50,edge,0.05,0.225,0.05193661971830986,0.6514084507042254,0.2966549295774648,0.785130181408027,131.4,0.0
46,50,edge,0.1,0.315,0.08714788732394366,0.5651408450704225,0.3477112676056338,0.7024156405677225,118.00000000000001,0.0
46,50,edge,0.2,0.58,0.3089788732394366,0.3001760563380282,0.3908450704225352,0.430209606165993,87.4,0.0
46,50,cloud,0.05,0.09,0.051056338028169015,0.636443661971831,0.3125,0.7501644891437165,131.2,1.0
46,50,cloud,0.1,0.21,0.13468309859154928,0.49119718309859156,0.37411971830985913,0.5774978851395808,107.40000000000003,1.0
46,50,cloud,0.2,0.3,0.21214788732394366,0.39524647887323944,0.3926056338028169,0.47673653538866434,96.6,1.0
46,50,hera,0.05,0.09,0.051056338028169015,0.636443661971831,0.3125,0.7483786070119373,130.7,0.7762634364373662
46,50,hera,0.1,0.21,0.13468309859154928,0.4903169014084507,0.375,0.5759939843970298,107.40000000000003,0.6804873784328377
46,50,hera,0.2,0.3,0.2130281690140845,0.3926056338028169,0.39436619718309857,0.4754206222389322,96.0,0.6237824316548122
46,100,edge,0.05,0.225,0.05193661971830986,0.6514084507042254,0.2966549295774648,0.785130181408027,131.4,0.0
46,100,edge,0.1,0.31,0.08538732394366197,0.5695422535211268,0.34507042253521125,0.7068333489989661,118.6,0.0
46,100,edge,0.2,0.505,0.21742957746478872,0.3855633802816901,0.3970070422535211,0.5150860043237147,93.99999999999999,0.0
46,100,cloud,0.05,0.09,0.051056338028169015,0.636443661971831,0.3125,0.7501644891437165,131.2,1.0
46,100,cloud,0.1,0.145,0.09066901408450705,0.5528169014084507,0.35651408450704225,0.6620923019080741,118.00000000000001,1.0
46,100,cloud,0.2,0.29,0.20422535211267606,0.40757042253521125,0.3882042253521127,0.4866998778080647,98.2,1.0
46,100,hera,0.05,0.09,0.051056338028169015,0.636443661971831,0.3125,0.7483786070119373,130.7,0.7762634364373662
46,100,hera,0.1,0.145,0.09066901408450705,0.5528169014084507,0.35651408450704225,0.6606823949619325,118.00000000000001,0.7284376103220078
46,100,hera,0.2,0.29,0.2051056338028169,0.40492957746478875,0.3899647887323944,0.485477958454742,97.6,0.6297682469007424
46,200,edge,0.05,0.165,0.03169014084507042,0.7033450704225352,0.2649647887323944,0.8398345709183194,142.10000000000002,0.0
46,200,edge,0.1,0.3,0.07570422535211267,0.5818661971830986,0.34242957746478875,0.715856753454272,119.70000000000002,0.0
46,200,edge,0.2,0.485,0.20598591549295775,0.4022887323943662,0.39172535211267606,0.5371745464799323,96.60000000000001,0.0
46,200,cloud,0.05,0.05,0.02640845070422535,0.6998239436619719,0.2737676056338028,0.8336309803552966,141.3,1.0
46,200,cloud,0.1,0.13,0.08098591549295775,0.5721830985915493,0.34683098591549294,0.6845568192499295,122.4,1.0
46,200,cloud,0.2,0.285,0.20158450704225353,0.4102112676056338,0.3882042253521127,0.49196353040699314,98.6,1.0
46,200,hera,0.05,0.05,0.02640845070422535,0.6998239436619719,0.2737676056338028,0.8317511044271078,141.3,0.8196535811448976
46,200,hera,0.1,0.13,0.08098591549295775,0.5721830985915493,0.34683098591549294,0.6825829495253313,122.0,0.7407081839259249
46,200,hera,0.2,0.285,0.20246478873239437,0.40757042253521125,0.3899647887323944,0.4908356048500799,97.69999999999999,0.632751547425807
46,500,edge,0.05,0.195,0.040492957746478875,0.6778169014084507,0.28169014084507044,0.8122003947739449,135.8,0.0
46,500,edge,0.1,0.31,0.08538732394366197,0.5695422535211268,0.34507042253521125,0.7068333489989661,118.6,0.0
46,500,edge,0.2,0.435,0.1681338028169014,0.448943661971831,0.3829225352112676,0.5872732399661622,101.60000000000001,0.0
46,500,cloud,0.05,0.05,0.02640845070422535,0.6998239436619719,0.2737676056338028,0.8336309803552966,141.3,1.0
46,500,cloud,0.1,0.125,0.07834507042253522,0.5809859154929577,0.34066901408450706,0.6915123601842278,123.00000000000001,1.0
46,500,cloud,0.2,0.265,0.18485915492957747,0.43485915492957744,0.38028169014084506,0.5143340539524391,101.00000000000003,1.0
46,500,hera,0.05,0.05,0.02640845070422535,0.6998239436619719,0.2737676056338028,0.8317511044271078,141.3,0.8196535811448976
46,500,hera,0.1,0.125,0.07834507042253522,0.5809859154929577,0.34066901408450706,0.6896324842560391,122.99999999999999,0.7448861323384492
46,500,hera,0.2,0.265,0.18485915492957747,0.4339788732394366,0.38116197183098594,0.5134881097847542,100.89999999999999,0.6446535805486557
46,1000,edge,0.05,0.24,0.056338028169014086,0.6355633802816901,0.30809859154929575,0.7705611429645643,129.6,0.0
46,1000,edge,0.1,0.335,0.09507042253521127,0.539612676056338,0.3653169014084507,0.6833348998966068,114.3,0.0
46,1000,edge,0.2,0.465,0.19102112676056338,0.4110915492957746,0.397887323943662,0.5566312623366858,97.00000000000001,0.0
46,1000,cloud,0.05,0.07,0.03433098591549296,0.6698943661971831,0.29577464788732394,0.7866340821505781,135.4,1.0
46,1000,cloud,0.1,0.14,0.08626760563380281,0.5598591549295775,0.3538732394366197,0.6699877808064668,119.80000000000001,1.0
46,1000,cloud,0.2,0.275,0.19278169014084506,0.4242957746478873,0.3829225352112676,0.5036187611617633,99.99999999999999,1.0
46,1000,hera,0.05,0.07,0.03609154929577465,0.6698943661971831,0.29401408450704225,0.7846602124259798,135.79999999999998,0.796522115468132
46,1000,hera,0.1,0.14,0.08626760563380281,0.5598591549295775,0.3538732394366197,0.6680139110818686,119.80000000000001,0.7323393766126295
46,1000,hera,0.2,0.275,0.19278169014084506,0.4216549295774648,0.3855633802816901,0.5027728169940784,99.59999999999997,0.6387719818810098
46,0,edge_fixed0.5,,0.5,0.2147887323943662,0.39172535211267606,0.39348591549295775,0.5204436507190525,95.7,0.0
46,0,cloud_fixed0.5,,0.5,0.40933098591549294,0.22007042253521128,0.37059859154929575,0.28329730237804307,78.0,1.0
47,12,edge,0.05,0.01,0.002640845070422535,0.8723591549295775,0.125,0.9780994454366012,180.4,0.0
47,12,edge,0.1,0.11,0.016725352112676055,0.7711267605633803,0.21214788732394366,0.8856095497697152,153.4,0.0
47,12,edge,0.2,0.3,0.07922535211267606,0.585387323943662,0.335387323943662,0.7145408403045399,122.30000000000001,0.0
47,12,cloud,0.05,0.01,0.0035211267605633804,0.7984154929577465,0.19806338028169015,0.9600526365259893,160.4,1.0
47,12,cloud,0.1,0.26,0.18838028169014084,0.4392605633802817,0.37235915492957744,0.5233574584077451,102.4,1.0
47,12,cloud,0.2,0.32,0.2482394366197183,0.36883802816901406,0.3829225352112676,0.4606635962026506,94.8,1.0
47,12,hera,0.05,0.01,0.00528169014084507,0.7966549295774648,0.19806338028169015,0.9549769715198797,160.2,0.8952845224278451
47,12,hera,0.1,0.225,0.15140845070422534,0.4779929577464789,0.37059859154929575,0.5585111382648745,106.2,0.6712497483552189
47,12,hera,0.2,0.26,0.18838028169014084,0.43838028169014087,0.3732394366197183,0.5225115142400601,102.30000000000001,0.648703305433029
47,25,edge,0.05,0.11,0.016725352112676055,0.7711267605633803,0.21214788732394366,0.8856095497697152,153.4,0.0
47,25,edge,0.1,0.3,0.07922535211267606,0.585387323943662,0.335387323943662,0.7145408403045399,122.30000000000001,0.0
47,25,edge,0.2,0.545,0.27024647887323944,0.34507042253521125,0.3846830985915493,0.47701851677789264,92.20000000000002,0.0
47,25,cloud,0.05,0.26,0.18838028169014084,0.4392605633802817,0.37235915492957744,0.5233574584077451,102.4,1.0
47,25,cloud,0.1,0.285,0.2147887323943662,0.4040492957746479,0.38116197183098594,0.4959112698561895,98.0,1.0
47,25,cloud,0.2,0.42,0.3415492957746479,0.272887323943662,0.3855633802816901,0.3617821223799229,83.19999999999999,1.0
47,25,hera,0.05,0.225,0.15140845070422534,0.4779929577464789,0.37059859154929575,0.5585111382648745,106.2,0.6712497483552189
47,25,hera,0.1,0.26,0.18838028169014084,0.43838028169014087,0.3732394366197183,0.5225115142400601,102.30000000000001,0.648703305433029
47,25,hera,0.2,0.42,0.34330985915492956,0.2711267605633803,0.3855633802816901,0.36131215339787576,83.19999999999999,0.5602502809383143
47,50,edge,0.05,0.13,0.022887323943661973,0.7535211267605634,0.22359154929577466,0.8674687470626938,149.0,0.0
47,50,edge,0.1,0.36,0.1153169014084507,0.5290492957746479,0.35563380281690143,0.6624682770937118,113.79999999999998,0.0
47,50,edge,0.2,0.545,0.27024647887323944,0.34507042253521125,0.3846830985915493,0.47701851677789264,92.20000000000002,0.0
47,50,cloud,0.05,0.13,0.08890845070422536,0.5765845070422535,0.3345070422535211,0.6826769433217408,119.80000000000001,1.0
47,50,cloud,0.1,0.285,0.2147887323943662,0.4040492957746479,0.38116197183098594,0.4959112698561895,98.0,1.0
47,50,cloud,0.2,0.365,0.2878521126760563,0.3301056338028169,0.38204225352112675,0.4157345615189397,91.39999999999999,1.0
47,50,hera,0.05,0.13,0.0897887323943662,0.5757042253521126,0.3345070422535211,0.6810790487827804,119.9,0.740772726742922
47,50,hera,0.1,0.26,0.18838028169014084,0.43838028169014087,0.3732394366197183,0.5225115142400601,102.30000000000001,0.648703305433029
47,50,hera,0.2,0.33,0.25880281690140844,0.35827464788732394,0.3829225352112676,0.4492903468371088,94.0,0.6076660107603798
47,100,edge,0.05,0.285,0.0721830985915493,0.5985915492957746,0.32922535211267606,0.7286399097659555,123.7,0.0
47,100,edge,0.1,0.36,0.1153169014084507,0.5290492957746479,0.35563380281690143,0.6624682770937118,113.79999999999998,0.0
47,100,edge,0.2,0.485,0.20774647887323944,0.4119718309859155,0.38028169014084506,0.5418742363004042,100.30000000000001,0.0
47,100,cloud,0.05,0.13,0.08890845070422536,0.5765845070422535,0.3345070422535211,0.6826769433217408,119.80000000000001,1.0
47,100,cloud,0.1,0.23,0.15669014084507044,0.4762323943661972,0.3670774647887324,0.5545633988156782,105.69999999999999,1.0
47,100,cloud,0.2,0.42,0.3415492957746479,0.272887323943662,0.3855633802816901,0.3617821223799229,83.19999999999999,1.0
47,100,hera,0.05,0.13,0.0897887323943662,0.5757042253521126,0.3345070422535211,0.6810790487827804,119.9,0.740772726742922
47,100,hera,0.1,0.23,0.15669014084507044,0.4753521126760563,0.36795774647887325,0.553435473258765,105.69999999999999,0.6680911802842728
47,100,hera,0.2,0.42,0.34330985915492956,0.2711267605633803,0.3855633802816901,0.36131215339787576,83.19999999999999,0.5602502809383143
47,200,edge,0.05,0.275,0.07042253521126761,0.6091549295774648,0.3204225352112676,0.7392612087602218,125.4,0.0
47,200,edge,0.1,0.36,0.1153169014084507,0.5290492957746479,0.35563380281690143,0.6624682770937118,113.79999999999998,0.0
47,200,edge,0.2,0.495,0.22007042253521128,0.3961267605633803,0.38380281690140844,0.531722906288185,97.5,0.0
47,200,cloud,0.05,0.12,0.0818661971830986,0.585387323943662,0.33274647887323944,0.697997932136479,122.6,1.0
47,200,cloud,0.1,0.17,0.11795774647887323,0.5272887323943662,0.35475352112676056,0.6284425227934957,113.9,1.0
47,200,cloud,0.2,0.315,0.2438380281690141,0.3785211267605634,0.37764084507042256,0.46611523639439795,96.2,1.0
47,200,hera,0.05,0.12,0.08274647887323944,0.585387323943662,0.33186619718309857,0.6967760127831563,122.5,0.7492714288166449
47,200,hera,0.1,0.17,0.11795774647887323,0.5272887323943662,0.35475352112676056,0.627032615847354,113.9,0.7100176355466362
47,200,hera,0.2,0.305,0.2306338028169014,0.38116197183098594,0.3882042253521127,0.4745746780712473,95.39999999999999,0.6219327331795077
47,500,edge,0.05,0.22,0.04929577464788732,0.6540492957746479,0.2966549295774648,0.7880439890967196,134.2,0.0
47,500,edge,0.1,0.345,0.10651408450704225,0.5448943661971831,0.3485915492957746,0.674123507848482,114.60000000000001,0.0
47,500,edge,0.2,0.47,0.19014084507042253,0.4251760563380282,0.3846830985915493,0.5557853181690009,100.79999999999998,0.0
47,500,cloud,0.05,0.08,0.05457746478873239,0.6373239436619719,0.30809859154929575,0.7667073973117774,133.1,1.0
47,500,cloud,0.1,0.16,0.11179577464788733,0.5378521126760564,0.3503521126760563,0.6411316853087696,115.0,1.0
47,500,cloud,0.2,0.29,0.21654929577464788,0.4005281690140845,0.3829225352112676,0.4905536234608516,97.8,1.0
47,500,hera,0.05,0.08,0.056338028169014086,0.636443661971831,0.30721830985915494,0.7645455399943604,133.29999999999998,0.7863325614838084
47,500,hera,0.1,0.16,0.11179577464788733,0.5378521126760564,0.3503521126760563,0.6399097659554469,115.0,0.7173651740245414
47,500,hera,0.2,0.29,0.21654929577464788,0.3996478873239437,0.38380281690140844,0.48942569790393836,97.69999999999999,0.6306071619772954
47,1000,edge,0.05,0.22,0.04929577464788732,0.6540492957746479,0.2966549295774648,0.7880439890967196,134.2,0.0
47,1000,edge,0.1,0.345,0.10651408450704225,0.5448943661971831,0.3485915492957746,0.674123507848482,114.60000000000001,0.0
47,1000,edge,0.2,0.465,0.18838028169014084,0.4295774647887324,0.38204225352112675,0.5609549769715199,101.39999999999999,0.0
47,1000,cloud,0.05,0.08,0.05457746478873239,0.6373239436619719,0.30809859154929575,0.7667073973117774,133.1,1.0
47,1000,cloud,0.1,0.145,0.10035211267605634,0.5536971830985915,0.3459507042253521,0.6619983081116646,116.9,1.0
47,1000,cloud,0.2,0.29,0.21654929577464788,0.4005281690140845,0.3829225352112676,0.4905536234608516,97.8,1.0
47,1000,hera,0.05,0.08,0.056338028169014086,0.636443661971831,0.30721830985915494,0.7645455399943604,133.29999999999998,0.7863325614838084
47,1000,hera,0.1,0.145,0.10035211267605634,0.5536971830985915,0.3459507042253521,0.660776388758342,116.9,0.7284933009469264
47,1000,hera,0.2,0.29,0.21654929577464788,0.3996478873239437,0.38380281690140844,0.48942569790393836,97.69999999999999,0.6306071619772954
47,0,edge_fixed0.5,,0.5,0.22183098591549297,0.39348591549295775,0.3846830985915493,0.5260832785036188,97.0,0.0
47,0,cloud_fixed0.5,,0.5,0.4137323943661972,0.21038732394366197,0.37588028169014087,0.2857411410846884,74.4,1.0
48,12,edge,0.05,0.01,0.0017605633802816902,0.8556338028169014,0.1426056338028169,0.9785694144186484,179.8,0.0
48,12,edge,0.1,0.64,0.4040492957746479,0.23151408450704225,0.3644366197183099,0.35539054422408123,80.8,0.0
48,12,edge,0.2,0.685,0.4709507042253521,0.16901408450704225,0.3600352112676056,0.29429457655794716,74.79999999999998,0.0
48,12,cloud,0.05,0.01,0.0044014084507042256,0.7790492957746479,0.21654929577464788,0.9626844628254535,159.6,1.0
48,12,cloud,0.1,0.225,0.16285211267605634,0.4753521126760563,0.3617957746478873,0.5572892189115518,105.19999999999999,1.0
48,12,cloud,0.2,0.295,0.23327464788732394,0.4005281690140845,0.36619718309859156,0.48237616317323057,99.19999999999999,1.0
48,12,hera,0.05,0.01,0.0044014084507042256,0.778169014084507,0.21742957746478872,0.9573268164301156,159.0,0.8944483704816321
48,12,hera,0.1,0.225,0.1637323943661972,0.4744718309859155,0.3617957746478873,0.5559733057618197,105.19999999999999,0.6683972761857153
48,12,hera,0.2,0.295,0.23327464788732394,0.3987676056338028,0.36795774647887325,0.4812482376163173,98.60000000000002,0.6243996382680552
48,25,edge,0.05,0.3,0.0801056338028169,0.5704225352112676,0.3494718309859155,0.7114390450230285,118.39999999999999,0.0
48,25,edge,0.1,0.41,0.1522887323943662,0.48151408450704225,0.36619718309859156,0.6098317511044271,104.60000000000001,0.0
48,25,edge,0.2,0.68,0.4621478873239437,0.18045774647887325,0.3573943661971831,0.2996522229532851,75.6,0.0
48,25,cloud,0.05,0.225,0.16285211267605634,0.4753521126760563,0.3617957746478873,0.5572892189115518,105.19999999999999,1.0
48,25,cloud,0.1,0.27,0.20950704225352113,0.4269366197183099,0.363556338028169,0.5091643951499201,100.69999999999999,1.0
48,25,cloud,0.2,0.32,0.2535211267605634,0.37588028169014087,0.37059859154929575,0.45812576369959584,96.5,1.0
48,25,hera,0.05,0.225,0.1637323943661972,0.4744718309859155,0.3617957746478873,0.5559733057618197,105.19999999999999,0.6683972761857153
48,25,hera,0.1,0.27,0.20950704225352113,0.426056338028169,0.3644366197183099,0.5081304633894163,100.60000000000001,0.6398020818046383
48,25,hera,0.2,0.32,0.25528169014084506,0.37588028169014087,0.36883802816901406,0.4565278691606354,96.7,0.6097220432126443
48,50,edge,0.05,0.265,0.06866197183098592,0.6038732394366197,0.3274647887323944,0.7441488861735126,122.80000000000001,0.0
48,50,edge,0.1,0.38,0.1311619718309859,0.5052816901408451,0.363556338028169,0.6407557101231319,109.20000000000002,0.0
48,50,edge,0.2,0.54,0.2676056338028169,0.352112676056338,0.38028169014084506,0.47692452298148325,93.39999999999999,0.0
48,50,cloud,0.05,0.06,0.03609154929577465,0.6734154929577465,0.2904929577464789,0.8047748848575994,135.4,1.0
48,50,cloud,0.1,0.19,0.14084507042253522,0.5035211267605634,0.35563380281690143,0.5956386878466021,109.60000000000001,1.0
48,50,cloud,0.2,0.31,0.24735915492957747,0.3882042253521127,0.3644366197183099,0.4669611805620829,97.8,1.0
48,50,hera,0.05,0.06,0.03609154929577465,0.6725352112676056,0.2913732394366197,0.8018610771689069,135.0,0.8064667595858872
48,50,hera,0.1,0.19,0.14084507042253522,0.5035211267605634,0.35563380281690143,0.5941347871040511,109.60000000000001,0.6926212514785539
48,50,hera,0.2,0.31,0.2482394366197183,0.3873239436619718,0.3644366197183099,0.4654572798195319,97.79999999999998,0.6156316471008965
48,100,edge,0.05,0.17,0.037852112676056336,0.6901408450704225,0.2720070422535211,0.832221073409155,139.2,0.0
48,100,edge,0.1,0.365,0.125,0.5184859154929577,0.35651408450704225,0.654760785788138,111.9,0.0
48,100,edge,0.2,0.505,0.2323943661971831,0.386443661971831,0.38116197183098594,0.5128301532098881,96.30000000000001,0.0
48,100,cloud,0.05,0.045,0.025528169014084508,0.6963028169014085,0.27816901408450706,0.841244477864461,140.0,1.0
48,100,cloud,0.1,0.145,0.10915492957746478,0.539612676056338,0.3512323943661972,0.6572046244947833,116.6,1.0
48,100,cloud,0.2,0.32,0.2535211267605634,0.37588028169014087,0.37059859154929575,0.45812576369959584,96.5,1.0
48,100,hera,0.05,0.045,0.025528169014084508,0.6954225352112676,0.2790492957746479,0.8379546949901306,139.8,0.8249430146926443
48,100,hera,0.1,0.145,0.10915492957746478,0.539612676056338,0.3512323943661972,0.6557007237522323,116.6,0.7269662733938274
48,100,hera,0.2,0.32,0.25528169014084506,0.37588028169014087,0.36883802816901406,0.4565278691606354,96.7,0.6097220432126443
48,200,edge,0.05,0.255,0.06426056338028169,0.613556338028169,0.3221830985915493,0.7540182347965034,124.4,0.0
48,200,edge,0.1,0.37,0.12764084507042253,0.5123239436619719,0.3600352112676056,0.6501550897640755,110.0,0.0
48,200,edge,0.2,0.505,0.2323943661971831,0.386443661971831,0.38116197183098594,0.5128301532098881,96.30000000000001,0.0
48,200,cloud,0.05,0.115,0.08274647887323944,0.5809859154929577,0.3362676056338028,0.7021336591784942,123.20000000000002,1.0
48,200,cloud,0.1,0.185,0.1382042253521127,0.5079225352112676,0.3538732394366197,0.6023122473916721,111.19999999999999,1.0
48,200,cloud,0.2,0.32,0.2535211267605634,0.37588028169014087,0.37059859154929575,0.45812576369959584,96.5,1.0
48,200,hera,0.05,0.115,0.08274647887323944,0.5801056338028169,0.3371478873239437,0.7007237522323526,123.20000000000002,0.7520970706399496
48,200,hera,0.1,0.185,0.1382042253521127,0.5079225352112676,0.3538732394366197,0.6008083466491212,111.19999999999999,0.6963318318702462
48,200,hera,0.2,0.32,0.25528169014084506,0.37588028169014087,0.36883802816901406,0.4565278691606354,96.7,0.6097220432126443
48,500,edge,0.05,0.225,0.05545774647887324,0.6373239436619719,0.30721830985915494,0.7824043613121534,128.8,0.0
48,500,edge,0.1,0.32,0.09507042253521127,0.5563380281690141,0.3485915492957746,0.6932982423160071,116.1,0.0
48,500,edge,0.2,0.475,0.20862676056338028,0.4119718309859155,0.37940140845070425,0.5447880439890967,99.19999999999999,0.0
48,500,cloud,0.05,0.06,0.03609154929577465,0.6734154929577465,0.2904929577464789,0.8047748848575994,135.4,1.0
48,500,cloud,0.1,0.14,0.10651408450704225,0.5466549295774648,0.34683098591549294,0.6650061095967666,117.39999999999999,1.0
48,500,cloud,0.2,0.28,0.21830985915492956,0.4137323943661972,0.36795774647887325,0.4986370899520632,99.80000000000001,1.0
48,500,hera,0.05,0.06,0.03609154929577465,0.6725352112676056,0.2913732394366197,0.8018610771689069,135.0,0.8064667595858872
48,500,hera,0.1,0.14,0.10651408450704225,0.5466549295774648,0.34683098591549294,0.6632202274649873,117.39999999999999,0.7311153132915011
48,500,hera,0.2,0.28,0.21830985915492956,0.4119718309859155,0.36971830985915494,0.49769715198796877,99.5,0.6336339752440864
48,1000,edge,0.05,0.235,0.05897887323943662,0.6302816901408451,0.3107394366197183,0.7721590375035248,128.2,0.0
48,1000,edge,0.1,0.355,0.11619718309859155,0.5264084507042254,0.3573943661971831,0.662938246075759,112.1,0.0
48,1000,edge,0.2,0.48,0.21214788732394366,0.40669014084507044,0.38116197183098594,0.5400883541686249,98.19999999999999,0.0
48,1000,cloud,0.05,0.08,0.04929577464788732,0.625,0.3257042253521127,0.762759657862581,130.7,1.0
48,1000,cloud,0.1,0.17,0.12940140845070422,0.5176056338028169,0.3529929577464789,0.6230848763981577,113.6,1.0
48,1000,cloud,0.2,0.3,0.238556338028169,0.39436619718309857,0.3670774647887324,0.4765485477958455,98.60000000000001,1.0
48,1000,hera,0.05,0.075,0.045774647887323945,0.636443661971831,0.31778169014084506,0.7692452298148322,132.2,0.7902143648140527
48,1000,hera,0.1,0.17,0.12940140845070422,0.5176056338028169,0.3529929577464789,0.6215809756556068,113.6,0.7079398057752246
48,1000,hera,0.2,0.3,0.238556338028169,0.3926056338028169,0.36883802816901406,0.47532662844252277,98.0,0.6215781513284926
48,0,edge_fixed0.5,,0.5,0.2306338028169014,0.3926056338028169,0.3767605633802817,0.5182817934016355,97.6,0.0
48,0,cloud_fixed0.5,,0.5,0.4022887323943662,0.22359154929577466,0.37411971830985913,0.28508318450982234,76.4,1.0
49,12,edge,0.05,0.01,0.0017605633802816902,0.8705985915492958,0.12764084507042253,0.9787574020114672,183.60000000000002,0.0
49,12,edge,0.1,0.57,0.2913732394366197,0.32130281690140844,0.3873239436619718,0.4425227934956293,88.0,0.0
49,12,edge,0.2,0.575,0.301056338028169,0.3160211267605634,0.3829225352112676,0.4354732587649215,87.7,0.0
49,12,cloud,0.05,0.01,0.00528169014084507,0.7948943661971831,0.19982394366197184,0.9624964752326346,164.60000000000002,1.0
49,12,cloud,0.1,0.315,0.22711267605633803,0.39172535211267606,0.38116197183098594,0.4687470626938622,97.0,1.0
49,12,cloud,0.2,0.44,0.34507042253521125,0.2772887323943662,0.37764084507042256,0.3405395243913902,84.10000000000001,1.0
49,12,hera,0.05,0.01,0.006161971830985915,0.7940140845070423,0.19982394366197184,0.9562928846696118,164.4,0.8945349425050575
49,12,hera,0.1,0.315,0.22799295774647887,0.3908450704225352,0.38116197183098594,0.46733715574772067,97.0,0.6142993365526355
49,12,hera,0.2,0.44,0.3477112676056338,0.2737676056338028,0.3785211267605634,0.34006955540934297,83.80000000000001,0.5480320868987519
49,25,edge,0.05,0.29,0.07394366197183098,0.5871478873239436,0.3389084507042254,0.724034213741893,124.7,0.0
49,25,edge,0.1,0.41,0.14172535211267606,0.488556338028169,0.36971830985915494,0.6114296456433875,108.6,0.0
49,25,edge,0.2,0.575,0.301056338028169,0.3160211267605634,0.3829225352112676,0.4354732587649215,87.7,0.0
49,25,cloud,0.05,0.115,0.07394366197183098,0.6065140845070423,0.31954225352112675,0.7085252373343359,125.89999999999999,1.0
49,25,cloud,0.1,0.29,0.20950704225352113,0.4154929577464789,0.375,0.49553529467055174,99.80000000000001,1.0
49,25,cloud,0.2,0.345,0.25616197183098594,0.3617957746478873,0.38204225352112675,0.4369771595074725,93.4,1.0
49,25,hera,0.05,0.115,0.07482394366197183,0.6065140845070423,0.31866197183098594,0.7069273427953755,125.6,0.7516261946702287
49,25,hera,0.1,0.29,0.20950704225352113,0.4137323943661972,0.3767605633802817,0.4942193815208196,99.6,0.6285639090109553
49,25,hera,0.2,0.345,0.2579225352112676,0.3600352112676056,0.38204225352112675,0.43584923395055924,93.0,0.5975939794473766
49,50,edge,0.05,0.17,0.032570422535211266,0.698943661971831,0.26848591549295775,0.8311871416486512,143.8,0.0
49,50,edge,0.1,0.315,0.08538732394366197,0.5669014084507042,0.3477112676056338,0.7000657956574866,121.39999999999998,0.0
49,50,edge,0.2,0.4,0.13468309859154928,0.49559859154929575,0.36971830985915494,0.620547043895103,109.4,0.0
49,50,cloud,0.05,0.075,0.043133802816901406,0.6584507042253521,0.2984154929577465,0.7772347025096343,135.4,1.0
49,50,cloud,0.1,0.14,0.09507042253521127,0.5721830985915493,0.33274647887323944,0.6715856753454272,121.1,1.0
49,50,cloud,0.2,0.23,0.1602112676056338,0.4876760563380282,0.352112676056338,0.5605790017858822,108.0,1.0
49,50,hera,0.05,0.075,0.04401408450704225,0.6575704225352113,0.2984154929577465,0.7748848575993984,135.39999999999998,0.789291021919065
49,50,hera,0.1,0.14,0.09595070422535211,0.5721830985915493,0.33186619718309857,0.6697997932136479,120.80000000000001,0.7305019837729314
49,50,hera,0.2,0.23,0.16109154929577466,0.4859154929577465,0.3529929577464789,0.5593570824325594,108.0,0.6659517880243547
49,100,edge,0.05,0.155,0.02640845070422535,0.7147887323943662,0.25880281690140844,0.8432183475890591,144.70000000000002,0.0
49,100,edge,0.1,0.295,0.07394366197183098,0.5809859154929577,0.34507042253521125,0.7195225115142401,123.4,0.0
49,100,edge,0.2,0.42,0.15140845070422534,0.477112676056338,0.3714788732394366,0.6017482846132155,106.39999999999999,0.0
49,100,cloud,0.05,0.075,0.043133802816901406,0.6584507042253521,0.2984154929577465,0.7772347025096343,135.4,1.0
49,100,cloud,0.1,0.14,0.09507042253521127,0.5721830985915493,0.33274647887323944,0.6715856753454272,121.1,1.0
49,100,cloud,0.2,0.23,0.1602112676056338,0.4876760563380282,0.352112676056338,0.5605790017858822,108.0,1.0
49,100,hera,0.05,0.075,0.04401408450704225,0.6575704225352113,0.2984154929577465,0.7748848575993984,135.39999999999998,0.789291021919065
49,100,hera,0.1,0.14,0.09595070422535211,0.5721830985915493,0.33186619718309857,0.6697997932136479,120.80000000000001,0.7305019837729314
49,100,hera,0.2,0.23,0.16109154929577466,0.4859154929577465,0.3529929577464789,0.5593570824325594,108.0,0.6659517880243547
49,200,edge,0.05,0.21,0.04137323943661972,0.6628521126760564,0.29577464788732394,0.7959394679951123,136.6,0.0
49,200,edge,0.1,0.3,0.07570422535211267,0.5801056338028169,0.34419014084507044,0.7149168154901776,122.80000000000001,0.0
49,200,edge,0.2,0.43,0.16285211267605634,0.46742957746478875,0.36971830985915494,0.5911269856189492,105.60000000000001,0.0
49,200,cloud,0.05,0.08,0.04665492957746479,0.6496478873239436,0.30369718309859156,0.7673653538866435,134.60000000000002,1.0
49,200,cloud,0.1,0.15,0.1056338028169014,0.5633802816901409,0.33098591549295775,0.65776858727324,120.6,1.0
49,200,cloud,0.2,0.25,0.1742957746478873,0.4630281690140845,0.3626760563380282,0.5396183851865777,104.89999999999998,1.0
49,200,hera,0.05,0.08,0.04753521126760563,0.6496478873239436,0.3028169014084507,0.7649215151799981,134.7,0.7842209758276794
49,200,hera,0.1,0.15,0.1056338028169014,0.5633802816901409,0.33098591549295775,0.6564526741235078,120.4,0.7227957539382805
49,200,hera,0.2,0.25,0.1742957746478873,0.4621478873239437,0.363556338028169,0.5387724410188928,104.89999999999998,0.6530235166052025
49,500,edge,0.05,0.23,0.04929577464788732,0.6452464788732394,0.30545774647887325,0.7765767459347683,133.1,0.0
49,500,edge,0.1,0.315,0.08538732394366197,0.5669014084507042,0.3477112676056338,0.7000657956574866,121.39999999999998,0.0
49,500,edge,0.2,0.445,0.17077464788732394,0.4480633802816901,0.38116197183098594,0.5767459347683053,103.0,0.0
49,500,cloud,0.05,0.07,0.04137323943661972,0.670774647887324,0.2878521126760563,0.7876680139110819,137.2,1.0
49,500,cloud,0.1,0.15,0.1056338028169014,0.5633802816901409,0.33098591549295775,0.65776858727324,120.6,1.0
49,500,cloud,0.2,0.27,0.19014084507042253,0.4375,0.37235915492957744,0.5173418554375411,101.30000000000001,1.0
49,500,hera,0.05,0.07,0.04225352112676056,0.6698943661971831,0.2878521126760563,0.7855061565936649,137.2,0.7947123750274392
49,500,hera,0.1,0.15,0.1056338028169014,0.5633802816901409,0.33098591549295775,0.6564526741235078,120.4,0.7227957539382805
49,500,hera,0.2,0.27,0.19014084507042253,0.4357394366197183,0.37411971830985913,0.5164959112698562,101.00000000000003,0.6406456947783588
49,1000,edge,0.05,0.195,0.03873239436619718,0.6822183098591549,0.2790492957746479,0.807500704953473,138.5,0.0
49,1000,edge,0.1,0.32,0.08626760563380281,0.5625,0.3512323943661972,0.6948961368549675,120.1,0.0
49,1000,edge,0.2,0.45,0.17781690140845072,0.44014084507042256,0.38204225352112675,0.5713882883729674,102.7,0.0
49,1000,cloud,0.05,0.07,0.04137323943661972,0.670774647887324,0.2878521126760563,0.7876680139110819,137.2,1.0
49,1000,cloud,0.1,0.14,0.09507042253521127,0.5721830985915493,0.33274647887323944,0.6715856753454272,121.1,1.0
49,1000,cloud,0.2,0.27,0.19014084507042253,0.4375,0.37235915492957744,0.5173418554375411,101.30000000000001,1.0
49,1000,hera,0.05,0.065,0.03961267605633803,0.6786971830985915,0.28169014084507044,0.7962214493843406,139.2,0.8000122059041569
49,1000,hera,0.1,0.14,0.09595070422535211,0.5721830985915493,0.33186619718309857,0.6697997932136479,120.80000000000001,0.7305019837729314
49,1000,hera,0.2,0.265,0.1857394366197183,0.44366197183098594,0.37059859154929575,0.5217595638687846,101.4,0.6435171601379274
49,0,edge_fixed0.5,,0.5,0.2147887323943662,0.3961267605633803,0.3890845070422535,0.521195601090328,96.7,0.0
49,0,cloud_fixed0.5,,0.5,0.40580985915492956,0.23415492957746478,0.3600352112676056,0.2847072093241846,79.39999999999999,1.0
