policy,eps,seed,fold,bearing,outcome,rul_at_alarm_s,lambda,esc_frac,bytes_per_snapshot,life_s
"HERA-v3 (onset-gated, CRC)",0.1,0,0,Bearing1_1,premature,27980.0,2336.25,0.9992864787727435,124.0,28020.0
"HERA-v3 (onset-gated, CRC)",0.1,0,0,Bearing1_5,premature,24580.0,2336.25,0.999187982135607,124.0,24620.0
"HERA-v3 (onset-gated, CRC)",0.1,0,0,Bearing2_1,premature,8400.0,2336.25,0.9978046103183315,124.0,9100.0
"HERA-v3 (onset-gated, CRC)",0.1,0,0,Bearing2_5,premature,23060.0,2336.25,0.9991345737775854,124.0,23100.0
"HERA-v3 (onset-gated, CRC)",0.1,0,0,Bearing3_3,premature,3940.0,2336.25,0.9953917050691244,124.0,4330.0
"HERA-v3 (onset-gated, CRC)",0.15,0,0,Bearing1_1,premature,27980.0,2336.25,0.9992864787727435,124.0,28020.0
"HERA-v3 (onset-gated, CRC)",0.15,0,0,Bearing1_5,premature,24580.0,2336.25,0.999187982135607,124.0,24620.0
"HERA-v3 (onset-gated, CRC)",0.15,0,0,Bearing2_1,premature,8400.0,2336.25,0.9978046103183315,124.0,9100.0
"HERA-v3 (onset-gated, CRC)",0.15,0,0,Bearing2_5,premature,23060.0,2336.25,0.9991345737775854,124.0,23100.0
"HERA-v3 (onset-gated, CRC)",0.15,0,0,Bearing3_3,premature,3940.0,2336.25,0.9953917050691244,124.0,4330.0
"HERA-v3 (onset-gated, CRC)",0.2,0,0,Bearing1_1,premature,27980.0,2268.75,0.9992864787727435,124.0,28020.0
"HERA-v3 (onset-gated, CRC)",0.2,0,0,Bearing1_5,premature,20010.0,2268.75,0.999187982135607,124.0,24620.0
"HERA-v3 (onset-gated, CRC)",0.2,0,0,Bearing2_1,premature,8360.0,2268.75,0.9978046103183315,124.0,9100.0
"HERA-v3 (onset-gated, CRC)",0.2,0,0,Bearing2_5,premature,23060.0,2268.75,0.9991345737775854,124.0,23100.0
"HERA-v3 (onset-gated, CRC)",0.2,0,0,Bearing3_3,timely,1990.0,2268.75,0.9953917050691244,124.0,4330.0
"HERA-v3 (onset-gated, CRC)",0.25,0,0,Bearing1_1,premature,27980.0,1335.0,0.9992864787727435,124.0,28020.0
"HERA-v3 (onset-gated, CRC)",0.25,0,0,Bearing1_5,late,470.0,1335.0,0.999187982135607,124.0,24620.0
"HERA-v3 (onset-gated, CRC)",0.25,0,0,Bearing2_1,premature,8130.0,1335.0,0.9978046103183315,124.0,9100.0
"HERA-v3 (onset-gated, CRC)",0.25,0,0,Bearing2_5,premature,17980.0,1335.0,0.9991345737775854,124.0,23100.0
"HERA-v3 (onset-gated, CRC)",0.25,0,0,Bearing3_3,late,30.0,1335.0,0.9953917050691244,124.0,4330.0
"HERA-v3 (onset-gated, CRC)",0.3,0,0,Bearing1_1,premature,27980.0,1335.0,0.9992864787727435,124.0,28020.0
"HERA-v3 (onset-gated, CRC)",0.3,0,0,Bearing1_5,late,470.0,1335.0,0.999187982135607,124.0,24620.0
"HERA-v3 (onset-gated, CRC)",0.3,0,0,Bearing2_1,premature,8130.0,1335.0,0.9978046103183315,124.0,9100.0
"HERA-v3 (onset-gated, CRC)",0.3,0,0,Bearing2_5,premature,17980.0,1335.0,0.9991345737775854,124.0,23100.0
"HERA-v3 (onset-gated, CRC)",0.3,0,0,Bearing3_3,late,30.0,1335.0,0.9953917050691244,124.0,4330.0
"HERA-v3 (onset-gated, CRC)",0.4,0,0,Bearing1_1,late,120.0,885.0,0.9992864787727435,124.0,28020.0
"HERA-v3 (onset-gated, CRC)",0.4,0,0,Bearing1_5,late,360.0,885.0,0.999187982135607,124.0,24620.0
"HERA-v3 (onset-gated, CRC)",0.4,0,0,Bearing2_1,premature,7990.0,885.0,0.9143798024149287,122.15587266739847,9100.0
"HERA-v3 (onset-gated, CRC)",0.4,0,0,Bearing2_5,late,,885.0,0.8013846819558632,104.80830809173519,23100.0
"HERA-v3 (onset-gated, CRC)",0.4,0,0,Bearing3_3,late,,885.0,0.33410138248847926,65.6774193548387,4330.0
"HERA-v3b (onset gate + burn-in, CRC)",0.1,0,0,Bearing1_1,premature,14810.0,3000.0,0.529432750624331,73.81377095968605,28020.0
"HERA-v3b (onset gate + burn-in, CRC)",0.1,0,0,Bearing1_5,late,150.0,3000.0,0.007308160779537149,15.683313032886723,24620.0
"HERA-v3b (onset gate + burn-in, CRC)",0.1,0,0,Bearing2_1,late,20.0,3000.0,0.005488474204171241,20.360043907793635,9100.0
"HERA-v3b (onset gate + burn-in, CRC)",0.1,0,0,Bearing2_5,late,320.0,3000.0,0.015144958892254435,16.749459108610992,23100.0
"HERA-v3b (onset gate + burn-in, CRC)",0.1,0,0,Bearing3_3,late,60.0,3000.0,0.020737327188940093,30.580645161290324,4330.0
"HERA-v3b (onset gate + burn-in, CRC)",0.15,0,0,Bearing1_1,premature,14810.0,3000.0,0.529432750624331,73.81377095968605,28020.0
"HERA-v3b (onset gate + burn-in, CRC)",0.15,0,0,Bearing1_5,late,150.0,3000.0,0.007308160779537149,15.683313032886723,24620.0
"HERA-v3b (onset gate + burn-in, CRC)",0.15,0,0,Bearing2_1,late,20.0,3000.0,0.005488474204171241,20.360043907793635,9100.0
"HERA-v3b (onset gate + burn-in, CRC)",0.15,0,0,Bearing2_5,late,320.0,3000.0,0.015144958892254435,16.749459108610992,23100.0
"HERA-v3b (onset gate + burn-in, CRC)",0.15,0,0,Bearing3_3,late,60.0,3000.0,0.020737327188940093,30.580645161290324,4330.0
"HERA-v3b (onset gate + burn-in, CRC)",0.2,0,0,Bearing1_1,premature,14810.0,3000.0,0.529432750624331,73.81377095968605,28020.0
"HERA-v3b (onset gate + burn-in, CRC)",0.2,0,0,Bearing1_5,late,150.0,3000.0,0.007308160779537149,15.683313032886723,24620.0
"HERA-v3b (onset gate + burn-in, CRC)",0.2,0,0,Bearing2_1,late,20.0,3000.0,0.005488474204171241,20.360043907793635,9100.0
"HERA-v3b (onset gate + burn-in, CRC)",0.2,0,0,Bearing2_5,late,320.0,3000.0,0.015144958892254435,16.749459108610992,23100.0
"HERA-v3b (onset gate + burn-in, CRC)",0.2,0,0,Bearing3_3,late,60.0,3000.0,0.020737327188940093,30.580645161290324,4330.0
"HERA-v3b (onset gate + burn-in, CRC)",0.25,0,0,Bearing1_1,premature,14810.0,3000.0,0.529432750624331,73.81377095968605,28020.0
"HERA-v3b (onset gate + burn-in, CRC)",0.25,0,0,Bearing1_5,late,150.0,3000.0,0.007308160779537149,15.683313032886723,24620.0
"HERA-v3b (onset gate + burn-in, CRC)",0.25,0,0,Bearing2_1,late,20.0,3000.0,0.005488474204171241,20.360043907793635,9100.0
"HERA-v3b (onset gate + burn-in, CRC)",0.25,0,0,Bearing2_5,late,320.0,3000.0,0.015144958892254435,16.749459108610992,23100.0
"HERA-v3b (onset gate + burn-in, CRC)",0.25,0,0,Bearing3_3,late,60.0,3000.0,0.020737327188940093,30.580645161290324,4330.0
"HERA-v3b (onset gate + burn-in, CRC)",0.3,0,0,Bearing1_1,premature,14810.0,3000.0,0.529432750624331,73.81377095968605,28020.0
"HERA-v3b (onset gate + burn-in, CRC)",0.3,0,0,Bearing1_5,late,150.0,3000.0,0.007308160779537149,15.683313032886723,24620.0
"HERA-v3b (onset gate + burn-in, CRC)",0.3,0,0,Bearing2_1,late,20.0,3000.0,0.005488474204171241,20.360043907793635,9100.0
"HERA-v3b (onset gate + burn-in, CRC)",0.3,0,0,Bearing2_5,late,320.0,3000.0,0.015144958892254435,16.749459108610992,23100.0
"HERA-v3b (onset gate + burn-in, CRC)",0.3,0,0,Bearing3_3,late,60.0,3000.0,0.020737327188940093,30.580645161290324,4330.0
"HERA-v3b (onset gate + burn-in, CRC)",0.4,0,0,Bearing1_1,premature,14810.0,3000.0,0.529432750624331,73.81377095968605,28020.0
"HERA-v3b (onset gate + burn-in, CRC)",0.4,0,0,Bearing1_5,late,150.0,3000.0,0.007308160779537149,15.683313032886723,24620.0
"HERA-v3b (onset gate + burn-in, CRC)",0.4,0,0,Bearing2_1,late,20.0,3000.0,0.005488474204171241,20.360043907793635,9100.0
"HERA-v3b (onset gate + burn-in, CRC)",0.4,0,0,Bearing2_5,late,320.0,3000.0,0.015144958892254435,16.749459108610992,23100.0
"HERA-v3b (onset gate + burn-in, CRC)",0.4,0,0,Bearing3_3,late,60.0,3000.0,0.020737327188940093,30.580645161290324,4330.0
"Always-cloud, CRC + burn-in",0.1,0,0,Bearing1_1,premature,22440.0,2336.25,1.0,112.0,28020.0
"Always-cloud, CRC + burn-in",0.1,0,0,Bearing1_5,premature,21000.0,2336.25,1.0,112.0,24620.0
"Always-cloud, CRC + burn-in",0.1,0,0,Bearing2_1,premature,8400.0,2336.25,1.0,112.0,9100.0
"Always-cloud, CRC + burn-in",0.1,0,0,Bearing2_5,premature,22190.0,2336.25,1.0,112.0,23100.0
"Always-cloud, CRC + burn-in",0.1,0,0,Bearing3_3,timely,2670.0,2336.25,1.0,112.0,4330.0
"Always-cloud, CRC + burn-in",0.15,0,0,Bearing1_1,premature,22440.0,2336.25,1.0,112.0,28020.0
"Always-cloud, CRC + burn-in",0.15,0,0,Bearing1_5,premature,21000.0,2336.25,1.0,112.0,24620.0
"Always-cloud, CRC + burn-in",0.15,0,0,Bearing2_1,premature,8400.0,2336.25,1.0,112.0,9100.0
"Always-cloud, CRC + burn-in",0.15,0,0,Bearing2_5,premature,22190.0,2336.25,1.0,112.0,23100.0
"Always-cloud, CRC + burn-in",0.15,0,0,Bearing3_3,timely,2670.0,2336.25,1.0,112.0,4330.0
"Always-cloud, CRC + burn-in",0.2,0,0,Bearing1_1,premature,13640.0,2268.75,1.0,112.0,28020.0
"Always-cloud, CRC + burn-in",0.2,0,0,Bearing1_5,premature,20010.0,2268.75,1.0,112.0,24620.0
"Always-cloud, CRC + burn-in",0.2,0,0,Bearing2_1,premature,8360.0,2268.75,1.0,112.0,9100.0
"Always-cloud, CRC + burn-in",0.2,0,0,Bearing2_5,premature,22160.0,2268.75,1.0,112.0,23100.0
"Always-cloud, CRC + burn-in",0.2,0,0,Bearing3_3,timely,1990.0,2268.75,1.0,112.0,4330.0
"Always-cloud, CRC + burn-in",0.25,0,0,Bearing1_1,timely,2680.0,1683.75,1.0,112.0,28020.0
"Always-cloud, CRC + burn-in",0.25,0,0,Bearing1_5,premature,9690.0,1683.75,1.0,112.0,24620.0
"Always-cloud, CRC + burn-in",0.25,0,0,Bearing2_1,premature,8260.0,1683.75,1.0,112.0,9100.0
"Always-cloud, CRC + burn-in",0.25,0,0,Bearing2_5,premature,19040.0,1683.75,1.0,112.0,23100.0
"Always-cloud, CRC + burn-in",0.25,0,0,Bearing3_3,timely,1180.0,1683.75,1.0,112.0,4330.0
"Always-cloud, CRC + burn-in",0.3,0,0,Bearing1_1,timely,2680.0,1683.75,1.0,112.0,28020.0
"Always-cloud, CRC + burn-in",0.3,0,0,Bearing1_5,premature,9690.0,1683.75,1.0,112.0,24620.0
"Always-cloud, CRC + burn-in",0.3,0,0,Bearing2_1,premature,8260.0,1683.75,1.0,112.0,9100.0
"Always-cloud, CRC + burn-in",0.3,0,0,Bearing2_5,premature,19040.0,1683.75,1.0,112.0,23100.0
"Always-cloud, CRC + burn-in",0.3,0,0,Bearing3_3,timely,1180.0,1683.75,1.0,112.0,4330.0
"Always-cloud, CRC + burn-in",0.4,0,0,Bearing1_1,late,120.0,885.0,1.0,112.0,28020.0
"Always-cloud, CRC + burn-in",0.4,0,0,Bearing1_5,late,360.0,885.0,1.0,112.0,24620.0
"Always-cloud, CRC + burn-in",0.4,0,0,Bearing2_1,premature,7990.0,885.0,1.0,112.0,9100.0
"Always-cloud, CRC + burn-in",0.4,0,0,Bearing2_5,late,,885.0,1.0,112.0,23100.0
"Always-cloud, CRC + burn-in",0.4,0,0,Bearing3_3,late,,885.0,1.0,112.0,4330.0
"Always-cloud, CRC",0.1,0,0,Bearing1_1,premature,28000.0,2336.25,1.0,112.0,28020.0
"Always-cloud, CRC",0.1,0,0,Bearing1_5,premature,24600.0,2336.25,1.0,112.0,24620.0
"Always-cloud, CRC",0.1,0,0,Bearing2_1,premature,8400.0,2336.25,1.0,112.0,9100.0
"Always-cloud, CRC",0.1,0,0,Bearing2_5,premature,23080.0,2336.25,1.0,112.0,23100.0
"Always-cloud, CRC",0.1,0,0,Bearing3_3,premature,3940.0,2336.25,1.0,112.0,4330.0
"Always-cloud, CRC",0.15,0,0,Bearing1_1,premature,28000.0,2336.25,1.0,112.0,28020.0
"Always-cloud, CRC",0.15,0,0,Bearing1_5,premature,24600.0,2336.25,1.0,112.0,24620.0
"Always-cloud, CRC",0.15,0,0,Bearing2_1,premature,8400.0,2336.25,1.0,112.0,9100.0
"Always-cloud, CRC",0.15,0,0,Bearing2_5,premature,23080.0,2336.25,1.0,112.0,23100.0
"Always-cloud, CRC",0.15,0,0,Bearing3_3,premature,3940.0,2336.25,1.0,112.0,4330.0
"Always-cloud, CRC",0.2,0,0,Bearing1_1,premature,28000.0,2268.75,1.0,112.0,28020.0
"Always-cloud, CRC",0.2,0,0,Bearing1_5,premature,20010.0,2268.75,1.0,112.0,24620.0
"Always-cloud, CRC",0.2,0,0,Bearing2_1,premature,8360.0,2268.75,1.0,112.0,9100.0
"Always-cloud, CRC",0.2,0,0,Bearing2_5,premature,23080.0,2268.75,1.0,112.0,23100.0
"Always-cloud, CRC",0.2,0,0,Bearing3_3,timely,1990.0,2268.75,1.0,112.0,4330.0
"Always-cloud, CRC",0.25,0,0,Bearing1_1,premature,28000.0,1335.0,1.0,112.0,28020.0
"Always-cloud, CRC",0.25,0,0,Bearing1_5,late,470.0,1335.0,1.0,112.0,24620.0
"Always-cloud, CRC",0.25,0,0,Bearing2_1,premature,8130.0,1335.0,1.0,112.0,9100.0
"Always-cloud, CRC",0.25,0,0,Bearing2_5,premature,17980.0,1335.0,1.0,112.0,23100.0
"Always-cloud, CRC",0.25,0,0,Bearing3_3,late,30.0,1335.0,1.0,112.0,4330.0
"Always-cloud, CRC",0.3,0,0,Bearing1_1,premature,28000.0,1335.0,1.0,112.0,28020.0
"Always-cloud, CRC",0.3,0,0,Bearing1_5,late,470.0,1335.0,1.0,112.0,24620.0
"Always-cloud, CRC",0.3,0,0,Bearing2_1,premature,8130.0,1335.0,1.0,112.0,9100.0
"Always-cloud, CRC",0.3,0,0,Bearing2_5,premature,17980.0,1335.0,1.0,112.0,23100.0
"Always-cloud, CRC",0.3,0,0,Bearing3_3,late,30.0,1335.0,1.0,112.0,4330.0
"Always-cloud, CRC",0.4,0,0,Bearing1_1,late,50.0,547.5,1.0,112.0,28020.0
"Always-cloud, CRC",0.4,0,0,Bearing1_5,late,260.0,547.5,1.0,112.0,24620.0
"Always-cloud, CRC",0.4,0,0,Bearing2_1,late,,547.5,1.0,112.0,9100.0
"Always-cloud, CRC",0.4,0,0,Bearing2_5,late,,547.5,1.0,112.0,23100.0
"Always-cloud, CRC",0.4,0,0,Bearing3_3,late,,547.5,1.0,112.0,4330.0
"Always-edge, CRC",0.1,0,0,Bearing1_1,premature,28000.0,2122.5,0.0,0.0,28020.0
"Always-edge, CRC",0.1,0,0,Bearing1_5,premature,24600.0,2122.5,0.0,0.0,24620.0
"Always-edge, CRC",0.1,0,0,Bearing2_1,premature,8330.0,2122.5,0.0,0.0,9100.0
"Always-edge, CRC",0.1,0,0,Bearing2_5,premature,23050.0,2122.5,0.0,0.0,23100.0
"Always-edge, CRC",0.1,0,0,Bearing3_3,premature,3450.0,2122.5,0.0,0.0,4330.0
"Always-edge, CRC",0.15,0,0,Bearing1_1,premature,28000.0,2122.5,0.0,0.0,28020.0
"Always-edge, CRC",0.15,0,0,Bearing1_5,premature,24600.0,2122.5,0.0,0.0,24620.0
"Always-edge, CRC",0.15,0,0,Bearing2_1,premature,8330.0,2122.5,0.0,0.0,9100.0
"Always-edge, CRC",0.15,0,0,Bearing2_5,premature,23050.0,2122.5,0.0,0.0,23100.0
"Always-edge, CRC",0.15,0,0,Bearing3_3,premature,3450.0,2122.5,0.0,0.0,4330.0
"Always-edge, CRC",0.2,0,0,Bearing1_1,premature,28000.0,2032.5,0.0,0.0,28020.0
"Always-edge, CRC",0.2,0,0,Bearing1_5,premature,24600.0,2032.5,0.0,0.0,24620.0
"Always-edge, CRC",0.2,0,0,Bearing2_1,premature,8130.0,2032.5,0.0,0.0,9100.0
"Always-edge, CRC",0.2,0,0,Bearing2_5,late,,2032.5,0.0,0.0,23100.0
"Always-edge, CRC",0.2,0,0,Bearing3_3,timely,990.0,2032.5,0.0,0.0,4330.0
"Always-edge, CRC",0.25,0,0,Bearing1_1,premature,28000.0,1965.0,0.0,0.0,28020.0
"Always-edge, CRC",0.25,0,0,Bearing1_5,premature,24600.0,1965.0,0.0,0.0,24620.0
"Always-edge, CRC",0.25,0,0,Bearing2_1,premature,8090.0,1965.0,0.0,0.0,9100.0
"Always-edge, CRC",0.25,0,0,Bearing2_5,late,,1965.0,0.0,0.0,23100.0
"Always-edge, CRC",0.25,0,0,Bearing3_3,timely,750.0,1965.0,0.0,0.0,4330.0
"Always-edge, CRC",0.3,0,0,Bearing1_1,premature,28000.0,1965.0,0.0,0.0,28020.0
"Always-edge, CRC",0.3,0,0,Bearing1_5,premature,24600.0,1965.0,0.0,0.0,24620.0
"Always-edge, CRC",0.3,0,0,Bearing2_1,premature,8090.0,1965.0,0.0,0.0,9100.0
"Always-edge, CRC",0.3,0,0,Bearing2_5,late,,1965.0,0.0,0.0,23100.0
"Always-edge, CRC",0.3,0,0,Bearing3_3,timely,750.0,1965.0,0.0,0.0,4330.0
"Always-edge, CRC",0.4,0,0,Bearing1_1,premature,28000.0,1121.25,0.0,0.0,28020.0
"Always-edge, CRC",0.4,0,0,Bearing1_5,premature,24600.0,1121.25,0.0,0.0,24620.0
"Always-edge, CRC",0.4,0,0,Bearing2_1,late,30.0,1121.25,0.0,0.0,9100.0
"Always-edge, CRC",0.4,0,0,Bearing2_5,late,,1121.25,0.0,0.0,23100.0
"Always-edge, CRC",0.4,0,0,Bearing3_3,late,80.0,1121.25,0.0,0.0,4330.0
"Cloud point, fixed thr. H_p",,0,0,Bearing1_1,premature,28000.0,0.0,1.0,112.0,28020.0
"Cloud point, fixed thr. H_p",,0,0,Bearing1_5,late,450.0,0.0,1.0,112.0,24620.0
"Cloud point, fixed thr. H_p",,0,0,Bearing2_1,premature,8090.0,0.0,1.0,112.0,9100.0
"Cloud point, fixed thr. H_p",,0,0,Bearing2_5,premature,9980.0,0.0,1.0,112.0,23100.0
"Cloud point, fixed thr. H_p",,0,0,Bearing3_3,late,10.0,0.0,1.0,112.0,4330.0
"Cloud point, fixed thr. H_c",,0,0,Bearing1_1,late,,0.0,1.0,112.0,28020.0
"Cloud point, fixed thr. H_c",,0,0,Bearing1_5,late,,0.0,1.0,112.0,24620.0
"Cloud point, fixed thr. H_c",,0,0,Bearing2_1,late,,0.0,1.0,112.0,9100.0
"Cloud point, fixed thr. H_c",,0,0,Bearing2_5,late,,0.0,1.0,112.0,23100.0
"Cloud point, fixed thr. H_c",,0,0,Bearing3_3,late,,0.0,1.0,112.0,4330.0
Anomaly threshold,,0,0,Bearing1_1,premature,14830.0,0.0,0.0,0.0,28020.0
Anomaly threshold,,0,0,Bearing1_5,late,,0.0,0.0,0.0,24620.0
Anomaly threshold,,0,0,Bearing2_1,late,,0.0,0.0,0.0,9100.0
Anomaly threshold,,0,0,Bearing2_5,late,340.0,0.0,0.0,0.0,23100.0
Anomaly threshold,,0,0,Bearing3_3,late,60.0,0.0,0.0,0.0,4330.0
"HERA-v3 (onset-gated, CRC)",0.1,0,1,Bearing1_2,premature,7310.0,2268.75,0.9977037887485649,124.0,8700.0
"HERA-v3 (onset-gated, CRC)",0.1,0,1,Bearing1_6,premature,24430.0,2268.75,0.9991830065359477,124.0,24470.0
"HERA-v3 (onset-gated, CRC)",0.1,0,1,Bearing2_2,premature,5810.0,2268.75,0.9974905897114178,124.0,7960.0
"HERA-v3 (onset-gated, CRC)",0.1,0,1,Bearing2_6,premature,6960.0,2268.75,0.9971469329529244,124.0,7000.0
"HERA-v3 (onset-gated, CRC)",0.15,0,1,Bearing1_2,premature,7070.0,1593.75,0.9977037887485649,124.0,8700.0
"HERA-v3 (onset-gated, CRC)",0.15,0,1,Bearing1_6,premature,22180.0,1593.75,0.9991830065359477,124.0,24470.0
"HERA-v3 (onset-gated, CRC)",0.15,0,1,Bearing2_2,premature,5410.0,1593.75,0.9974905897114178,124.0,7960.0
"HERA-v3 (onset-gated, CRC)",0.15,0,1,Bearing2_6,premature,5240.0,1593.75,0.9971469329529244,124.0,7000.0
"HERA-v3 (onset-gated, CRC)",0.2,0,1,Bearing1_2,premature,7070.0,1593.75,0.9977037887485649,124.0,8700.0
"HERA-v3 (onset-gated, CRC)",0.2,0,1,Bearing1_6,premature,22180.0,1593.75,0.9991830065359477,124.0,24470.0
"HERA-v3 (onset-gated, CRC)",0.2,0,1,Bearing2_2,premature,5410.0,1593.75,0.9974905897114178,124.0,7960.0
"HERA-v3 (onset-gated, CRC)",0.2,0,1,Bearing2_6,premature,5240.0,1593.75,0.9971469329529244,124.0,7000.0
"HERA-v3 (onset-gated, CRC)",0.25,0,1,Bearing1_2,premature,6330.0,1177.5,0.9977037887485649,124.0,8700.0
"HERA-v3 (onset-gated, CRC)",0.25,0,1,Bearing1_6,premature,21720.0,1177.5,0.9991830065359477,124.0,24470.0
"HERA-v3 (onset-gated, CRC)",0.25,0,1,Bearing2_2,premature,3220.0,1177.5,0.9974905897114178,124.0,7960.0
"HERA-v3 (onset-gated, CRC)",0.25,0,1,Bearing2_6,late,280.0,1177.5,0.9971469329529244,124.0,7000.0
"HERA-v3 (onset-gated, CRC)",0.3,0,1,Bearing1_2,premature,6280.0,1008.75,0.9977037887485649,124.0,8700.0
"HERA-v3 (onset-gated, CRC)",0.3,0,1,Bearing1_6,premature,8130.0,1008.75,0.9991830065359477,124.0,24470.0
"HERA-v3 (onset-gated, CRC)",0.3,0,1,Bearing2_2,premature,3150.0,1008.75,0.9974905897114178,124.0,7960.0
"HERA-v3 (onset-gated, CRC)",0.3,0,1,Bearing2_6,late,140.0,1008.75,0.9971469329529244,124.0,7000.0
"HERA-v3 (onset-gated, CRC)",0.4,0,1,Bearing1_2,late,,817.5,0.9977037887485649,124.0,8700.0
"HERA-v3 (onset-gated, CRC)",0.4,0,1,Bearing1_6,premature,8120.0,817.5,0.33986928104575165,52.947712418300654,24470.0
"HERA-v3 (onset-gated, CRC)",0.4,0,1,Bearing2_2,timely,2900.0,817.5,0.9974905897114178,124.0,7960.0
"HERA-v3 (onset-gated, CRC)",0.4,0,1,Bearing2_6,late,110.0,817.5,0.9971469329529244,124.0,7000.0
"HERA-v3b (onset gate + burn-in, CRC)",0.1,0,1,Bearing1_2,late,370.0,3000.0,0.045924225028702644,25.244546498277842,8700.0
"HERA-v3b (onset gate + burn-in, CRC)",0.1,0,1,Bearing1_6,premature,8070.0,3000.0,0.33088235294117646,51.94117647058823,24470.0
"HERA-v3b (onset gate + burn-in, CRC)",0.1,0,1,Bearing2_2,premature,4130.0,3000.0,0.5219573400250941,79.31242158092849,7960.0
"HERA-v3b (onset gate + burn-in, CRC)",0.1,0,1,Bearing2_6,late,80.0,3000.0,0.015691868758915834,23.823109843081312,7000.0
"HERA-v3b (onset gate + burn-in, CRC)",0.15,0,1,Bearing1_2,late,370.0,3000.0,0.045924225028702644,25.244546498277842,8700.0
"HERA-v3b (onset gate + burn-in, CRC)",0.15,0,1,Bearing1_6,premature,8070.0,3000.0,0.33088235294117646,51.94117647058823,24470.0
"HERA-v3b (onset gate + burn-in, CRC)",0.15,0,1,Bearing2_2,premature,4130.0,3000.0,0.5219573400250941,79.31242158092849,7960.0
"HERA-v3b (onset gate + burn-in, CRC)",0.15,0,1,Bearing2_6,late,80.0,3000.0,0.015691868758915834,23.823109843081312,7000.0
"HERA-v3b (onset gate + burn-in, CRC)",0.2,0,1,Bearing1_2,late,370.0,3000.0,0.045924225028702644,25.244546498277842,8700.0
"HERA-v3b (onset gate + burn-in, CRC)",0.2,0,1,Bearing1_6,premature,8070.0,3000.0,0.33088235294117646,51.94117647058823,24470.0
"HERA-v3b (onset gate + burn-in, CRC)",0.2,0,1,Bearing2_2,premature,4130.0,3000.0,0.5219573400250941,79.31242158092849,7960.0
"HERA-v3b (onset gate + burn-in, CRC)",0.2,0,1,Bearing2_6,late,80.0,3000.0,0.015691868758915834,23.823109843081312,7000.0
"HERA-v3b (onset gate + burn-in, CRC)",0.25,0,1,Bearing1_2,late,370.0,3000.0,0.045924225028702644,25.244546498277842,8700.0
"HERA-v3b (onset gate + burn-in, CRC)",0.25,0,1,Bearing1_6,premature,8070.0,3000.0,0.33088235294117646,51.94117647058823,24470.0
"HERA-v3b (onset gate + burn-in, CRC)",0.25,0,1,Bearing2_2,premature,4130.0,3000.0,0.5219573400250941,79.31242158092849,7960.0
"HERA-v3b (onset gate + burn-in, CRC)",0.25,0,1,Bearing2_6,late,80.0,3000.0,0.015691868758915834,23.823109843081312,7000.0
"HERA-v3b (onset gate + burn-in, CRC)",0.3,0,1,Bearing1_2,late,370.0,3000.0,0.045924225028702644,25.244546498277842,8700.0
"HERA-v3b (onset gate + burn-in, CRC)",0.3,0,1,Bearing1_6,premature,8070.0,3000.0,0.33088235294117646,51.94117647058823,24470.0
"HERA-v3b (onset gate + burn-in, CRC)",0.3,0,1,Bearing2_2,premature,4130.0,3000.0,0.5219573400250941,79.31242158092849,7960.0
"HERA-v3b (onset gate + burn-in, CRC)",0.3,0,1,Bearing2_6,late,80.0,3000.0,0.015691868758915834,23.823109843081312,7000.0
"HERA-v3b (onset gate + burn-in, CRC)",0.4,0,1,Bearing1_2,late,370.0,3000.0,0.045924225028702644,25.244546498277842,8700.0
"HERA-v3b (onset gate + burn-in, CRC)",0.4,0,1,Bearing1_6,premature,8070.0,3000.0,0.33088235294117646,51.94117647058823,24470.0
"HERA-v3b (onset gate + burn-in, CRC)",0.4,0,1,Bearing2_2,premature,4130.0,3000.0,0.5219573400250941,79.31242158092849,7960.0
"HERA-v3b (onset gate + burn-in, CRC)",0.4,0,1,Bearing2_6,late,80.0,3000.0,0.015691868758915834,23.823109843081312,7000.0
"Always-cloud, CRC + burn-in",0.1,0,1,Bearing1_2,premature,7980.0,2358.75,1.0,112.0,8700.0
"Always-cloud, CRC + burn-in",0.1,0,1,Bearing1_6,premature,22480.0,2358.75,1.0,112.0,24470.0
"Always-cloud, CRC + burn-in",0.1,0,1,Bearing2_2,premature,5860.0,2358.75,1.0,112.0,7960.0
"Always-cloud, CRC + burn-in",0.1,0,1,Bearing2_6,premature,6030.0,2358.75,1.0,112.0,7000.0
"Always-cloud, CRC + burn-in",0.15,0,1,Bearing1_2,premature,7190.0,1830.0,1.0,112.0,8700.0
"Always-cloud, CRC + burn-in",0.15,0,1,Bearing1_6,premature,22240.0,1830.0,1.0,112.0,24470.0
"Always-cloud, CRC + burn-in",0.15,0,1,Bearing2_2,premature,5490.0,1830.0,1.0,112.0,7960.0
"Always-cloud, CRC + burn-in",0.15,0,1,Bearing2_6,premature,5420.0,1830.0,1.0,112.0,7000.0
"Always-cloud, CRC + burn-in",0.2,0,1,Bearing1_2,premature,7190.0,1830.0,1.0,112.0,8700.0
"Always-cloud, CRC + burn-in",0.2,0,1,Bearing1_6,premature,22240.0,1830.0,1.0,112.0,24470.0
"Always-cloud, CRC + burn-in",0.2,0,1,Bearing2_2,premature,5490.0,1830.0,1.0,112.0,7960.0
"Always-cloud, CRC + burn-in",0.2,0,1,Bearing2_6,premature,5420.0,1830.0,1.0,112.0,7000.0
"Always-cloud, CRC + burn-in",0.25,0,1,Bearing1_2,premature,7070.0,1593.75,1.0,112.0,8700.0
"Always-cloud, CRC + burn-in",0.25,0,1,Bearing1_6,premature,22180.0,1593.75,1.0,112.0,24470.0
"Always-cloud, CRC + burn-in",0.25,0,1,Bearing2_2,premature,5410.0,1593.75,1.0,112.0,7960.0
"Always-cloud, CRC + burn-in",0.25,0,1,Bearing2_6,premature,5240.0,1593.75,1.0,112.0,7000.0
"Always-cloud, CRC + burn-in",0.3,0,1,Bearing1_2,premature,6330.0,1177.5,1.0,112.0,8700.0
"Always-cloud, CRC + burn-in",0.3,0,1,Bearing1_6,premature,21720.0,1177.5,1.0,112.0,24470.0
"Always-cloud, CRC + burn-in",0.3,0,1,Bearing2_2,premature,3220.0,1177.5,1.0,112.0,7960.0
"Always-cloud, CRC + burn-in",0.3,0,1,Bearing2_6,late,280.0,1177.5,1.0,112.0,7000.0
"Always-cloud, CRC + burn-in",0.4,0,1,Bearing1_2,late,,817.5,1.0,112.0,8700.0
"Always-cloud, CRC + burn-in",0.4,0,1,Bearing1_6,premature,8120.0,817.5,1.0,112.0,24470.0
"Always-cloud, CRC + burn-in",0.4,0,1,Bearing2_2,timely,2900.0,817.5,1.0,112.0,7960.0
"Always-cloud, CRC + burn-in",0.4,0,1,Bearing2_6,late,110.0,817.5,1.0,112.0,7000.0
"Always-cloud, CRC",0.1,0,1,Bearing1_2,premature,7290.0,2223.75,1.0,112.0,8700.0
"Always-cloud, CRC",0.1,0,1,Bearing1_6,premature,24450.0,2223.75,1.0,112.0,24470.0
"Always-cloud, CRC",0.1,0,1,Bearing2_2,premature,5800.0,2223.75,1.0,112.0,7960.0
"Always-cloud, CRC",0.1,0,1,Bearing2_6,premature,6980.0,2223.75,1.0,112.0,7000.0
"Always-cloud, CRC",0.15,0,1,Bearing1_2,premature,7070.0,1593.75,1.0,112.0,8700.0
"Always-cloud, CRC",0.15,0,1,Bearing1_6,premature,22180.0,1593.75,1.0,112.0,24470.0
"Always-cloud, CRC",0.15,0,1,Bearing2_2,premature,5410.0,1593.75,1.0,112.0,7960.0
"Always-cloud, CRC",0.15,0,1,Bearing2_6,premature,5240.0,1593.75,1.0,112.0,7000.0
"Always-cloud, CRC",0.2,0,1,Bearing1_2,premature,7070.0,1593.75,1.0,112.0,8700.0
"Always-cloud, CRC",0.2,0,1,Bearing1_6,premature,22180.0,1593.75,1.0,112.0,24470.0
"Always-cloud, CRC",0.2,0,1,Bearing2_2,premature,5410.0,1593.75,1.0,112.0,7960.0
"Always-cloud, CRC",0.2,0,1,Bearing2_6,premature,5240.0,1593.75,1.0,112.0,7000.0
"Always-cloud, CRC",0.25,0,1,Bearing1_2,premature,6330.0,1177.5,1.0,112.0,8700.0
"Always-cloud, CRC",0.25,0,1,Bearing1_6,premature,21720.0,1177.5,1.0,112.0,24470.0
"Always-cloud, CRC",0.25,0,1,Bearing2_2,premature,3220.0,1177.5,1.0,112.0,7960.0
"Always-cloud, CRC",0.25,0,1,Bearing2_6,late,280.0,1177.5,1.0,112.0,7000.0
"Always-cloud, CRC",0.3,0,1,Bearing1_2,late,,817.5,1.0,112.0,8700.0
"Always-cloud, CRC",0.3,0,1,Bearing1_6,premature,8120.0,817.5,1.0,112.0,24470.0
"Always-cloud, CRC",0.3,0,1,Bearing2_2,timely,2900.0,817.5,1.0,112.0,7960.0
"Always-cloud, CRC",0.3,0,1,Bearing2_6,late,110.0,817.5,1.0,112.0,7000.0
"Always-cloud, CRC",0.4,0,1,Bearing1_2,late,,682.5,1.0,112.0,8700.0
"Always-cloud, CRC",0.4,0,1,Bearing1_6,premature,8120.0,682.5,1.0,112.0,24470.0
"Always-cloud, CRC",0.4,0,1,Bearing2_2,timely,2700.0,682.5,1.0,112.0,7960.0
"Always-cloud, CRC",0.4,0,1,Bearing2_6,late,110.0,682.5,1.0,112.0,7000.0
"Always-edge, CRC",0.1,0,1,Bearing1_2,premature,8680.0,2100.0,0.0,0.0,8700.0
"Always-edge, CRC",0.1,0,1,Bearing1_6,premature,24450.0,2100.0,0.0,0.0,24470.0
"Always-edge, CRC",0.1,0,1,Bearing2_2,premature,7940.0,2100.0,0.0,0.0,7960.0
"Always-edge, CRC",0.1,0,1,Bearing2_6,premature,6980.0,2100.0,0.0,0.0,7000.0
"Always-edge, CRC",0.15,0,1,Bearing1_2,premature,8680.0,1987.5,0.0,0.0,8700.0
"Always-edge, CRC",0.15,0,1,Bearing1_6,premature,8270.0,1987.5,0.0,0.0,24470.0
"Always-edge, CRC",0.15,0,1,Bearing2_2,premature,7940.0,1987.5,0.0,0.0,7960.0
"Always-edge, CRC",0.15,0,1,Bearing2_6,premature,6980.0,1987.5,0.0,0.0,7000.0
"Always-edge, CRC",0.2,0,1,Bearing1_2,premature,8680.0,1987.5,0.0,0.0,8700.0
"Always-edge, CRC",0.2,0,1,Bearing1_6,premature,8270.0,1987.5,0.0,0.0,24470.0
"Always-edge, CRC",0.2,0,1,Bearing2_2,premature,7940.0,1987.5,0.0,0.0,7960.0
"Always-edge, CRC",0.2,0,1,Bearing2_6,premature,6980.0,1987.5,0.0,0.0,7000.0
"Always-edge, CRC",0.25,0,1,Bearing1_2,premature,8680.0,1852.5,0.0,0.0,8700.0
"Always-edge, CRC",0.25,0,1,Bearing1_6,premature,8130.0,1852.5,0.0,0.0,24470.0
"Always-edge, CRC",0.25,0,1,Bearing2_2,premature,7940.0,1852.5,0.0,0.0,7960.0
"Always-edge, CRC",0.25,0,1,Bearing2_6,premature,6980.0,1852.5,0.0,0.0,7000.0
"Always-edge, CRC",0.3,0,1,Bearing1_2,premature,8680.0,1650.0,0.0,0.0,8700.0
"Always-edge, CRC",0.3,0,1,Bearing1_6,premature,8120.0,1650.0,0.0,0.0,24470.0
"Always-edge, CRC",0.3,0,1,Bearing2_2,premature,5760.0,1650.0,0.0,0.0,7960.0
"Always-edge, CRC",0.3,0,1,Bearing2_6,premature,6980.0,1650.0,0.0,0.0,7000.0
"Always-edge, CRC",0.4,0,1,Bearing1_2,premature,8680.0,1571.25,0.0,0.0,8700.0
"Always-edge, CRC",0.4,0,1,Bearing1_6,premature,8120.0,1571.25,0.0,0.0,24470.0
"Always-edge, CRC",0.4,0,1,Bearing2_2,premature,5630.0,1571.25,0.0,0.0,7960.0
"Always-edge, CRC",0.4,0,1,Bearing2_6,premature,6980.0,1571.25,0.0,0.0,7000.0
"Cloud point, fixed thr. H_p",,0,1,Bearing1_2,premature,6330.0,0.0,1.0,112.0,8700.0
"Cloud point, fixed thr. H_p",,0,1,Bearing1_6,premature,21760.0,0.0,1.0,112.0,24470.0
"Cloud point, fixed thr. H_p",,0,1,Bearing2_2,premature,3220.0,0.0,1.0,112.0,7960.0
"Cloud point, fixed thr. H_p",,0,1,Bearing2_6,late,290.0,0.0,1.0,112.0,7000.0
"Cloud point, fixed thr. H_c",,0,1,Bearing1_2,late,,0.0,1.0,112.0,8700.0
"Cloud point, fixed thr. H_c",,0,1,Bearing1_6,premature,8080.0,0.0,1.0,112.0,24470.0
"Cloud point, fixed thr. H_c",,0,1,Bearing2_2,late,460.0,0.0,1.0,112.0,7960.0
"Cloud point, fixed thr. H_c",,0,1,Bearing2_6,late,90.0,0.0,1.0,112.0,7000.0
Anomaly threshold,,0,1,Bearing1_2,late,,0.0,0.0,0.0,8700.0
Anomaly threshold,,0,1,Bearing1_6,premature,8000.0,0.0,0.0,0.0,24470.0
Anomaly threshold,,0,1,Bearing2_2,late,,0.0,0.0,0.0,7960.0
Anomaly threshold,,0,1,Bearing2_6,late,100.0,0.0,0.0,0.0,7000.0
"HERA-v3 (onset-gated, CRC)",0.1,0,2,Bearing1_3,premature,16330.0,2302.5,0.9991578947368421,124.0,23740.0
"HERA-v3 (onset-gated, CRC)",0.1,0,2,Bearing1_7,premature,15620.0,2302.5,0.9991146525011066,124.0,22580.0
"HERA-v3 (onset-gated, CRC)",0.1,0,2,Bearing2_3,premature,16890.0,2302.5,0.9989769820971867,124.0,19540.0
"HERA-v3 (onset-gated, CRC)",0.1,0,2,Bearing2_7,timely,2250.0,2302.5,0.991304347826087,124.0,2290.0
"HERA-v3 (onset-gated, CRC)",0.1,0,2,Bearing3_1,premature,5100.0,2302.5,0.996116504854369,124.0,5140.0
"HERA-v3 (onset-gated, CRC)",0.15,0,2,Bearing1_3,premature,16330.0,2302.5,0.9991578947368421,124.0,23740.0
"HERA-v3 (onset-gated, CRC)",0.15,0,2,Bearing1_7,premature,15620.0,2302.5,0.9991146525011066,124.0,22580.0
"HERA-v3 (onset-gated, CRC)",0.15,0,2,Bearing2_3,premature,16890.0,2302.5,0.9989769820971867,124.0,19540.0
"HERA-v3 (onset-gated, CRC)",0.15,0,2,Bearing2_7,timely,2250.0,2302.5,0.991304347826087,124.0,2290.0
"HERA-v3 (onset-gated, CRC)",0.15,0,2,Bearing3_1,premature,5100.0,2302.5,0.996116504854369,124.0,5140.0
"HERA-v3 (onset-gated, CRC)",0.2,0,2,Bearing1_3,premature,15750.0,2032.5,0.9991578947368421,124.0,23740.0
"HERA-v3 (onset-gated, CRC)",0.2,0,2,Bearing1_7,premature,14110.0,2032.5,0.9991146525011066,124.0,22580.0
"HERA-v3 (onset-gated, CRC)",0.2,0,2,Bearing2_3,premature,16830.0,2032.5,0.9989769820971867,124.0,19540.0
"HERA-v3 (onset-gated, CRC)",0.2,0,2,Bearing2_7,late,,2032.5,0.991304347826087,124.0,2290.0
"HERA-v3 (onset-gated, CRC)",0.2,0,2,Bearing3_1,late,220.0,2032.5,0.996116504854369,124.0,5140.0
"HERA-v3 (onset-gated, CRC)",0.25,0,2,Bearing1_3,premature,6520.0,1380.0,0.9991578947368421,124.0,23740.0
"HERA-v3 (onset-gated, CRC)",0.25,0,2,Bearing1_7,premature,13230.0,1380.0,0.9991146525011066,124.0,22580.0
"HERA-v3 (onset-gated, CRC)",0.25,0,2,Bearing2_3,premature,16700.0,1380.0,0.9989769820971867,124.0,19540.0
"HERA-v3 (onset-gated, CRC)",0.25,0,2,Bearing2_7,late,,1380.0,0.991304347826087,124.0,2290.0
"HERA-v3 (onset-gated, CRC)",0.25,0,2,Bearing3_1,late,120.0,1380.0,0.996116504854369,124.0,5140.0
"HERA-v3 (onset-gated, CRC)",0.3,0,2,Bearing1_3,premature,6520.0,1380.0,0.9991578947368421,124.0,23740.0
"HERA-v3 (onset-gated, CRC)",0.3,0,2,Bearing1_7,premature,13230.0,1380.0,0.9991146525011066,124.0,22580.0
"HERA-v3 (onset-gated, CRC)",0.3,0,2,Bearing2_3,premature,16700.0,1380.0,0.9989769820971867,124.0,19540.0
"HERA-v3 (onset-gated, CRC)",0.3,0,2,Bearing2_7,late,,1380.0,0.991304347826087,124.0,2290.0
"HERA-v3 (onset-gated, CRC)",0.3,0,2,Bearing3_1,late,120.0,1380.0,0.996116504854369,124.0,5140.0
"HERA-v3 (onset-gated, CRC)",0.4,0,2,Bearing1_3,premature,6510.0,941.25,0.9936842105263158,124.0,23740.0
"HERA-v3 (onset-gated, CRC)",0.4,0,2,Bearing1_7,premature,11920.0,941.25,0.99734395750332,124.0,22580.0
"HERA-v3 (onset-gated, CRC)",0.4,0,2,Bearing2_3,premature,16490.0,941.25,0.9989769820971867,124.0,19540.0
"HERA-v3 (onset-gated, CRC)",0.4,0,2,Bearing2_7,late,,941.25,0.991304347826087,124.0,2290.0
"HERA-v3 (onset-gated, CRC)",0.4,0,2,Bearing3_1,late,,941.25,0.996116504854369,124.0,5140.0
"HERA-v3b (onset gate + burn-in, CRC)",0.1,0,2,Bearing1_3,premature,6500.0,3000.0,0.2749473684210526,45.765052631578946,23740.0
"HERA-v3b (onset gate + burn-in, CRC)",0.1,0,2,Bearing1_7,late,420.0,3000.0,0.0199203187250996,17.35458167330677,22580.0
"HERA-v3b (onset gate + burn-in, CRC)",0.1,0,2,Bearing2_3,premature,16840.0,3000.0,0.8629156010230179,112.25575447570333,19540.0
"HERA-v3b (onset gate + burn-in, CRC)",0.1,0,2,Bearing2_7,late,,3000.0,0.008695652173913044,43.65217391304348,2290.0
"HERA-v3b (onset gate + burn-in, CRC)",0.1,0,2,Bearing3_1,late,170.0,3000.0,0.038834951456310676,30.050485436893204,5140.0
"HERA-v3b (onset gate + burn-in, CRC)",0.15,0,2,Bearing1_3,premature,6500.0,3000.0,0.2749473684210526,45.765052631578946,23740.0
"HERA-v3b (onset gate + burn-in, CRC)",0.15,0,2,Bearing1_7,late,420.0,3000.0,0.0199203187250996,17.35458167330677,22580.0
"HERA-v3b (onset gate + burn-in, CRC)",0.15,0,2,Bearing2_3,premature,16840.0,3000.0,0.8629156010230179,112.25575447570333,19540.0
"HERA-v3b (onset gate + burn-in, CRC)",0.15,0,2,Bearing2_7,late,,3000.0,0.008695652173913044,43.65217391304348,2290.0
"HERA-v3b (onset gate + burn-in, CRC)",0.15,0,2,Bearing3_1,late,170.0,3000.0,0.038834951456310676,30.050485436893204,5140.0
"HERA-v3b (onset gate + burn-in, CRC)",0.2,0,2,Bearing1_3,premature,6500.0,3000.0,0.2749473684210526,45.765052631578946,23740.0
"HERA-v3b (onset gate + burn-in, CRC)",0.2,0,2,Bearing1_7,late,420.0,3000.0,0.0199203187250996,17.35458167330677,22580.0
"HERA-v3b (onset gate + burn-in, CRC)",0.2,0,2,Bearing2_3,premature,16840.0,3000.0,0.8629156010230179,112.25575447570333,19540.0
"HERA-v3b (onset gate + burn-in, CRC)",0.2,0,2,Bearing2_7,late,,3000.0,0.008695652173913044,43.65217391304348,2290.0
"HERA-v3b (onset gate + burn-in, CRC)",0.2,0,2,Bearing3_1,late,170.0,3000.0,0.038834951456310676,30.050485436893204,5140.0
"HERA-v3b (onset gate + burn-in, CRC)",0.25,0,2,Bearing1_3,premature,6500.0,3000.0,0.2749473684210526,45.765052631578946,23740.0
"HERA-v3b (onset gate + burn-in, CRC)",0.25,0,2,Bearing1_7,late,420.0,3000.0,0.0199203187250996,17.35458167330677,22580.0
"HERA-v3b (onset gate + burn-in, CRC)",0.25,0,2,Bearing2_3,premature,16840.0,3000.0,0.8629156010230179,112.25575447570333,19540.0
"HERA-v3b (onset gate + burn-in, CRC)",0.25,0,2,Bearing2_7,late,,3000.0,0.008695652173913044,43.65217391304348,2290.0
"HERA-v3b (onset gate + burn-in, CRC)",0.25,0,2,Bearing3_1,late,170.0,3000.0,0.038834951456310676,30.050485436893204,5140.0
"HERA-v3b (onset gate + burn-in, CRC)",0.3,0,2,Bearing1_3,premature,6500.0,3000.0,0.2749473684210526,45.765052631578946,23740.0
"HERA-v3b (onset gate + burn-in, CRC)",0.3,0,2,Bearing1_7,late,420.0,3000.0,0.0199203187250996,17.35458167330677,22580.0
"HERA-v3b (onset gate + burn-in, CRC)",0.3,0,2,Bearing2_3,premature,16840.0,3000.0,0.8629156010230179,112.25575447570333,19540.0
"HERA-v3b (onset gate + burn-in, CRC)",0.3,0,2,Bearing2_7,late,,3000.0,0.008695652173913044,43.65217391304348,2290.0
"HERA-v3b (onset gate + burn-in, CRC)",0.3,0,2,Bearing3_1,late,170.0,3000.0,0.038834951456310676,30.050485436893204,5140.0
"HERA-v3b (onset gate + burn-in, CRC)",0.4,0,2,Bearing1_3,premature,6500.0,3000.0,0.2749473684210526,45.765052631578946,23740.0
"HERA-v3b (onset gate + burn-in, CRC)",0.4,0,2,Bearing1_7,late,420.0,3000.0,0.0199203187250996,17.35458167330677,22580.0
"HERA-v3b (onset gate + burn-in, CRC)",0.4,0,2,Bearing2_3,premature,16840.0,3000.0,0.8629156010230179,112.25575447570333,19540.0
"HERA-v3b (onset gate + burn-in, CRC)",0.4,0,2,Bearing2_7,late,,3000.0,0.008695652173913044,43.65217391304348,2290.0
"HERA-v3b (onset gate + burn-in, CRC)",0.4,0,2,Bearing3_1,late,170.0,3000.0,0.038834951456310676,30.050485436893204,5140.0
"Always-cloud, CRC + burn-in",0.1,0,2,Bearing1_3,premature,16330.0,2302.5,1.0,112.0,23740.0
"Always-cloud, CRC + burn-in",0.1,0,2,Bearing1_7,premature,15620.0,2302.5,1.0,112.0,22580.0
"Always-cloud, CRC + burn-in",0.1,0,2,Bearing2_3,premature,16890.0,2302.5,1.0,112.0,19540.0
"Always-cloud, CRC + burn-in",0.1,0,2,Bearing2_7,late,330.0,2302.5,1.0,112.0,2290.0
"Always-cloud, CRC + burn-in",0.1,0,2,Bearing3_1,late,490.0,2302.5,1.0,112.0,5140.0
"Always-cloud, CRC + burn-in",0.15,0,2,Bearing1_3,premature,16330.0,2302.5,1.0,112.0,23740.0
"Always-cloud, CRC + burn-in",0.15,0,2,Bearing1_7,premature,15620.0,2302.5,1.0,112.0,22580.0
"Always-cloud, CRC + burn-in",0.15,0,2,Bearing2_3,premature,16890.0,2302.5,1.0,112.0,19540.0
"Always-cloud, CRC + burn-in",0.15,0,2,Bearing2_7,late,330.0,2302.5,1.0,112.0,2290.0
"Always-cloud, CRC + burn-in",0.15,0,2,Bearing3_1,late,490.0,2302.5,1.0,112.0,5140.0
"Always-cloud, CRC + burn-in",0.2,0,2,Bearing1_3,premature,15750.0,2032.5,1.0,112.0,23740.0
"Always-cloud, CRC + burn-in",0.2,0,2,Bearing1_7,premature,14110.0,2032.5,1.0,112.0,22580.0
"Always-cloud, CRC + burn-in",0.2,0,2,Bearing2_3,premature,16830.0,2032.5,1.0,112.0,19540.0
"Always-cloud, CRC + burn-in",0.2,0,2,Bearing2_7,late,,2032.5,1.0,112.0,2290.0
"Always-cloud, CRC + burn-in",0.2,0,2,Bearing3_1,late,220.0,2032.5,1.0,112.0,5140.0
"Always-cloud, CRC + burn-in",0.25,0,2,Bearing1_3,premature,6520.0,1380.0,1.0,112.0,23740.0
"Always-cloud, CRC + burn-in",0.25,0,2,Bearing1_7,premature,13230.0,1380.0,1.0,112.0,22580.0
"Always-cloud, CRC + burn-in",0.25,0,2,Bearing2_3,premature,16700.0,1380.0,1.0,112.0,19540.0
"Always-cloud, CRC + burn-in",0.25,0,2,Bearing2_7,late,,1380.0,1.0,112.0,2290.0
"Always-cloud, CRC + burn-in",0.25,0,2,Bearing3_1,late,120.0,1380.0,1.0,112.0,5140.0
"Always-cloud, CRC + burn-in",0.3,0,2,Bearing1_3,premature,6520.0,1380.0,1.0,112.0,23740.0
"Always-cloud, CRC + burn-in",0.3,0,2,Bearing1_7,premature,13230.0,1380.0,1.0,112.0,22580.0
"Always-cloud, CRC + burn-in",0.3,0,2,Bearing2_3,premature,16700.0,1380.0,1.0,112.0,19540.0
"Always-cloud, CRC + burn-in",0.3,0,2,Bearing2_7,late,,1380.0,1.0,112.0,2290.0
"Always-cloud, CRC + burn-in",0.3,0,2,Bearing3_1,late,120.0,1380.0,1.0,112.0,5140.0
"Always-cloud, CRC + burn-in",0.4,0,2,Bearing1_3,premature,6510.0,941.25,1.0,112.0,23740.0
"Always-cloud, CRC + burn-in",0.4,0,2,Bearing1_7,premature,11920.0,941.25,1.0,112.0,22580.0
"Always-cloud, CRC + burn-in",0.4,0,2,Bearing2_3,premature,16490.0,941.25,1.0,112.0,19540.0
"Always-cloud, CRC + burn-in",0.4,0,2,Bearing2_7,late,,941.25,1.0,112.0,2290.0
"Always-cloud, CRC + burn-in",0.4,0,2,Bearing3_1,late,,941.25,1.0,112.0,5140.0
"Always-cloud, CRC",0.1,0,2,Bearing1_3,premature,16330.0,2302.5,1.0,112.0,23740.0
"Always-cloud, CRC",0.1,0,2,Bearing1_7,premature,15620.0,2302.5,1.0,112.0,22580.0
"Always-cloud, CRC",0.1,0,2,Bearing2_3,premature,16890.0,2302.5,1.0,112.0,19540.0
"Always-cloud, CRC",0.1,0,2,Bearing2_7,timely,2270.0,2302.5,1.0,112.0,2290.0
"Always-cloud, CRC",0.1,0,2,Bearing3_1,premature,5120.0,2302.5,1.0,112.0,5140.0
"Always-cloud, CRC",0.15,0,2,Bearing1_3,premature,16330.0,2302.5,1.0,112.0,23740.0
"Always-cloud, CRC",0.15,0,2,Bearing1_7,premature,15620.0,2302.5,1.0,112.0,22580.0
"Always-cloud, CRC",0.15,0,2,Bearing2_3,premature,16890.0,2302.5,1.0,112.0,19540.0
"Always-cloud, CRC",0.15,0,2,Bearing2_7,timely,2270.0,2302.5,1.0,112.0,2290.0
"Always-cloud, CRC",0.15,0,2,Bearing3_1,premature,5120.0,2302.5,1.0,112.0,5140.0
"Always-cloud, CRC",0.2,0,2,Bearing1_3,premature,15750.0,2032.5,1.0,112.0,23740.0
"Always-cloud, CRC",0.2,0,2,Bearing1_7,premature,14110.0,2032.5,1.0,112.0,22580.0
"Always-cloud, CRC",0.2,0,2,Bearing2_3,premature,16830.0,2032.5,1.0,112.0,19540.0
"Always-cloud, CRC",0.2,0,2,Bearing2_7,late,,2032.5,1.0,112.0,2290.0
"Always-cloud, CRC",0.2,0,2,Bearing3_1,late,220.0,2032.5,1.0,112.0,5140.0
"Always-cloud, CRC",0.25,0,2,Bearing1_3,premature,6520.0,1380.0,1.0,112.0,23740.0
"Always-cloud, CRC",0.25,0,2,Bearing1_7,premature,13230.0,1380.0,1.0,112.0,22580.0
"Always-cloud, CRC",0.25,0,2,Bearing2_3,premature,16700.0,1380.0,1.0,112.0,19540.0
"Always-cloud, CRC",0.25,0,2,Bearing2_7,late,,1380.0,1.0,112.0,2290.0
"Always-cloud, CRC",0.25,0,2,Bearing3_1,late,120.0,1380.0,1.0,112.0,5140.0
"Always-cloud, CRC",0.3,0,2,Bearing1_3,premature,6520.0,1380.0,1.0,112.0,23740.0
"Always-cloud, CRC",0.3,0,2,Bearing1_7,premature,13230.0,1380.0,1.0,112.0,22580.0
"Always-cloud, CRC",0.3,0,2,Bearing2_3,premature,16700.0,1380.0,1.0,112.0,19540.0
"Always-cloud, CRC",0.3,0,2,Bearing2_7,late,,1380.0,1.0,112.0,2290.0
"Always-cloud, CRC",0.3,0,2,Bearing3_1,late,120.0,1380.0,1.0,112.0,5140.0
"Always-cloud, CRC",0.4,0,2,Bearing1_3,premature,6510.0,941.25,1.0,112.0,23740.0
"Always-cloud, CRC",0.4,0,2,Bearing1_7,premature,11920.0,941.25,1.0,112.0,22580.0
"Always-cloud, CRC",0.4,0,2,Bearing2_3,premature,16490.0,941.25,1.0,112.0,19540.0
"Always-cloud, CRC",0.4,0,2,Bearing2_7,late,,941.25,1.0,112.0,2290.0
"Always-cloud, CRC",0.4,0,2,Bearing3_1,late,,941.25,1.0,112.0,5140.0
"Always-edge, CRC",0.1,0,2,Bearing1_3,premature,23560.0,2010.0,0.0,0.0,23740.0
"Always-edge, CRC",0.1,0,2,Bearing1_7,premature,22510.0,2010.0,0.0,0.0,22580.0
"Always-edge, CRC",0.1,0,2,Bearing2_3,premature,19440.0,2010.0,0.0,0.0,19540.0
"Always-edge, CRC",0.1,0,2,Bearing2_7,timely,2270.0,2010.0,0.0,0.0,2290.0
"Always-edge, CRC",0.1,0,2,Bearing3_1,premature,5120.0,2010.0,0.0,0.0,5140.0
"Always-edge, CRC",0.15,0,2,Bearing1_3,premature,23560.0,2010.0,0.0,0.0,23740.0
"Always-edge, CRC",0.15,0,2,Bearing1_7,premature,22510.0,2010.0,0.0,0.0,22580.0
"Always-edge, CRC",0.15,0,2,Bearing2_3,premature,19440.0,2010.0,0.0,0.0,19540.0
"Always-edge, CRC",0.15,0,2,Bearing2_7,timely,2270.0,2010.0,0.0,0.0,2290.0
"Always-edge, CRC",0.15,0,2,Bearing3_1,premature,5120.0,2010.0,0.0,0.0,5140.0
"Always-edge, CRC",0.2,0,2,Bearing1_3,premature,6610.0,1593.75,0.0,0.0,23740.0
"Always-edge, CRC",0.2,0,2,Bearing1_7,premature,12030.0,1593.75,0.0,0.0,22580.0
"Always-edge, CRC",0.2,0,2,Bearing2_3,premature,16880.0,1593.75,0.0,0.0,19540.0
"Always-edge, CRC",0.2,0,2,Bearing2_7,timely,2270.0,1593.75,0.0,0.0,2290.0
"Always-edge, CRC",0.2,0,2,Bearing3_1,late,170.0,1593.75,0.0,0.0,5140.0
"Always-edge, CRC",0.25,0,2,Bearing1_3,premature,6610.0,1593.75,0.0,0.0,23740.0
"Always-edge, CRC",0.25,0,2,Bearing1_7,premature,12030.0,1593.75,0.0,0.0,22580.0
"Always-edge, CRC",0.25,0,2,Bearing2_3,premature,16880.0,1593.75,0.0,0.0,19540.0
"Always-edge, CRC",0.25,0,2,Bearing2_7,timely,2270.0,1593.75,0.0,0.0,2290.0
"Always-edge, CRC",0.25,0,2,Bearing3_1,late,170.0,1593.75,0.0,0.0,5140.0
"Always-edge, CRC",0.3,0,2,Bearing1_3,premature,6610.0,1593.75,0.0,0.0,23740.0
"Always-edge, CRC",0.3,0,2,Bearing1_7,premature,12030.0,1593.75,0.0,0.0,22580.0
"Always-edge, CRC",0.3,0,2,Bearing2_3,premature,16880.0,1593.75,0.0,0.0,19540.0
"Always-edge, CRC",0.3,0,2,Bearing2_7,timely,2270.0,1593.75,0.0,0.0,2290.0
"Always-edge, CRC",0.3,0,2,Bearing3_1,late,170.0,1593.75,0.0,0.0,5140.0
"Always-edge, CRC",0.4,0,2,Bearing1_3,premature,5590.0,401.25,0.0,0.0,23740.0
"Always-edge, CRC",0.4,0,2,Bearing1_7,late,230.0,401.25,0.0,0.0,22580.0
"Always-edge, CRC",0.4,0,2,Bearing2_3,premature,16830.0,401.25,0.0,0.0,19540.0
"Always-edge, CRC",0.4,0,2,Bearing2_7,late,,401.25,0.0,0.0,2290.0
"Always-edge, CRC",0.4,0,2,Bearing3_1,late,70.0,401.25,0.0,0.0,5140.0
"Cloud point, fixed thr. H_p",,0,2,Bearing1_3,premature,6520.0,0.0,1.0,112.0,23740.0
"Cloud point, fixed thr. H_p",,0,2,Bearing1_7,premature,12400.0,0.0,1.0,112.0,22580.0
"Cloud point, fixed thr. H_p",,0,2,Bearing2_3,premature,16660.0,0.0,1.0,112.0,19540.0
"Cloud point, fixed thr. H_p",,0,2,Bearing2_7,late,,0.0,1.0,112.0,2290.0
"Cloud point, fixed thr. H_p",,0,2,Bearing3_1,late,100.0,0.0,1.0,112.0,5140.0
"Cloud point, fixed thr. H_c",,0,2,Bearing1_3,premature,5890.0,0.0,1.0,112.0,23740.0
"Cloud point, fixed thr. H_c",,0,2,Bearing1_7,late,10.0,0.0,1.0,112.0,22580.0
"Cloud point, fixed thr. H_c",,0,2,Bearing2_3,late,,0.0,1.0,112.0,19540.0
"Cloud point, fixed thr. H_c",,0,2,Bearing2_7,late,,0.0,1.0,112.0,2290.0
"Cloud point, fixed thr. H_c",,0,2,Bearing3_1,late,,0.0,1.0,112.0,5140.0
Anomaly threshold,,0,2,Bearing1_3,premature,5900.0,0.0,0.0,0.0,23740.0
Anomaly threshold,,0,2,Bearing1_7,late,420.0,0.0,0.0,0.0,22580.0
Anomaly threshold,,0,2,Bearing2_3,premature,16860.0,0.0,0.0,0.0,19540.0
Anomaly threshold,,0,2,Bearing2_7,late,10.0,0.0,0.0,0.0,2290.0
Anomaly threshold,,0,2,Bearing3_1,late,190.0,0.0,0.0,0.0,5140.0
"HERA-v3 (onset-gated, CRC)",0.1,0,3,Bearing1_4,premature,14230.0,2370.0,0.9985994397759104,124.0,14270.0
"HERA-v3 (onset-gated, CRC)",0.1,0,3,Bearing2_4,premature,7100.0,2370.0,0.9973368841544608,124.0,7500.0
"HERA-v3 (onset-gated, CRC)",0.1,0,3,Bearing3_2,premature,16320.0,2370.0,0.9987782529016493,124.0,16360.0
"HERA-v3 (onset-gated, CRC)",0.15,0,3,Bearing1_4,premature,8300.0,1515.0,0.9985994397759104,124.0,14270.0
"HERA-v3 (onset-gated, CRC)",0.15,0,3,Bearing2_4,premature,3810.0,1515.0,0.9973368841544608,124.0,7500.0
"HERA-v3 (onset-gated, CRC)",0.15,0,3,Bearing3_2,premature,14980.0,1515.0,0.9987782529016493,124.0,16360.0
"HERA-v3 (onset-gated, CRC)",0.2,0,3,Bearing1_4,premature,3430.0,1188.75,0.9985994397759104,124.0,14270.0
"HERA-v3 (onset-gated, CRC)",0.2,0,3,Bearing2_4,premature,3740.0,1188.75,0.9973368841544608,124.0,7500.0
"HERA-v3 (onset-gated, CRC)",0.2,0,3,Bearing3_2,premature,14860.0,1188.75,0.9987782529016493,124.0,16360.0
"HERA-v3 (onset-gated, CRC)",0.25,0,3,Bearing1_4,premature,3430.0,1188.75,0.9985994397759104,124.0,14270.0
"HERA-v3 (onset-gated, CRC)",0.25,0,3,Bearing2_4,premature,3740.0,1188.75,0.9973368841544608,124.0,7500.0
"HERA-v3 (onset-gated, CRC)",0.25,0,3,Bearing3_2,premature,14860.0,1188.75,0.9987782529016493,124.0,16360.0
"HERA-v3 (onset-gated, CRC)",0.3,0,3,Bearing1_4,premature,3420.0,1008.75,0.9985994397759104,124.0,14270.0
"HERA-v3 (onset-gated, CRC)",0.3,0,3,Bearing2_4,premature,3720.0,1008.75,0.9973368841544608,124.0,7500.0
"HERA-v3 (onset-gated, CRC)",0.3,0,3,Bearing3_2,premature,14550.0,1008.75,0.9987782529016493,124.0,16360.0
"HERA-v3 (onset-gated, CRC)",0.4,0,3,Bearing1_4,premature,3400.0,693.75,0.9985994397759104,124.0,14270.0
"HERA-v3 (onset-gated, CRC)",0.4,0,3,Bearing2_4,premature,3590.0,693.75,0.9973368841544608,124.0,7500.0
"HERA-v3 (onset-gated, CRC)",0.4,0,3,Bearing3_2,timely,1780.0,693.75,0.9187538179596824,119.21075137446549,16360.0
"HERA-v3b (onset gate + burn-in, CRC)",0.1,0,3,Bearing1_4,premature,3400.0,3000.0,0.24019607843137256,43.84313725490196,14270.0
"HERA-v3b (onset gate + burn-in, CRC)",0.1,0,3,Bearing2_4,premature,3790.0,3000.0,0.5086551264980027,78.36484687083887,7500.0
"HERA-v3b (onset gate + burn-in, CRC)",0.1,0,3,Bearing3_2,timely,1900.0,3000.0,0.1178985949908369,29.514966401954794,16360.0
"HERA-v3b (onset gate + burn-in, CRC)",0.15,0,3,Bearing1_4,premature,3400.0,3000.0,0.24019607843137256,43.84313725490196,14270.0
"HERA-v3b (onset gate + burn-in, CRC)",0.15,0,3,Bearing2_4,premature,3790.0,3000.0,0.5086551264980027,78.36484687083887,7500.0
"HERA-v3b (onset gate + burn-in, CRC)",0.15,0,3,Bearing3_2,timely,1900.0,3000.0,0.1178985949908369,29.514966401954794,16360.0
"HERA-v3b (onset gate + burn-in, CRC)",0.2,0,3,Bearing1_4,premature,3400.0,3000.0,0.24019607843137256,43.84313725490196,14270.0
"HERA-v3b (onset gate + burn-in, CRC)",0.2,0,3,Bearing2_4,premature,3790.0,3000.0,0.5086551264980027,78.36484687083887,7500.0
"HERA-v3b (onset gate + burn-in, CRC)",0.2,0,3,Bearing3_2,timely,1900.0,3000.0,0.1178985949908369,29.514966401954794,16360.0
"HERA-v3b (onset gate + burn-in, CRC)",0.25,0,3,Bearing1_4,premature,3400.0,3000.0,0.24019607843137256,43.84313725490196,14270.0
"HERA-v3b (onset gate + burn-in, CRC)",0.25,0,3,Bearing2_4,premature,3790.0,3000.0,0.5086551264980027,78.36484687083887,7500.0
"HERA-v3b (onset gate + burn-in, CRC)",0.25,0,3,Bearing3_2,timely,1900.0,3000.0,0.1178985949908369,29.514966401954794,16360.0
"HERA-v3b (onset gate + burn-in, CRC)",0.3,0,3,Bearing1_4,premature,3400.0,3000.0,0.24019607843137256,43.84313725490196,14270.0
"HERA-v3b (onset gate + burn-in, CRC)",0.3,0,3,Bearing2_4,premature,3790.0,3000.0,0.5086551264980027,78.36484687083887,7500.0
"HERA-v3b (onset gate + burn-in, CRC)",0.3,0,3,Bearing3_2,timely,1900.0,3000.0,0.1178985949908369,29.514966401954794,16360.0
"HERA-v3b (onset gate + burn-in, CRC)",0.4,0,3,Bearing1_4,premature,3400.0,3000.0,0.24019607843137256,43.84313725490196,14270.0
"HERA-v3b (onset gate + burn-in, CRC)",0.4,0,3,Bearing2_4,premature,3790.0,3000.0,0.5086551264980027,78.36484687083887,7500.0
"HERA-v3b (onset gate + burn-in, CRC)",0.4,0,3,Bearing3_2,timely,1900.0,3000.0,0.1178985949908369,29.514966401954794,16360.0
"Always-cloud, CRC + burn-in",0.1,0,3,Bearing1_4,premature,13750.0,2403.75,1.0,112.0,14270.0
"Always-cloud, CRC + burn-in",0.1,0,3,Bearing2_4,premature,6980.0,2403.75,1.0,112.0,7500.0
"Always-cloud, CRC + burn-in",0.1,0,3,Bearing3_2,premature,15840.0,2403.75,1.0,112.0,16360.0
"Always-cloud, CRC + burn-in",0.15,0,3,Bearing1_4,premature,8300.0,1515.0,1.0,112.0,14270.0
"Always-cloud, CRC + burn-in",0.15,0,3,Bearing2_4,premature,3810.0,1515.0,1.0,112.0,7500.0
"Always-cloud, CRC + burn-in",0.15,0,3,Bearing3_2,premature,14980.0,1515.0,1.0,112.0,16360.0
"Always-cloud, CRC + burn-in",0.2,0,3,Bearing1_4,premature,3430.0,1188.75,1.0,112.0,14270.0
"Always-cloud, CRC + burn-in",0.2,0,3,Bearing2_4,premature,3740.0,1188.75,1.0,112.0,7500.0
"Always-cloud, CRC + burn-in",0.2,0,3,Bearing3_2,premature,14860.0,1188.75,1.0,112.0,16360.0
"Always-cloud, CRC + burn-in",0.25,0,3,Bearing1_4,premature,3430.0,1188.75,1.0,112.0,14270.0
"Always-cloud, CRC + burn-in",0.25,0,3,Bearing2_4,premature,3740.0,1188.75,1.0,112.0,7500.0
"Always-cloud, CRC + burn-in",0.25,0,3,Bearing3_2,premature,14860.0,1188.75,1.0,112.0,16360.0
"Always-cloud, CRC + burn-in",0.3,0,3,Bearing1_4,premature,3400.0,693.75,1.0,112.0,14270.0
"Always-cloud, CRC + burn-in",0.3,0,3,Bearing2_4,premature,3590.0,693.75,1.0,112.0,7500.0
"Always-cloud, CRC + burn-in",0.3,0,3,Bearing3_2,timely,1780.0,693.75,1.0,112.0,16360.0
"Always-cloud, CRC + burn-in",0.4,0,3,Bearing1_4,premature,3390.0,547.5,1.0,112.0,14270.0
"Always-cloud, CRC + burn-in",0.4,0,3,Bearing2_4,premature,3570.0,547.5,1.0,112.0,7500.0
"Always-cloud, CRC + burn-in",0.4,0,3,Bearing3_2,timely,1760.0,547.5,1.0,112.0,16360.0
"Always-cloud, CRC",0.1,0,3,Bearing1_4,premature,14250.0,2370.0,1.0,112.0,14270.0
"Always-cloud, CRC",0.1,0,3,Bearing2_4,premature,7100.0,2370.0,1.0,112.0,7500.0
"Always-cloud, CRC",0.1,0,3,Bearing3_2,premature,16340.0,2370.0,1.0,112.0,16360.0
"Always-cloud, CRC",0.15,0,3,Bearing1_4,premature,8300.0,1515.0,1.0,112.0,14270.0
"Always-cloud, CRC",0.15,0,3,Bearing2_4,premature,3810.0,1515.0,1.0,112.0,7500.0
"Always-cloud, CRC",0.15,0,3,Bearing3_2,premature,14980.0,1515.0,1.0,112.0,16360.0
"Always-cloud, CRC",0.2,0,3,Bearing1_4,premature,3430.0,1188.75,1.0,112.0,14270.0
"Always-cloud, CRC",0.2,0,3,Bearing2_4,premature,3740.0,1188.75,1.0,112.0,7500.0
"Always-cloud, CRC",0.2,0,3,Bearing3_2,premature,14860.0,1188.75,1.0,112.0,16360.0
"Always-cloud, CRC",0.25,0,3,Bearing1_4,premature,3430.0,1188.75,1.0,112.0,14270.0
"Always-cloud, CRC",0.25,0,3,Bearing2_4,premature,3740.0,1188.75,1.0,112.0,7500.0
"Always-cloud, CRC",0.25,0,3,Bearing3_2,premature,14860.0,1188.75,1.0,112.0,16360.0
"Always-cloud, CRC",0.3,0,3,Bearing1_4,premature,3400.0,693.75,1.0,112.0,14270.0
"Always-cloud, CRC",0.3,0,3,Bearing2_4,premature,3590.0,693.75,1.0,112.0,7500.0
"Always-cloud, CRC",0.3,0,3,Bearing3_2,timely,1780.0,693.75,1.0,112.0,16360.0
"Always-cloud, CRC",0.4,0,3,Bearing1_4,premature,3390.0,547.5,1.0,112.0,14270.0
"Always-cloud, CRC",0.4,0,3,Bearing2_4,premature,3570.0,547.5,1.0,112.0,7500.0
"Always-cloud, CRC",0.4,0,3,Bearing3_2,timely,1760.0,547.5,1.0,112.0,16360.0
"Always-edge, CRC",0.1,0,3,Bearing1_4,premature,14250.0,2201.25,0.0,0.0,14270.0
"Always-edge, CRC",0.1,0,3,Bearing2_4,premature,7480.0,2201.25,0.0,0.0,7500.0
"Always-edge, CRC",0.1,0,3,Bearing3_2,premature,16340.0,2201.25,0.0,0.0,16360.0
"Always-edge, CRC",0.15,0,3,Bearing1_4,premature,14250.0,1706.25,0.0,0.0,14270.0
"Always-edge, CRC",0.15,0,3,Bearing2_4,premature,4060.0,1706.25,0.0,0.0,7500.0
"Always-edge, CRC",0.15,0,3,Bearing3_2,timely,2000.0,1706.25,0.0,0.0,16360.0
"Always-edge, CRC",0.2,0,3,Bearing1_4,premature,14250.0,1605.0,0.0,0.0,14270.0
"Always-edge, CRC",0.2,0,3,Bearing2_4,premature,4050.0,1605.0,0.0,0.0,7500.0
"Always-edge, CRC",0.2,0,3,Bearing3_2,timely,1990.0,1605.0,0.0,0.0,16360.0
"Always-edge, CRC",0.25,0,3,Bearing1_4,premature,14250.0,1605.0,0.0,0.0,14270.0
"Always-edge, CRC",0.25,0,3,Bearing2_4,premature,4050.0,1605.0,0.0,0.0,7500.0
"Always-edge, CRC",0.25,0,3,Bearing3_2,timely,1990.0,1605.0,0.0,0.0,16360.0
"Always-edge, CRC",0.3,0,3,Bearing1_4,premature,13380.0,1571.25,0.0,0.0,14270.0
"Always-edge, CRC",0.3,0,3,Bearing2_4,premature,4050.0,1571.25,0.0,0.0,7500.0
"Always-edge, CRC",0.3,0,3,Bearing3_2,timely,1990.0,1571.25,0.0,0.0,16360.0
"Always-edge, CRC",0.4,0,3,Bearing1_4,premature,3340.0,-71.25,0.0,0.0,14270.0
"Always-edge, CRC",0.4,0,3,Bearing2_4,late,,-71.25,0.0,0.0,7500.0
"Always-edge, CRC",0.4,0,3,Bearing3_2,late,250.0,-71.25,0.0,0.0,16360.0
"Cloud point, fixed thr. H_p",,0,3,Bearing1_4,premature,3430.0,0.0,1.0,112.0,14270.0
"Cloud point, fixed thr. H_p",,0,3,Bearing2_4,premature,3740.0,0.0,1.0,112.0,7500.0
"Cloud point, fixed thr. H_p",,0,3,Bearing3_2,premature,14860.0,0.0,1.0,112.0,16360.0
"Cloud point, fixed thr. H_c",,0,3,Bearing1_4,premature,3350.0,0.0,1.0,112.0,14270.0
"Cloud point, fixed thr. H_c",,0,3,Bearing2_4,late,40.0,0.0,1.0,112.0,7500.0
"Cloud point, fixed thr. H_c",,0,3,Bearing3_2,timely,1600.0,0.0,1.0,112.0,16360.0
Anomaly threshold,,0,3,Bearing1_4,premature,3370.0,0.0,0.0,0.0,14270.0
Anomaly threshold,,0,3,Bearing2_4,late,0.0,0.0,0.0,0.0,7500.0
Anomaly threshold,,0,3,Bearing3_2,late,,0.0,0.0,0.0,16360.0
"HERA-v3 (onset-gated, CRC)",0.1,1,0,Bearing1_1,premature,27980.0,2347.5,0.9992864787727435,124.0,28020.0
"HERA-v3 (onset-gated, CRC)",0.1,1,0,Bearing1_5,premature,24580.0,2347.5,0.999187982135607,124.0,24620.0
"HERA-v3 (onset-gated, CRC)",0.1,1,0,Bearing2_1,premature,8420.0,2347.5,0.9978046103183315,124.0,9100.0
"HERA-v3 (onset-gated, CRC)",0.1,1,0,Bearing2_5,premature,23060.0,2347.5,0.9991345737775854,124.0,23100.0
"HERA-v3 (onset-gated, CRC)",0.1,1,0,Bearing3_3,premature,4060.0,2347.5,0.9953917050691244,124.0,4330.0
"HERA-v3 (onset-gated, CRC)",0.15,1,0,Bearing1_1,premature,27980.0,2347.5,0.9992864787727435,124.0,28020.0
"HERA-v3 (onset-gated, CRC)",0.15,1,0,Bearing1_5,premature,24580.0,2347.5,0.999187982135607,124.0,24620.0
"HERA-v3 (onset-gated, CRC)",0.15,1,0,Bearing2_1,premature,8420.0,2347.5,0.9978046103183315,124.0,9100.0
"HERA-v3 (onset-gated, CRC)",0.15,1,0,Bearing2_5,premature,23060.0,2347.5,0.9991345737775854,124.0,23100.0
"HERA-v3 (onset-gated, CRC)",0.15,1,0,Bearing3_3,premature,4060.0,2347.5,0.9953917050691244,124.0,4330.0
"HERA-v3 (onset-gated, CRC)",0.2,1,0,Bearing1_1,premature,27980.0,1357.5,0.9992864787727435,124.0,28020.0
"HERA-v3 (onset-gated, CRC)",0.2,1,0,Bearing1_5,premature,10520.0,1357.5,0.999187982135607,124.0,24620.0
"HERA-v3 (onset-gated, CRC)",0.2,1,0,Bearing2_1,premature,8150.0,1357.5,0.9978046103183315,124.0,9100.0
"HERA-v3 (onset-gated, CRC)",0.2,1,0,Bearing2_5,late,,1357.5,0.9991345737775854,124.0,23100.0
"HERA-v3 (onset-gated, CRC)",0.2,1,0,Bearing3_3,late,,1357.5,0.9953917050691244,124.0,4330.0
"HERA-v3 (onset-gated, CRC)",0.25,1,0,Bearing1_1,premature,27980.0,1346.25,0.9992864787727435,124.0,28020.0
"HERA-v3 (onset-gated, CRC)",0.25,1,0,Bearing1_5,premature,10510.0,1346.25,0.999187982135607,124.0,24620.0
"HERA-v3 (onset-gated, CRC)",0.25,1,0,Bearing2_1,premature,8140.0,1346.25,0.9978046103183315,124.0,9100.0
"HERA-v3 (onset-gated, CRC)",0.25,1,0,Bearing2_5,late,,1346.25,0.9991345737775854,124.0,23100.0
"HERA-v3 (onset-gated, CRC)",0.25,1,0,Bearing3_3,late,,1346.25,0.9953917050691244,124.0,4330.0
"HERA-v3 (onset-gated, CRC)",0.3,1,0,Bearing1_1,premature,27980.0,1346.25,0.9992864787727435,124.0,28020.0
"HERA-v3 (onset-gated, CRC)",0.3,1,0,Bearing1_5,premature,10510.0,1346.25,0.999187982135607,124.0,24620.0
"HERA-v3 (onset-gated, CRC)",0.3,1,0,Bearing2_1,premature,8140.0,1346.25,0.9978046103183315,124.0,9100.0
"HERA-v3 (onset-gated, CRC)",0.3,1,0,Bearing2_5,late,,1346.25,0.9991345737775854,124.0,23100.0
"HERA-v3 (onset-gated, CRC)",0.3,1,0,Bearing3_3,late,,1346.25,0.9953917050691244,124.0,4330.0
"HERA-v3 (onset-gated, CRC)",0.4,1,0,Bearing1_1,late,100.0,603.75,0.9992864787727435,124.0,28020.0
"HERA-v3 (onset-gated, CRC)",0.4,1,0,Bearing1_5,late,120.0,603.75,0.999187982135607,124.0,24620.0
"HERA-v3 (onset-gated, CRC)",0.4,1,0,Bearing2_1,late,,603.75,0.7936333699231614,108.63227222832053,9100.0
"HERA-v3 (onset-gated, CRC)",0.4,1,0,Bearing2_5,late,,603.75,0.9606231068801385,122.643011683254,23100.0
"HERA-v3 (onset-gated, CRC)",0.4,1,0,Bearing3_3,late,,603.75,0.06221198156682028,35.225806451612904,4330.0
"HERA-v3b (onset gate + burn-in, CRC)",0.1,1,0,Bearing1_1,premature,14810.0,3000.0,0.529432750624331,73.81377095968605,28020.0
"HERA-v3b (onset gate + burn-in, CRC)",0.1,1,0,Bearing1_5,late,150.0,3000.0,0.007308160779537149,15.683313032886723,24620.0
"HERA-v3b (onset gate + burn-in, CRC)",0.1,1,0,Bearing2_1,late,110.0,3000.0,0.015367727771679473,21.466520307354557,9100.0
"HERA-v3b (onset gate + burn-in, CRC)",0.1,1,0,Bearing2_5,late,320.0,3000.0,0.015144958892254435,16.749459108610992,23100.0
"HERA-v3b (onset gate + burn-in, CRC)",0.1,1,0,Bearing3_3,late,50.0,3000.0,0.018433179723502304,30.322580645161292,4330.0
"HERA-v3b (onset gate + burn-in, CRC)",0.15,1,0,Bearing1_1,premature,14810.0,3000.0,0.529432750624331,73.81377095968605,28020.0
"HERA-v3b (onset gate + burn-in, CRC)",0.15,1,0,Bearing1_5,late,150.0,3000.0,0.007308160779537149,15.683313032886723,24620.0
"HERA-v3b (onset gate + burn-in, CRC)",0.15,1,0,Bearing2_1,late,110.0,3000.0,0.015367727771679473,21.466520307354557,9100.0
"HERA-v3b (onset gate + burn-in, CRC)",0.15,1,0,Bearing2_5,late,320.0,3000.0,0.015144958892254435,16.749459108610992,23100.0
"HERA-v3b (onset gate + burn-in, CRC)",0.15,1,0,Bearing3_3,late,50.0,3000.0,0.018433179723502304,30.322580645161292,4330.0
"HERA-v3b (onset gate + burn-in, CRC)",0.2,1,0,Bearing1_1,premature,14810.0,3000.0,0.529432750624331,73.81377095968605,28020.0
"HERA-v3b (onset gate + burn-in, CRC)",0.2,1,0,Bearing1_5,late,150.0,3000.0,0.007308160779537149,15.683313032886723,24620.0
"HERA-v3b (onset gate + burn-in, CRC)",0.2,1,0,Bearing2_1,late,110.0,3000.0,0.015367727771679473,21.466520307354557,9100.0
"HERA-v3b (onset gate + burn-in, CRC)",0.2,1,0,Bearing2_5,late,320.0,3000.0,0.015144958892254435,16.749459108610992,23100.0
"HERA-v3b (onset gate + burn-in, CRC)",0.2,1,0,Bearing3_3,late,50.0,3000.0,0.018433179723502304,30.322580645161292,4330.0
"HERA-v3b (onset gate + burn-in, CRC)",0.25,1,0,Bearing1_1,premature,14810.0,3000.0,0.529432750624331,73.81377095968605,28020.0
"HERA-v3b (onset gate + burn-in, CRC)",0.25,1,0,Bearing1_5,late,150.0,3000.0,0.007308160779537149,15.683313032886723,24620.0
"HERA-v3b (onset gate + burn-in, CRC)",0.25,1,0,Bearing2_1,late,110.0,3000.0,0.015367727771679473,21.466520307354557,9100.0
"HERA-v3b (onset gate + burn-in, CRC)",0.25,1,0,Bearing2_5,late,320.0,3000.0,0.015144958892254435,16.749459108610992,23100.0
"HERA-v3b (onset gate + burn-in, CRC)",0.25,1,0,Bearing3_3,late,50.0,3000.0,0.018433179723502304,30.322580645161292,4330.0
"HERA-v3b (onset gate + burn-in, CRC)",0.3,1,0,Bearing1_1,premature,14810.0,3000.0,0.529432750624331,73.81377095968605,28020.0
"HERA-v3b (onset gate + burn-in, CRC)",0.3,1,0,Bearing1_5,late,150.0,3000.0,0.007308160779537149,15.683313032886723,24620.0
"HERA-v3b (onset gate + burn-in, CRC)",0.3,1,0,Bearing2_1,late,110.0,3000.0,0.015367727771679473,21.466520307354557,9100.0
"HERA-v3b (onset gate + burn-in, CRC)",0.3,1,0,Bearing2_5,late,320.0,3000.0,0.015144958892254435,16.749459108610992,23100.0
"HERA-v3b (onset gate + burn-in, CRC)",0.3,1,0,Bearing3_3,late,50.0,3000.0,0.018433179723502304,30.322580645161292,4330.0
"HERA-v3b (onset gate + burn-in, CRC)",0.4,1,0,Bearing1_1,premature,14810.0,3000.0,0.529432750624331,73.81377095968605,28020.0
"HERA-v3b (onset gate + burn-in, CRC)",0.4,1,0,Bearing1_5,late,150.0,3000.0,0.007308160779537149,15.683313032886723,24620.0
"HERA-v3b (onset gate + burn-in, CRC)",0.4,1,0,Bearing2_1,late,110.0,3000.0,0.015367727771679473,21.466520307354557,9100.0
"HERA-v3b (onset gate + burn-in, CRC)",0.4,1,0,Bearing2_5,late,320.0,3000.0,0.015144958892254435,16.749459108610992,23100.0
"HERA-v3b (onset gate + burn-in, CRC)",0.4,1,0,Bearing3_3,late,50.0,3000.0,0.018433179723502304,30.322580645161292,4330.0
"Always-cloud, CRC + burn-in",0.1,1,0,Bearing1_1,premature,25210.0,2358.75,1.0,112.0,28020.0
"Always-cloud, CRC + burn-in",0.1,1,0,Bearing1_5,premature,20470.0,2358.75,1.0,112.0,24620.0
"Always-cloud, CRC + burn-in",0.1,1,0,Bearing2_1,premature,8430.0,2358.75,1.0,112.0,9100.0
"Always-cloud, CRC + burn-in",0.1,1,0,Bearing2_5,premature,22460.0,2358.75,1.0,112.0,23100.0
"Always-cloud, CRC + burn-in",0.1,1,0,Bearing3_3,timely,2090.0,2358.75,1.0,112.0,4330.0
"Always-cloud, CRC + burn-in",0.15,1,0,Bearing1_1,premature,25210.0,2358.75,1.0,112.0,28020.0
"Always-cloud, CRC + burn-in",0.15,1,0,Bearing1_5,premature,20470.0,2358.75,1.0,112.0,24620.0
"Always-cloud, CRC + burn-in",0.15,1,0,Bearing2_1,premature,8430.0,2358.75,1.0,112.0,9100.0
"Always-cloud, CRC + burn-in",0.15,1,0,Bearing2_5,premature,22460.0,2358.75,1.0,112.0,23100.0
"Always-cloud, CRC + burn-in",0.15,1,0,Bearing3_3,timely,2090.0,2358.75,1.0,112.0,4330.0
"Always-cloud, CRC + burn-in",0.2,1,0,Bearing1_1,premature,13750.0,2122.5,1.0,112.0,28020.0
"Always-cloud, CRC + burn-in",0.2,1,0,Bearing1_5,premature,19420.0,2122.5,1.0,112.0,24620.0
"Always-cloud, CRC + burn-in",0.2,1,0,Bearing2_1,premature,8350.0,2122.5,1.0,112.0,9100.0
"Always-cloud, CRC + burn-in",0.2,1,0,Bearing2_5,premature,18940.0,2122.5,1.0,112.0,23100.0
"Always-cloud, CRC + burn-in",0.2,1,0,Bearing3_3,timely,1670.0,2122.5,1.0,112.0,4330.0
"Always-cloud, CRC + burn-in",0.25,1,0,Bearing1_1,premature,12820.0,1458.75,1.0,112.0,28020.0
"Always-cloud, CRC + burn-in",0.25,1,0,Bearing1_5,premature,10570.0,1458.75,1.0,112.0,24620.0
"Always-cloud, CRC + burn-in",0.25,1,0,Bearing2_1,premature,8170.0,1458.75,1.0,112.0,9100.0
"Always-cloud, CRC + burn-in",0.25,1,0,Bearing2_5,premature,10230.0,1458.75,1.0,112.0,23100.0
"Always-cloud, CRC + burn-in",0.25,1,0,Bearing3_3,late,,1458.75,1.0,112.0,4330.0
"Always-cloud, CRC + burn-in",0.3,1,0,Bearing1_1,premature,12820.0,1458.75,1.0,112.0,28020.0
"Always-cloud, CRC + burn-in",0.3,1,0,Bearing1_5,premature,10570.0,1458.75,1.0,112.0,24620.0
"Always-cloud, CRC + burn-in",0.3,1,0,Bearing2_1,premature,8170.0,1458.75,1.0,112.0,9100.0
"Always-cloud, CRC + burn-in",0.3,1,0,Bearing2_5,premature,10230.0,1458.75,1.0,112.0,23100.0
"Always-cloud, CRC + burn-in",0.3,1,0,Bearing3_3,late,,1458.75,1.0,112.0,4330.0
"Always-cloud, CRC + burn-in",0.4,1,0,Bearing1_1,late,100.0,603.75,1.0,112.0,28020.0
"Always-cloud, CRC + burn-in",0.4,1,0,Bearing1_5,late,120.0,603.75,1.0,112.0,24620.0
"Always-cloud, CRC + burn-in",0.4,1,0,Bearing2_1,late,,603.75,1.0,112.0,9100.0
"Always-cloud, CRC + burn-in",0.4,1,0,Bearing2_5,late,,603.75,1.0,112.0,23100.0
"Always-cloud, CRC + burn-in",0.4,1,0,Bearing3_3,late,,603.75,1.0,112.0,4330.0
"Always-cloud, CRC",0.1,1,0,Bearing1_1,premature,28000.0,2347.5,1.0,112.0,28020.0
"Always-cloud, CRC",0.1,1,0,Bearing1_5,premature,24600.0,2347.5,1.0,112.0,24620.0
"Always-cloud, CRC",0.1,1,0,Bearing2_1,premature,8420.0,2347.5,1.0,112.0,9100.0
"Always-cloud, CRC",0.1,1,0,Bearing2_5,premature,23080.0,2347.5,1.0,112.0,23100.0
"Always-cloud, CRC",0.1,1,0,Bearing3_3,premature,4060.0,2347.5,1.0,112.0,4330.0
"Always-cloud, CRC",0.15,1,0,Bearing1_1,premature,28000.0,2347.5,1.0,112.0,28020.0
"Always-cloud, CRC",0.15,1,0,Bearing1_5,premature,24600.0,2347.5,1.0,112.0,24620.0
"Always-cloud, CRC",0.15,1,0,Bearing2_1,premature,8420.0,2347.5,1.0,112.0,9100.0
"Always-cloud, CRC",0.15,1,0,Bearing2_5,premature,23080.0,2347.5,1.0,112.0,23100.0
"Always-cloud, CRC",0.15,1,0,Bearing3_3,premature,4060.0,2347.5,1.0,112.0,4330.0
"Always-cloud, CRC",0.2,1,0,Bearing1_1,premature,28000.0,1346.25,1.0,112.0,28020.0
"Always-cloud, CRC",0.2,1,0,Bearing1_5,premature,10510.0,1346.25,1.0,112.0,24620.0
"Always-cloud, CRC",0.2,1,0,Bearing2_1,premature,8140.0,1346.25,1.0,112.0,9100.0
"Always-cloud, CRC",0.2,1,0,Bearing2_5,late,,1346.25,1.0,112.0,23100.0
"Always-cloud, CRC",0.2,1,0,Bearing3_3,late,,1346.25,1.0,112.0,4330.0
"Always-cloud, CRC",0.25,1,0,Bearing1_1,premature,28000.0,1312.5,1.0,112.0,28020.0
"Always-cloud, CRC",0.25,1,0,Bearing1_5,premature,7360.0,1312.5,1.0,112.0,24620.0
"Always-cloud, CRC",0.25,1,0,Bearing2_1,premature,8130.0,1312.5,1.0,112.0,9100.0
"Always-cloud, CRC",0.25,1,0,Bearing2_5,late,,1312.5,1.0,112.0,23100.0
"Always-cloud, CRC",0.25,1,0,Bearing3_3,late,,1312.5,1.0,112.0,4330.0
"Always-cloud, CRC",0.3,1,0,Bearing1_1,premature,28000.0,1312.5,1.0,112.0,28020.0
"Always-cloud, CRC",0.3,1,0,Bearing1_5,premature,7360.0,1312.5,1.0,112.0,24620.0
"Always-cloud, CRC",0.3,1,0,Bearing2_1,premature,8130.0,1312.5,1.0,112.0,9100.0
"Always-cloud, CRC",0.3,1,0,Bearing2_5,late,,1312.5,1.0,112.0,23100.0
"Always-cloud, CRC",0.3,1,0,Bearing3_3,late,,1312.5,1.0,112.0,4330.0
"Always-cloud, CRC",0.4,1,0,Bearing1_1,late,100.0,603.75,1.0,112.0,28020.0
"Always-cloud, CRC",0.4,1,0,Bearing1_5,late,120.0,603.75,1.0,112.0,24620.0
"Always-cloud, CRC",0.4,1,0,Bearing2_1,late,,603.75,1.0,112.0,9100.0
"Always-cloud, CRC",0.4,1,0,Bearing2_5,late,,603.75,1.0,112.0,23100.0
"Always-cloud, CRC",0.4,1,0,Bearing3_3,late,,603.75,1.0,112.0,4330.0
"Always-edge, CRC",0.1,1,0,Bearing1_1,premature,28000.0,2032.5,0.0,0.0,28020.0
"Always-edge, CRC",0.1,1,0,Bearing1_5,premature,24600.0,2032.5,0.0,0.0,24620.0
"Always-edge, CRC",0.1,1,0,Bearing2_1,premature,8080.0,2032.5,0.0,0.0,9100.0
"Always-edge, CRC",0.1,1,0,Bearing2_5,premature,22220.0,2032.5,0.0,0.0,23100.0
"Always-edge, CRC",0.1,1,0,Bearing3_3,timely,2010.0,2032.5,0.0,0.0,4330.0
"Always-edge, CRC",0.15,1,0,Bearing1_1,premature,28000.0,2032.5,0.0,0.0,28020.0
"Always-edge, CRC",0.15,1,0,Bearing1_5,premature,24600.0,2032.5,0.0,0.0,24620.0
"Always-edge, CRC",0.15,1,0,Bearing2_1,premature,8080.0,2032.5,0.0,0.0,9100.0
"Always-edge, CRC",0.15,1,0,Bearing2_5,premature,22220.0,2032.5,0.0,0.0,23100.0
"Always-edge, CRC",0.15,1,0,Bearing3_3,timely,2010.0,2032.5,0.0,0.0,4330.0
"Always-edge, CRC",0.2,1,0,Bearing1_1,premature,28000.0,1672.5,0.0,0.0,28020.0
"Always-edge, CRC",0.2,1,0,Bearing1_5,premature,24600.0,1672.5,0.0,0.0,24620.0
"Always-edge, CRC",0.2,1,0,Bearing2_1,late,250.0,1672.5,0.0,0.0,9100.0
"Always-edge, CRC",0.2,1,0,Bearing2_5,late,,1672.5,0.0,0.0,23100.0
"Always-edge, CRC",0.2,1,0,Bearing3_3,late,80.0,1672.5,0.0,0.0,4330.0
"Always-edge, CRC",0.25,1,0,Bearing1_1,premature,28000.0,1627.5,0.0,0.0,28020.0
"Always-edge, CRC",0.25,1,0,Bearing1_5,premature,24600.0,1627.5,0.0,0.0,24620.0
"Always-edge, CRC",0.25,1,0,Bearing2_1,late,250.0,1627.5,0.0,0.0,9100.0
"Always-edge, CRC",0.25,1,0,Bearing2_5,late,,1627.5,0.0,0.0,23100.0
"Always-edge, CRC",0.25,1,0,Bearing3_3,late,80.0,1627.5,0.0,0.0,4330.0
"Always-edge, CRC",0.3,1,0,Bearing1_1,premature,28000.0,1627.5,0.0,0.0,28020.0
"Always-edge, CRC",0.3,1,0,Bearing1_5,premature,24600.0,1627.5,0.0,0.0,24620.0
"Always-edge, CRC",0.3,1,0,Bearing2_1,late,250.0,1627.5,0.0,0.0,9100.0
"Always-edge, CRC",0.3,1,0,Bearing2_5,late,,1627.5,0.0,0.0,23100.0
"Always-edge, CRC",0.3,1,0,Bearing3_3,late,80.0,1627.5,0.0,0.0,4330.0
"Always-edge, CRC",0.4,1,0,Bearing1_1,premature,28000.0,1132.5,0.0,0.0,28020.0
"Always-edge, CRC",0.4,1,0,Bearing1_5,late,170.0,1132.5,0.0,0.0,24620.0
"Always-edge, CRC",0.4,1,0,Bearing2_1,late,120.0,1132.5,0.0,0.0,9100.0
"Always-edge, CRC",0.4,1,0,Bearing2_5,late,,1132.5,0.0,0.0,23100.0
"Always-edge, CRC",0.4,1,0,Bearing3_3,late,70.0,1132.5,0.0,0.0,4330.0
"Cloud point, fixed thr. H_p",,1,0,Bearing1_1,late,320.0,0.0,1.0,112.0,28020.0
"Cloud point, fixed thr. H_p",,1,0,Bearing1_5,late,460.0,0.0,1.0,112.0,24620.0
"Cloud point, fixed thr. H_p",,1,0,Bearing2_1,premature,8100.0,0.0,1.0,112.0,9100.0
"Cloud point, fixed thr. H_p",,1,0,Bearing2_5,late,,0.0,1.0,112.0,23100.0
"Cloud point, fixed thr. H_p",,1,0,Bearing3_3,late,,0.0,1.0,112.0,4330.0
"Cloud point, fixed thr. H_c",,1,0,Bearing1_1,late,,0.0,1.0,112.0,28020.0
"Cloud point, fixed thr. H_c",,1,0,Bearing1_5,late,,0.0,1.0,112.0,24620.0
"Cloud point, fixed thr. H_c",,1,0,Bearing2_1,late,,0.0,1.0,112.0,9100.0
"Cloud point, fixed thr. H_c",,1,0,Bearing2_5,late,,0.0,1.0,112.0,23100.0
"Cloud point, fixed thr. H_c",,1,0,Bearing3_3,late,,0.0,1.0,112.0,4330.0
Anomaly threshold,,1,0,Bearing1_1,premature,14830.0,0.0,0.0,0.0,28020.0
Anomaly threshold,,1,0,Bearing1_5,late,,0.0,0.0,0.0,24620.0
Anomaly threshold,,1,0,Bearing2_1,late,,0.0,0.0,0.0,9100.0
Anomaly threshold,,1,0,Bearing2_5,late,340.0,0.0,0.0,0.0,23100.0
Anomaly threshold,,1,0,Bearing3_3,late,60.0,0.0,0.0,0.0,4330.0
"HERA-v3 (onset-gated, CRC)",0.1,1,1,Bearing1_2,premature,8660.0,2336.25,0.9977037887485649,124.0,8700.0
"HERA-v3 (onset-gated, CRC)",0.1,1,1,Bearing1_6,premature,24430.0,2336.25,0.9991830065359477,124.0,24470.0
"HERA-v3 (onset-gated, CRC)",0.1,1,1,Bearing2_2,premature,5800.0,2336.25,0.9974905897114178,124.0,7960.0
"HERA-v3 (onset-gated, CRC)",0.1,1,1,Bearing2_6,premature,6960.0,2336.25,0.9971469329529244,124.0,7000.0
"HERA-v3 (onset-gated, CRC)",0.15,1,1,Bearing1_2,premature,7350.0,2246.25,0.9977037887485649,124.0,8700.0
"HERA-v3 (onset-gated, CRC)",0.15,1,1,Bearing1_6,premature,24430.0,2246.25,0.9991830065359477,124.0,24470.0
"HERA-v3 (onset-gated, CRC)",0.15,1,1,Bearing2_2,premature,5770.0,2246.25,0.9974905897114178,124.0,7960.0
"HERA-v3 (onset-gated, CRC)",0.15,1,1,Bearing2_6,premature,6960.0,2246.25,0.9971469329529244,124.0,7000.0
"HERA-v3 (onset-gated, CRC)",0.2,1,1,Bearing1_2,premature,7350.0,2246.25,0.9977037887485649,124.0,8700.0
"HERA-v3 (onset-gated, CRC)",0.2,1,1,Bearing1_6,premature,24430.0,2246.25,0.9991830065359477,124.0,24470.0
"HERA-v3 (onset-gated, CRC)",0.2,1,1,Bearing2_2,premature,5770.0,2246.25,0.9974905897114178,124.0,7960.0
"HERA-v3 (onset-gated, CRC)",0.2,1,1,Bearing2_6,premature,6960.0,2246.25,0.9971469329529244,124.0,7000.0
"HERA-v3 (onset-gated, CRC)",0.25,1,1,Bearing1_2,late,380.0,1076.25,0.9977037887485649,124.0,8700.0
"HERA-v3 (onset-gated, CRC)",0.25,1,1,Bearing1_6,premature,8110.0,1076.25,0.9991830065359477,124.0,24470.0
"HERA-v3 (onset-gated, CRC)",0.25,1,1,Bearing2_2,premature,3640.0,1076.25,0.9974905897114178,124.0,7960.0
"HERA-v3 (onset-gated, CRC)",0.25,1,1,Bearing2_6,late,80.0,1076.25,0.9971469329529244,124.0,7000.0
"HERA-v3 (onset-gated, CRC)",0.3,1,1,Bearing1_2,late,380.0,1076.25,0.9977037887485649,124.0,8700.0
"HERA-v3 (onset-gated, CRC)",0.3,1,1,Bearing1_6,premature,8110.0,1076.25,0.9991830065359477,124.0,24470.0
"HERA-v3 (onset-gated, CRC)",0.3,1,1,Bearing2_2,premature,3640.0,1076.25,0.9974905897114178,124.0,7960.0
"HERA-v3 (onset-gated, CRC)",0.3,1,1,Bearing2_6,late,80.0,1076.25,0.9971469329529244,124.0,7000.0
"HERA-v3 (onset-gated, CRC)",0.4,1,1,Bearing1_2,late,270.0,592.5,0.9977037887485649,124.0,8700.0
"HERA-v3 (onset-gated, CRC)",0.4,1,1,Bearing1_6,premature,8060.0,592.5,0.3329248366013072,52.169934640522875,24470.0
"HERA-v3 (onset-gated, CRC)",0.4,1,1,Bearing2_2,premature,3200.0,592.5,0.7076537013801757,100.11041405269762,7960.0
"HERA-v3 (onset-gated, CRC)",0.4,1,1,Bearing2_6,late,50.0,592.5,0.9971469329529244,124.0,7000.0
"HERA-v3b (onset gate + burn-in, CRC)",0.1,1,1,Bearing1_2,late,380.0,3000.0,0.04707233065442021,25.37313432835821,8700.0
"HERA-v3b (onset gate + burn-in, CRC)",0.1,1,1,Bearing1_6,premature,8110.0,3000.0,0.33251633986928103,52.12418300653595,24470.0
"HERA-v3b (onset gate + burn-in, CRC)",0.1,1,1,Bearing2_2,premature,3870.0,3000.0,0.4893350062735257,75.65872020075282,7960.0
"HERA-v3b (onset gate + burn-in, CRC)",0.1,1,1,Bearing2_6,late,90.0,3000.0,0.017118402282453638,23.982881597717547,7000.0
"HERA-v3b (onset gate + burn-in, CRC)",0.15,1,1,Bearing1_2,late,380.0,3000.0,0.04707233065442021,25.37313432835821,8700.0
"HERA-v3b (onset gate + burn-in, CRC)",0.15,1,1,Bearing1_6,premature,8110.0,3000.0,0.33251633986928103,52.12418300653595,24470.0
"HERA-v3b (onset gate + burn-in, CRC)",0.15,1,1,Bearing2_2,premature,3870.0,3000.0,0.4893350062735257,75.65872020075282,7960.0
"HERA-v3b (onset gate + burn-in, CRC)",0.15,1,1,Bearing2_6,late,90.0,3000.0,0.017118402282453638,23.982881597717547,7000.0
"HERA-v3b (onset gate + burn-in, CRC)",0.2,1,1,Bearing1_2,late,380.0,3000.0,0.04707233065442021,25.37313432835821,8700.0
"HERA-v3b (onset gate + burn-in, CRC)",0.2,1,1,Bearing1_6,premature,8110.0,3000.0,0.33251633986928103,52.12418300653595,24470.0
"HERA-v3b (onset gate + burn-in, CRC)",0.2,1,1,Bearing2_2,premature,3870.0,3000.0,0.4893350062735257,75.65872020075282,7960.0
"HERA-v3b (onset gate + burn-in, CRC)",0.2,1,1,Bearing2_6,late,90.0,3000.0,0.017118402282453638,23.982881597717547,7000.0
"HERA-v3b (onset gate + burn-in, CRC)",0.25,1,1,Bearing1_2,late,380.0,3000.0,0.04707233065442021,25.37313432835821,8700.0
"HERA-v3b (onset gate + burn-in, CRC)",0.25,1,1,Bearing1_6,premature,8110.0,3000.0,0.33251633986928103,52.12418300653595,24470.0
"HERA-v3b (onset gate + burn-in, CRC)",0.25,1,1,Bearing2_2,premature,3870.0,3000.0,0.4893350062735257,75.65872020075282,7960.0
"HERA-v3b (onset gate + burn-in, CRC)",0.25,1,1,Bearing2_6,late,90.0,3000.0,0.017118402282453638,23.982881597717547,7000.0
"HERA-v3b (onset gate + burn-in, CRC)",0.3,1,1,Bearing1_2,late,380.0,3000.0,0.04707233065442021,25.37313432835821,8700.0
"HERA-v3b (onset gate + burn-in, CRC)",0.3,1,1,Bearing1_6,premature,8110.0,3000.0,0.33251633986928103,52.12418300653595,24470.0
"HERA-v3b (onset gate + burn-in, CRC)",0.3,1,1,Bearing2_2,premature,3870.0,3000.0,0.4893350062735257,75.65872020075282,7960.0
"HERA-v3b (onset gate + burn-in, CRC)",0.3,1,1,Bearing2_6,late,90.0,3000.0,0.017118402282453638,23.982881597717547,7000.0
"HERA-v3b (onset gate + burn-in, CRC)",0.4,1,1,Bearing1_2,late,380.0,3000.0,0.04707233065442021,25.37313432835821,8700.0
"HERA-v3b (onset gate + burn-in, CRC)",0.4,1,1,Bearing1_6,premature,8110.0,3000.0,0.33251633986928103,52.12418300653595,24470.0
"HERA-v3b (onset gate + burn-in, CRC)",0.4,1,1,Bearing2_2,premature,3870.0,3000.0,0.4893350062735257,75.65872020075282,7960.0
"HERA-v3b (onset gate + burn-in, CRC)",0.4,1,1,Bearing2_6,late,90.0,3000.0,0.017118402282453638,23.982881597717547,7000.0
"Always-cloud, CRC + burn-in",0.1,1,1,Bearing1_2,premature,7990.0,2347.5,1.0,112.0,8700.0
"Always-cloud, CRC + burn-in",0.1,1,1,Bearing1_6,premature,22920.0,2347.5,1.0,112.0,24470.0
"Always-cloud, CRC + burn-in",0.1,1,1,Bearing2_2,premature,5800.0,2347.5,1.0,112.0,7960.0
"Always-cloud, CRC + burn-in",0.1,1,1,Bearing2_6,premature,6140.0,2347.5,1.0,112.0,7000.0
"Always-cloud, CRC + burn-in",0.15,1,1,Bearing1_2,premature,7970.0,2302.5,1.0,112.0,8700.0
"Always-cloud, CRC + burn-in",0.15,1,1,Bearing1_6,premature,22390.0,2302.5,1.0,112.0,24470.0
"Always-cloud, CRC + burn-in",0.15,1,1,Bearing2_2,premature,5790.0,2302.5,1.0,112.0,7960.0
"Always-cloud, CRC + burn-in",0.15,1,1,Bearing2_6,premature,6100.0,2302.5,1.0,112.0,7000.0
"Always-cloud, CRC + burn-in",0.2,1,1,Bearing1_2,premature,7970.0,2302.5,1.0,112.0,8700.0
"Always-cloud, CRC + burn-in",0.2,1,1,Bearing1_6,premature,22390.0,2302.5,1.0,112.0,24470.0
"Always-cloud, CRC + burn-in",0.2,1,1,Bearing2_2,premature,5790.0,2302.5,1.0,112.0,7960.0
"Always-cloud, CRC + burn-in",0.2,1,1,Bearing2_6,premature,6100.0,2302.5,1.0,112.0,7000.0
"Always-cloud, CRC + burn-in",0.25,1,1,Bearing1_2,premature,7040.0,1740.0,1.0,112.0,8700.0
"Always-cloud, CRC + burn-in",0.25,1,1,Bearing1_6,premature,21880.0,1740.0,1.0,112.0,24470.0
"Always-cloud, CRC + burn-in",0.25,1,1,Bearing2_2,premature,5620.0,1740.0,1.0,112.0,7960.0
"Always-cloud, CRC + burn-in",0.25,1,1,Bearing2_6,premature,5320.0,1740.0,1.0,112.0,7000.0
"Always-cloud, CRC + burn-in",0.3,1,1,Bearing1_2,late,380.0,1076.25,1.0,112.0,8700.0
"Always-cloud, CRC + burn-in",0.3,1,1,Bearing1_6,premature,8110.0,1076.25,1.0,112.0,24470.0
"Always-cloud, CRC + burn-in",0.3,1,1,Bearing2_2,premature,3640.0,1076.25,1.0,112.0,7960.0
"Always-cloud, CRC + burn-in",0.3,1,1,Bearing2_6,late,80.0,1076.25,1.0,112.0,7000.0
"Always-cloud, CRC + burn-in",0.4,1,1,Bearing1_2,late,,221.25,1.0,112.0,8700.0
"Always-cloud, CRC + burn-in",0.4,1,1,Bearing1_6,premature,7990.0,221.25,1.0,112.0,24470.0
"Always-cloud, CRC + burn-in",0.4,1,1,Bearing2_2,late,20.0,221.25,1.0,112.0,7960.0
"Always-cloud, CRC + burn-in",0.4,1,1,Bearing2_6,late,10.0,221.25,1.0,112.0,7000.0
"Always-cloud, CRC",0.1,1,1,Bearing1_2,premature,8680.0,2302.5,1.0,112.0,8700.0
"Always-cloud, CRC",0.1,1,1,Bearing1_6,premature,24450.0,2302.5,1.0,112.0,24470.0
"Always-cloud, CRC",0.1,1,1,Bearing2_2,premature,5790.0,2302.5,1.0,112.0,7960.0
"Always-cloud, CRC",0.1,1,1,Bearing2_6,premature,6980.0,2302.5,1.0,112.0,7000.0
"Always-cloud, CRC",0.15,1,1,Bearing1_2,premature,8680.0,2246.25,1.0,112.0,8700.0
"Always-cloud, CRC",0.15,1,1,Bearing1_6,premature,24450.0,2246.25,1.0,112.0,24470.0
"Always-cloud, CRC",0.15,1,1,Bearing2_2,premature,5770.0,2246.25,1.0,112.0,7960.0
"Always-cloud, CRC",0.15,1,1,Bearing2_6,premature,6980.0,2246.25,1.0,112.0,7000.0
"Always-cloud, CRC",0.2,1,1,Bearing1_2,premature,8680.0,2246.25,1.0,112.0,8700.0
"Always-cloud, CRC",0.2,1,1,Bearing1_6,premature,24450.0,2246.25,1.0,112.0,24470.0
"Always-cloud, CRC",0.2,1,1,Bearing2_2,premature,5770.0,2246.25,1.0,112.0,7960.0
"Always-cloud, CRC",0.2,1,1,Bearing2_6,premature,6980.0,2246.25,1.0,112.0,7000.0
"Always-cloud, CRC",0.25,1,1,Bearing1_2,late,380.0,1076.25,1.0,112.0,8700.0
"Always-cloud, CRC",0.25,1,1,Bearing1_6,premature,8110.0,1076.25,1.0,112.0,24470.0
"Always-cloud, CRC",0.25,1,1,Bearing2_2,premature,3640.0,1076.25,1.0,112.0,7960.0
"Always-cloud, CRC",0.25,1,1,Bearing2_6,late,80.0,1076.25,1.0,112.0,7000.0
"Always-cloud, CRC",0.3,1,1,Bearing1_2,late,380.0,997.5,1.0,112.0,8700.0
"Always-cloud, CRC",0.3,1,1,Bearing1_6,premature,8100.0,997.5,1.0,112.0,24470.0
"Always-cloud, CRC",0.3,1,1,Bearing2_2,premature,3610.0,997.5,1.0,112.0,7960.0
"Always-cloud, CRC",0.3,1,1,Bearing2_6,late,70.0,997.5,1.0,112.0,7000.0
"Always-cloud, CRC",0.4,1,1,Bearing1_2,late,,221.25,1.0,112.0,8700.0
"Always-cloud, CRC",0.4,1,1,Bearing1_6,premature,7990.0,221.25,1.0,112.0,24470.0
"Always-cloud, CRC",0.4,1,1,Bearing2_2,late,20.0,221.25,1.0,112.0,7960.0
"Always-cloud, CRC",0.4,1,1,Bearing2_6,late,10.0,221.25,1.0,112.0,7000.0
"Always-edge, CRC",0.1,1,1,Bearing1_2,premature,8680.0,1987.5,0.0,0.0,8700.0
"Always-edge, CRC",0.1,1,1,Bearing1_6,premature,18270.0,1987.5,0.0,0.0,24470.0
"Always-edge, CRC",0.1,1,1,Bearing2_2,premature,5860.0,1987.5,0.0,0.0,7960.0
"Always-edge, CRC",0.1,1,1,Bearing2_6,premature,6980.0,1987.5,0.0,0.0,7000.0
"Always-edge, CRC",0.15,1,1,Bearing1_2,premature,8680.0,1965.0,0.0,0.0,8700.0
"Always-edge, CRC",0.15,1,1,Bearing1_6,premature,8500.0,1965.0,0.0,0.0,24470.0
"Always-edge, CRC",0.15,1,1,Bearing2_2,premature,5860.0,1965.0,0.0,0.0,7960.0
"Always-edge, CRC",0.15,1,1,Bearing2_6,premature,6980.0,1965.0,0.0,0.0,7000.0
"Always-edge, CRC",0.2,1,1,Bearing1_2,premature,8680.0,1965.0,0.0,0.0,8700.0
"Always-edge, CRC",0.2,1,1,Bearing1_6,premature,8500.0,1965.0,0.0,0.0,24470.0
"Always-edge, CRC",0.2,1,1,Bearing2_2,premature,5860.0,1965.0,0.0,0.0,7960.0
"Always-edge, CRC",0.2,1,1,Bearing2_6,premature,6980.0,1965.0,0.0,0.0,7000.0
"Always-edge, CRC",0.25,1,1,Bearing1_2,premature,8680.0,1762.5,0.0,0.0,8700.0
"Always-edge, CRC",0.25,1,1,Bearing1_6,premature,8140.0,1762.5,0.0,0.0,24470.0
"Always-edge, CRC",0.25,1,1,Bearing2_2,premature,5630.0,1762.5,0.0,0.0,7960.0
"Always-edge, CRC",0.25,1,1,Bearing2_6,premature,6980.0,1762.5,0.0,0.0,7000.0
"Always-edge, CRC",0.3,1,1,Bearing1_2,premature,8680.0,1616.25,0.0,0.0,8700.0
"Always-edge, CRC",0.3,1,1,Bearing1_6,premature,8130.0,1616.25,0.0,0.0,24470.0
"Always-edge, CRC",0.3,1,1,Bearing2_2,premature,5270.0,1616.25,0.0,0.0,7960.0
"Always-edge, CRC",0.3,1,1,Bearing2_6,premature,6980.0,1616.25,0.0,0.0,7000.0
"Always-edge, CRC",0.4,1,1,Bearing1_2,premature,8680.0,1537.5,0.0,0.0,8700.0
"Always-edge, CRC",0.4,1,1,Bearing1_6,premature,8130.0,1537.5,0.0,0.0,24470.0
"Always-edge, CRC",0.4,1,1,Bearing2_2,premature,5060.0,1537.5,0.0,0.0,7960.0
"Always-edge, CRC",0.4,1,1,Bearing2_6,premature,6980.0,1537.5,0.0,0.0,7000.0
"Cloud point, fixed thr. H_p",,1,1,Bearing1_2,late,400.0,0.0,1.0,112.0,8700.0
"Cloud point, fixed thr. H_p",,1,1,Bearing1_6,premature,8110.0,0.0,1.0,112.0,24470.0
"Cloud point, fixed thr. H_p",,1,1,Bearing2_2,premature,3730.0,0.0,1.0,112.0,7960.0
"Cloud point, fixed thr. H_p",,1,1,Bearing2_6,late,90.0,0.0,1.0,112.0,7000.0
"Cloud point, fixed thr. H_c",,1,1,Bearing1_2,late,,0.0,1.0,112.0,8700.0
"Cloud point, fixed thr. H_c",,1,1,Bearing1_6,late,70.0,0.0,1.0,112.0,24470.0
"Cloud point, fixed thr. H_c",,1,1,Bearing2_2,late,,0.0,1.0,112.0,7960.0
"Cloud point, fixed thr. H_c",,1,1,Bearing2_6,late,,0.0,1.0,112.0,7000.0
Anomaly threshold,,1,1,Bearing1_2,late,,0.0,0.0,0.0,8700.0
Anomaly threshold,,1,1,Bearing1_6,premature,8000.0,0.0,0.0,0.0,24470.0
Anomaly threshold,,1,1,Bearing2_2,late,,0.0,0.0,0.0,7960.0
Anomaly threshold,,1,1,Bearing2_6,late,100.0,0.0,0.0,0.0,7000.0
"HERA-v3 (onset-gated, CRC)",0.1,1,2,Bearing1_3,premature,23590.0,2358.75,0.9991578947368421,124.0,23740.0
"HERA-v3 (onset-gated, CRC)",0.1,1,2,Bearing1_7,premature,15820.0,2358.75,0.9991146525011066,124.0,22580.0
"HERA-v3 (onset-gated, CRC)",0.1,1,2,Bearing2_3,premature,19390.0,2358.75,0.9989769820971867,124.0,19540.0
"HERA-v3 (onset-gated, CRC)",0.1,1,2,Bearing2_7,timely,2250.0,2358.75,0.991304347826087,124.0,2290.0
"HERA-v3 (onset-gated, CRC)",0.1,1,2,Bearing3_1,premature,5100.0,2358.75,0.996116504854369,124.0,5140.0
"HERA-v3 (onset-gated, CRC)",0.15,1,2,Bearing1_3,premature,23590.0,2358.75,0.9991578947368421,124.0,23740.0
"HERA-v3 (onset-gated, CRC)",0.15,1,2,Bearing1_7,premature,15820.0,2358.75,0.9991146525011066,124.0,22580.0
"HERA-v3 (onset-gated, CRC)",0.15,1,2,Bearing2_3,premature,19390.0,2358.75,0.9989769820971867,124.0,19540.0
"HERA-v3 (onset-gated, CRC)",0.15,1,2,Bearing2_7,timely,2250.0,2358.75,0.991304347826087,124.0,2290.0
"HERA-v3 (onset-gated, CRC)",0.15,1,2,Bearing3_1,premature,5100.0,2358.75,0.996116504854369,124.0,5140.0
"HERA-v3 (onset-gated, CRC)",0.2,1,2,Bearing1_3,premature,16330.0,2178.75,0.9991578947368421,124.0,23740.0
"HERA-v3 (onset-gated, CRC)",0.2,1,2,Bearing1_7,premature,14790.0,2178.75,0.9991146525011066,124.0,22580.0
"HERA-v3 (onset-gated, CRC)",0.2,1,2,Bearing2_3,premature,16900.0,2178.75,0.9989769820971867,124.0,19540.0
"HERA-v3 (onset-gated, CRC)",0.2,1,2,Bearing2_7,late,,2178.75,0.991304347826087,124.0,2290.0
"HERA-v3 (onset-gated, CRC)",0.2,1,2,Bearing3_1,premature,5100.0,2178.75,0.996116504854369,124.0,5140.0
"HERA-v3 (onset-gated, CRC)",0.25,1,2,Bearing1_3,premature,16290.0,2145.0,0.9991578947368421,124.0,23740.0
"HERA-v3 (onset-gated, CRC)",0.25,1,2,Bearing1_7,premature,14080.0,2145.0,0.9991146525011066,124.0,22580.0
"HERA-v3 (onset-gated, CRC)",0.25,1,2,Bearing2_3,premature,16890.0,2145.0,0.9989769820971867,124.0,19540.0
"HERA-v3 (onset-gated, CRC)",0.25,1,2,Bearing2_7,late,,2145.0,0.991304347826087,124.0,2290.0
"HERA-v3 (onset-gated, CRC)",0.25,1,2,Bearing3_1,premature,5100.0,2145.0,0.996116504854369,124.0,5140.0
"HERA-v3 (onset-gated, CRC)",0.3,1,2,Bearing1_3,premature,16290.0,2145.0,0.9991578947368421,124.0,23740.0
"HERA-v3 (onset-gated, CRC)",0.3,1,2,Bearing1_7,premature,14080.0,2145.0,0.9991146525011066,124.0,22580.0
"HERA-v3 (onset-gated, CRC)",0.3,1,2,Bearing2_3,premature,16890.0,2145.0,0.9989769820971867,124.0,19540.0
"HERA-v3 (onset-gated, CRC)",0.3,1,2,Bearing2_7,late,,2145.0,0.991304347826087,124.0,2290.0
"HERA-v3 (onset-gated, CRC)",0.3,1,2,Bearing3_1,premature,5100.0,2145.0,0.996116504854369,124.0,5140.0
"HERA-v3 (onset-gated, CRC)",0.4,1,2,Bearing1_3,premature,6230.0,795.0,0.9991578947368421,124.0,23740.0
"HERA-v3 (onset-gated, CRC)",0.4,1,2,Bearing1_7,premature,11590.0,795.0,0.5927401505090748,81.510402833112,22580.0
"HERA-v3 (onset-gated, CRC)",0.4,1,2,Bearing2_3,premature,16510.0,795.0,0.9989769820971867,124.0,19540.0
"HERA-v3 (onset-gated, CRC)",0.4,1,2,Bearing2_7,late,,795.0,0.991304347826087,124.0,2290.0
"HERA-v3 (onset-gated, CRC)",0.4,1,2,Bearing3_1,late,,795.0,0.996116504854369,124.0,5140.0
"HERA-v3b (onset gate + burn-in, CRC)",0.1,1,2,Bearing1_3,premature,6570.0,3000.0,0.27789473684210525,46.09515789473684,23740.0
"HERA-v3b (onset gate + burn-in, CRC)",0.1,1,2,Bearing1_7,late,420.0,3000.0,0.0199203187250996,17.35458167330677,22580.0
"HERA-v3b (onset gate + burn-in, CRC)",0.1,1,2,Bearing2_3,premature,16860.0,3000.0,0.8639386189258312,112.37033248081842,19540.0
"HERA-v3b (onset gate + burn-in, CRC)",0.1,1,2,Bearing2_7,late,0.0,3000.0,0.013043478260869565,44.13913043478261,2290.0
"HERA-v3b (onset gate + burn-in, CRC)",0.1,1,2,Bearing3_1,late,170.0,3000.0,0.038834951456310676,30.050485436893204,5140.0
"HERA-v3b (onset gate + burn-in, CRC)",0.15,1,2,Bearing1_3,premature,6570.0,3000.0,0.27789473684210525,46.09515789473684,23740.0
"HERA-v3b (onset gate + burn-in, CRC)",0.15,1,2,Bearing1_7,late,420.0,3000.0,0.0199203187250996,17.35458167330677,22580.0
"HERA-v3b (onset gate + burn-in, CRC)",0.15,1,2,Bearing2_3,premature,16860.0,3000.0,0.8639386189258312,112.37033248081842,19540.0
"HERA-v3b (onset gate + burn-in, CRC)",0.15,1,2,Bearing2_7,late,0.0,3000.0,0.013043478260869565,44.13913043478261,2290.0
"HERA-v3b (onset gate + burn-in, CRC)",0.15,1,2,Bearing3_1,late,170.0,3000.0,0.038834951456310676,30.050485436893204,5140.0
"HERA-v3b (onset gate + burn-in, CRC)",0.2,1,2,Bearing1_3,premature,6570.0,3000.0,0.27789473684210525,46.09515789473684,23740.0
"HERA-v3b (onset gate + burn-in, CRC)",0.2,1,2,Bearing1_7,late,420.0,3000.0,0.0199203187250996,17.35458167330677,22580.0
"HERA-v3b (onset gate + burn-in, CRC)",0.2,1,2,Bearing2_3,premature,16860.0,3000.0,0.8639386189258312,112.37033248081842,19540.0
"HERA-v3b (onset gate + burn-in, CRC)",0.2,1,2,Bearing2_7,late,0.0,3000.0,0.013043478260869565,44.13913043478261,2290.0
"HERA-v3b (onset gate + burn-in, CRC)",0.2,1,2,Bearing3_1,late,170.0,3000.0,0.038834951456310676,30.050485436893204,5140.0
"HERA-v3b (onset gate + burn-in, CRC)",0.25,1,2,Bearing1_3,premature,6570.0,3000.0,0.27789473684210525,46.09515789473684,23740.0
"HERA-v3b (onset gate + burn-in, CRC)",0.25,1,2,Bearing1_7,late,420.0,3000.0,0.0199203187250996,17.35458167330677,22580.0
"HERA-v3b (onset gate + burn-in, CRC)",0.25,1,2,Bearing2_3,premature,16860.0,3000.0,0.8639386189258312,112.37033248081842,19540.0
"HERA-v3b (onset gate + burn-in, CRC)",0.25,1,2,Bearing2_7,late,0.0,3000.0,0.013043478260869565,44.13913043478261,2290.0
"HERA-v3b (onset gate + burn-in, CRC)",0.25,1,2,Bearing3_1,late,170.0,3000.0,0.038834951456310676,30.050485436893204,5140.0
"HERA-v3b (onset gate + burn-in, CRC)",0.3,1,2,Bearing1_3,premature,6570.0,3000.0,0.27789473684210525,46.09515789473684,23740.0
"HERA-v3b (onset gate + burn-in, CRC)",0.3,1,2,Bearing1_7,late,420.0,3000.0,0.0199203187250996,17.35458167330677,22580.0
"HERA-v3b (onset gate + burn-in, CRC)",0.3,1,2,Bearing2_3,premature,16860.0,3000.0,0.8639386189258312,112.37033248081842,19540.0
"HERA-v3b (onset gate + burn-in, CRC)",0.3,1,2,Bearing2_7,late,0.0,3000.0,0.013043478260869565,44.13913043478261,2290.0
"HERA-v3b (onset gate + burn-in, CRC)",0.3,1,2,Bearing3_1,late,170.0,3000.0,0.038834951456310676,30.050485436893204,5140.0
"HERA-v3b (onset gate + burn-in, CRC)",0.4,1,2,Bearing1_3,premature,6570.0,3000.0,0.27789473684210525,46.09515789473684,23740.0
"HERA-v3b (onset gate + burn-in, CRC)",0.4,1,2,Bearing1_7,late,420.0,3000.0,0.0199203187250996,17.35458167330677,22580.0
"HERA-v3b (onset gate + burn-in, CRC)",0.4,1,2,Bearing2_3,premature,16860.0,3000.0,0.8639386189258312,112.37033248081842,19540.0
"HERA-v3b (onset gate + burn-in, CRC)",0.4,1,2,Bearing2_7,late,0.0,3000.0,0.013043478260869565,44.13913043478261,2290.0
"HERA-v3b (onset gate + burn-in, CRC)",0.4,1,2,Bearing3_1,late,170.0,3000.0,0.038834951456310676,30.050485436893204,5140.0
"Always-cloud, CRC + burn-in",0.1,1,2,Bearing1_3,premature,22810.0,2381.25,1.0,112.0,23740.0
"Always-cloud, CRC + burn-in",0.1,1,2,Bearing1_7,premature,15830.0,2381.25,1.0,112.0,22580.0
"Always-cloud, CRC + burn-in",0.1,1,2,Bearing2_3,premature,18790.0,2381.25,1.0,112.0,19540.0
"Always-cloud, CRC + burn-in",0.1,1,2,Bearing2_7,timely,1090.0,2381.25,1.0,112.0,2290.0
"Always-cloud, CRC + burn-in",0.1,1,2,Bearing3_1,premature,4520.0,2381.25,1.0,112.0,5140.0
"Always-cloud, CRC + burn-in",0.15,1,2,Bearing1_3,premature,22810.0,2381.25,1.0,112.0,23740.0
"Always-cloud, CRC + burn-in",0.15,1,2,Bearing1_7,premature,15830.0,2381.25,1.0,112.0,22580.0
"Always-cloud, CRC + burn-in",0.15,1,2,Bearing2_3,premature,18790.0,2381.25,1.0,112.0,19540.0
"Always-cloud, CRC + burn-in",0.15,1,2,Bearing2_7,timely,1090.0,2381.25,1.0,112.0,2290.0
"Always-cloud, CRC + burn-in",0.15,1,2,Bearing3_1,premature,4520.0,2381.25,1.0,112.0,5140.0
"Always-cloud, CRC + burn-in",0.2,1,2,Bearing1_3,premature,17020.0,2358.75,1.0,112.0,23740.0
"Always-cloud, CRC + burn-in",0.2,1,2,Bearing1_7,premature,15820.0,2358.75,1.0,112.0,22580.0
"Always-cloud, CRC + burn-in",0.2,1,2,Bearing2_3,premature,18670.0,2358.75,1.0,112.0,19540.0
"Always-cloud, CRC + burn-in",0.2,1,2,Bearing2_7,timely,1080.0,2358.75,1.0,112.0,2290.0
"Always-cloud, CRC + burn-in",0.2,1,2,Bearing3_1,premature,4370.0,2358.75,1.0,112.0,5140.0
"Always-cloud, CRC + burn-in",0.25,1,2,Bearing1_3,premature,16330.0,2178.75,1.0,112.0,23740.0
"Always-cloud, CRC + burn-in",0.25,1,2,Bearing1_7,premature,14790.0,2178.75,1.0,112.0,22580.0
"Always-cloud, CRC + burn-in",0.25,1,2,Bearing2_3,premature,16900.0,2178.75,1.0,112.0,19540.0
"Always-cloud, CRC + burn-in",0.25,1,2,Bearing2_7,late,,2178.75,1.0,112.0,2290.0
"Always-cloud, CRC + burn-in",0.25,1,2,Bearing3_1,late,410.0,2178.75,1.0,112.0,5140.0
"Always-cloud, CRC + burn-in",0.3,1,2,Bearing1_3,premature,16330.0,2178.75,1.0,112.0,23740.0
"Always-cloud, CRC + burn-in",0.3,1,2,Bearing1_7,premature,14790.0,2178.75,1.0,112.0,22580.0
"Always-cloud, CRC + burn-in",0.3,1,2,Bearing2_3,premature,16900.0,2178.75,1.0,112.0,19540.0
"Always-cloud, CRC + burn-in",0.3,1,2,Bearing2_7,late,,2178.75,1.0,112.0,2290.0
"Always-cloud, CRC + burn-in",0.3,1,2,Bearing3_1,late,410.0,2178.75,1.0,112.0,5140.0
"Always-cloud, CRC + burn-in",0.4,1,2,Bearing1_3,premature,6230.0,795.0,1.0,112.0,23740.0
"Always-cloud, CRC + burn-in",0.4,1,2,Bearing1_7,premature,11590.0,795.0,1.0,112.0,22580.0
"Always-cloud, CRC + burn-in",0.4,1,2,Bearing2_3,premature,16510.0,795.0,1.0,112.0,19540.0
"Always-cloud, CRC + burn-in",0.4,1,2,Bearing2_7,late,,795.0,1.0,112.0,2290.0
"Always-cloud, CRC + burn-in",0.4,1,2,Bearing3_1,late,,795.0,1.0,112.0,5140.0
"Always-cloud, CRC",0.1,1,2,Bearing1_3,premature,23590.0,2358.75,1.0,112.0,23740.0
"Always-cloud, CRC",0.1,1,2,Bearing1_7,premature,15820.0,2358.75,1.0,112.0,22580.0
"Always-cloud, CRC",0.1,1,2,Bearing2_3,premature,19390.0,2358.75,1.0,112.0,19540.0
"Always-cloud, CRC",0.1,1,2,Bearing2_7,timely,2260.0,2358.75,1.0,112.0,2290.0
"Always-cloud, CRC",0.1,1,2,Bearing3_1,premature,5120.0,2358.75,1.0,112.0,5140.0
"Always-cloud, CRC",0.15,1,2,Bearing1_3,premature,23590.0,2358.75,1.0,112.0,23740.0
"Always-cloud, CRC",0.15,1,2,Bearing1_7,premature,15820.0,2358.75,1.0,112.0,22580.0
"Always-cloud, CRC",0.15,1,2,Bearing2_3,premature,19390.0,2358.75,1.0,112.0,19540.0
"Always-cloud, CRC",0.15,1,2,Bearing2_7,timely,2260.0,2358.75,1.0,112.0,2290.0
"Always-cloud, CRC",0.15,1,2,Bearing3_1,premature,5120.0,2358.75,1.0,112.0,5140.0
"Always-cloud, CRC",0.2,1,2,Bearing1_3,premature,16330.0,2178.75,1.0,112.0,23740.0
"Always-cloud, CRC",0.2,1,2,Bearing1_7,premature,14790.0,2178.75,1.0,112.0,22580.0
"Always-cloud, CRC",0.2,1,2,Bearing2_3,premature,16900.0,2178.75,1.0,112.0,19540.0
"Always-cloud, CRC",0.2,1,2,Bearing2_7,late,,2178.75,1.0,112.0,2290.0
"Always-cloud, CRC",0.2,1,2,Bearing3_1,premature,5120.0,2178.75,1.0,112.0,5140.0
"Always-cloud, CRC",0.25,1,2,Bearing1_3,premature,16250.0,2021.25,1.0,112.0,23740.0
"Always-cloud, CRC",0.25,1,2,Bearing1_7,premature,13980.0,2021.25,1.0,112.0,22580.0
"Always-cloud, CRC",0.25,1,2,Bearing2_3,premature,16860.0,2021.25,1.0,112.0,19540.0
"Always-cloud, CRC",0.25,1,2,Bearing2_7,late,,2021.25,1.0,112.0,2290.0
"Always-cloud, CRC",0.25,1,2,Bearing3_1,premature,5120.0,2021.25,1.0,112.0,5140.0
"Always-cloud, CRC",0.3,1,2,Bearing1_3,premature,16250.0,2021.25,1.0,112.0,23740.0
"Always-cloud, CRC",0.3,1,2,Bearing1_7,premature,13980.0,2021.25,1.0,112.0,22580.0
"Always-cloud, CRC",0.3,1,2,Bearing2_3,premature,16860.0,2021.25,1.0,112.0,19540.0
"Always-cloud, CRC",0.3,1,2,Bearing2_7,late,,2021.25,1.0,112.0,2290.0
"Always-cloud, CRC",0.3,1,2,Bearing3_1,premature,5120.0,2021.25,1.0,112.0,5140.0
"Always-cloud, CRC",0.4,1,2,Bearing1_3,premature,6230.0,795.0,1.0,112.0,23740.0
"Always-cloud, CRC",0.4,1,2,Bearing1_7,premature,11590.0,795.0,1.0,112.0,22580.0
"Always-cloud, CRC",0.4,1,2,Bearing2_3,premature,16510.0,795.0,1.0,112.0,19540.0
"Always-cloud, CRC",0.4,1,2,Bearing2_7,late,,795.0,1.0,112.0,2290.0
"Always-cloud, CRC",0.4,1,2,Bearing3_1,late,,795.0,1.0,112.0,5140.0
"Always-edge, CRC",0.1,1,2,Bearing1_3,premature,23720.0,2043.75,0.0,0.0,23740.0
"Always-edge, CRC",0.1,1,2,Bearing1_7,premature,13480.0,2043.75,0.0,0.0,22580.0
"Always-edge, CRC",0.1,1,2,Bearing2_3,premature,19520.0,2043.75,0.0,0.0,19540.0
"Always-edge, CRC",0.1,1,2,Bearing2_7,timely,2270.0,2043.75,0.0,0.0,2290.0
"Always-edge, CRC",0.1,1,2,Bearing3_1,premature,5120.0,2043.75,0.0,0.0,5140.0
"Always-edge, CRC",0.15,1,2,Bearing1_3,premature,23720.0,2043.75,0.0,0.0,23740.0
"Always-edge, CRC",0.15,1,2,Bearing1_7,premature,13480.0,2043.75,0.0,0.0,22580.0
"Always-edge, CRC",0.15,1,2,Bearing2_3,premature,19520.0,2043.75,0.0,0.0,19540.0
"Always-edge, CRC",0.15,1,2,Bearing2_7,timely,2270.0,2043.75,0.0,0.0,2290.0
"Always-edge, CRC",0.15,1,2,Bearing3_1,premature,5120.0,2043.75,0.0,0.0,5140.0
"Always-edge, CRC",0.2,1,2,Bearing1_3,premature,23720.0,1616.25,0.0,0.0,23740.0
"Always-edge, CRC",0.2,1,2,Bearing1_7,premature,10840.0,1616.25,0.0,0.0,22580.0
"Always-edge, CRC",0.2,1,2,Bearing2_3,premature,16930.0,1616.25,0.0,0.0,19540.0
"Always-edge, CRC",0.2,1,2,Bearing2_7,timely,2270.0,1616.25,0.0,0.0,2290.0
"Always-edge, CRC",0.2,1,2,Bearing3_1,premature,4970.0,1616.25,0.0,0.0,5140.0
"Always-edge, CRC",0.25,1,2,Bearing1_3,premature,23720.0,1582.5,0.0,0.0,23740.0
"Always-edge, CRC",0.25,1,2,Bearing1_7,premature,10640.0,1582.5,0.0,0.0,22580.0
"Always-edge, CRC",0.25,1,2,Bearing2_3,premature,16930.0,1582.5,0.0,0.0,19540.0
"Always-edge, CRC",0.25,1,2,Bearing2_7,timely,2270.0,1582.5,0.0,0.0,2290.0
"Always-edge, CRC",0.25,1,2,Bearing3_1,premature,4970.0,1582.5,0.0,0.0,5140.0
"Always-edge, CRC",0.3,1,2,Bearing1_3,premature,23720.0,1582.5,0.0,0.0,23740.0
"Always-edge, CRC",0.3,1,2,Bearing1_7,premature,10640.0,1582.5,0.0,0.0,22580.0
"Always-edge, CRC",0.3,1,2,Bearing2_3,premature,16930.0,1582.5,0.0,0.0,19540.0
"Always-edge, CRC",0.3,1,2,Bearing2_7,timely,2270.0,1582.5,0.0,0.0,2290.0
"Always-edge, CRC",0.3,1,2,Bearing3_1,premature,4970.0,1582.5,0.0,0.0,5140.0
"Always-edge, CRC",0.4,1,2,Bearing1_3,premature,23720.0,1301.25,0.0,0.0,23740.0
"Always-edge, CRC",0.4,1,2,Bearing1_7,late,440.0,1301.25,0.0,0.0,22580.0
"Always-edge, CRC",0.4,1,2,Bearing2_3,premature,16900.0,1301.25,0.0,0.0,19540.0
"Always-edge, CRC",0.4,1,2,Bearing2_7,late,20.0,1301.25,0.0,0.0,2290.0
"Always-edge, CRC",0.4,1,2,Bearing3_1,late,170.0,1301.25,0.0,0.0,5140.0
"Cloud point, fixed thr. H_p",,1,2,Bearing1_3,premature,6360.0,0.0,1.0,112.0,23740.0
"Cloud point, fixed thr. H_p",,1,2,Bearing1_7,premature,13120.0,0.0,1.0,112.0,22580.0
"Cloud point, fixed thr. H_p",,1,2,Bearing2_3,premature,16700.0,0.0,1.0,112.0,19540.0
"Cloud point, fixed thr. H_p",,1,2,Bearing2_7,late,,0.0,1.0,112.0,2290.0
"Cloud point, fixed thr. H_p",,1,2,Bearing3_1,late,50.0,0.0,1.0,112.0,5140.0
"Cloud point, fixed thr. H_c",,1,2,Bearing1_3,premature,5410.0,0.0,1.0,112.0,23740.0
"Cloud point, fixed thr. H_c",,1,2,Bearing1_7,late,,0.0,1.0,112.0,22580.0
"Cloud point, fixed thr. H_c",,1,2,Bearing2_3,late,,0.0,1.0,112.0,19540.0
"Cloud point, fixed thr. H_c",,1,2,Bearing2_7,late,,0.0,1.0,112.0,2290.0
"Cloud point, fixed thr. H_c",,1,2,Bearing3_1,late,,0.0,1.0,112.0,5140.0
Anomaly threshold,,1,2,Bearing1_3,premature,5900.0,0.0,0.0,0.0,23740.0
Anomaly threshold,,1,2,Bearing1_7,late,420.0,0.0,0.0,0.0,22580.0
Anomaly threshold,,1,2,Bearing2_3,premature,16860.0,0.0,0.0,0.0,19540.0
Anomaly threshold,,1,2,Bearing2_7,late,10.0,0.0,0.0,0.0,2290.0
Anomaly threshold,,1,2,Bearing3_1,late,190.0,0.0,0.0,0.0,5140.0
"HERA-v3 (onset-gated, CRC)",0.1,1,3,Bearing1_4,premature,13780.0,2347.5,0.9985994397759104,124.0,14270.0
"HERA-v3 (onset-gated, CRC)",0.1,1,3,Bearing2_4,premature,7100.0,2347.5,0.9973368841544608,124.0,7500.0
"HERA-v3 (onset-gated, CRC)",0.1,1,3,Bearing3_2,premature,15160.0,2347.5,0.9987782529016493,124.0,16360.0
"HERA-v3 (onset-gated, CRC)",0.15,1,3,Bearing1_4,premature,9760.0,1897.5,0.9985994397759104,124.0,14270.0
"HERA-v3 (onset-gated, CRC)",0.15,1,3,Bearing2_4,premature,4430.0,1897.5,0.9973368841544608,124.0,7500.0
"HERA-v3 (onset-gated, CRC)",0.15,1,3,Bearing3_2,premature,15030.0,1897.5,0.9987782529016493,124.0,16360.0
"HERA-v3 (onset-gated, CRC)",0.2,1,3,Bearing1_4,premature,4760.0,1301.25,0.9985994397759104,124.0,14270.0
"HERA-v3 (onset-gated, CRC)",0.2,1,3,Bearing2_4,premature,3710.0,1301.25,0.9973368841544608,124.0,7500.0
"HERA-v3 (onset-gated, CRC)",0.2,1,3,Bearing3_2,premature,14560.0,1301.25,0.9987782529016493,124.0,16360.0
"HERA-v3 (onset-gated, CRC)",0.25,1,3,Bearing1_4,premature,4760.0,1301.25,0.9985994397759104,124.0,14270.0
"HERA-v3 (onset-gated, CRC)",0.25,1,3,Bearing2_4,premature,3710.0,1301.25,0.9973368841544608,124.0,7500.0
"HERA-v3 (onset-gated, CRC)",0.25,1,3,Bearing3_2,premature,14560.0,1301.25,0.9987782529016493,124.0,16360.0
"HERA-v3 (onset-gated, CRC)",0.3,1,3,Bearing1_4,premature,3410.0,986.25,0.9537815126050421,123.76470588235294,14270.0
"HERA-v3 (onset-gated, CRC)",0.3,1,3,Bearing2_4,premature,3590.0,986.25,0.6218375499334221,91.04127829560586,7500.0
"HERA-v3 (onset-gated, CRC)",0.3,1,3,Bearing3_2,timely,2230.0,986.25,0.9248625534514355,119.89492974954184,16360.0
"HERA-v3 (onset-gated, CRC)",0.4,1,3,Bearing1_4,premature,3410.0,952.5,0.9530812324929971,123.68627450980392,14270.0
"HERA-v3 (onset-gated, CRC)",0.4,1,3,Bearing2_4,premature,3590.0,952.5,0.6218375499334221,91.04127829560586,7500.0
"HERA-v3 (onset-gated, CRC)",0.4,1,3,Bearing3_2,timely,2230.0,952.5,0.9248625534514355,119.89492974954184,16360.0
"HERA-v3b (onset gate + burn-in, CRC)",0.1,1,3,Bearing1_4,premature,3370.0,3000.0,0.23809523809523808,43.6078431372549,14270.0
"HERA-v3b (onset gate + burn-in, CRC)",0.1,1,3,Bearing2_4,late,20.0,3000.0,0.006657789613848202,22.14114513981358,7500.0
"HERA-v3b (onset gate + burn-in, CRC)",0.1,1,3,Bearing3_2,timely,1600.0,3000.0,0.09957238851557727,27.462431276725717,16360.0
"HERA-v3b (onset gate + burn-in, CRC)",0.15,1,3,Bearing1_4,premature,3370.0,3000.0,0.23809523809523808,43.6078431372549,14270.0
"HERA-v3b (onset gate + burn-in, CRC)",0.15,1,3,Bearing2_4,late,20.0,3000.0,0.006657789613848202,22.14114513981358,7500.0
"HERA-v3b (onset gate + burn-in, CRC)",0.15,1,3,Bearing3_2,timely,1600.0,3000.0,0.09957238851557727,27.462431276725717,16360.0
"HERA-v3b (onset gate + burn-in, CRC)",0.2,1,3,Bearing1_4,premature,3370.0,3000.0,0.23809523809523808,43.6078431372549,14270.0
"HERA-v3b (onset gate + burn-in, CRC)",0.2,1,3,Bearing2_4,late,20.0,3000.0,0.006657789613848202,22.14114513981358,7500.0
"HERA-v3b (onset gate + burn-in, CRC)",0.2,1,3,Bearing3_2,timely,1600.0,3000.0,0.09957238851557727,27.462431276725717,16360.0
"HERA-v3b (onset gate + burn-in, CRC)",0.25,1,3,Bearing1_4,premature,3370.0,3000.0,0.23809523809523808,43.6078431372549,14270.0
"HERA-v3b (onset gate + burn-in, CRC)",0.25,1,3,Bearing2_4,late,20.0,3000.0,0.006657789613848202,22.14114513981358,7500.0
"HERA-v3b (onset gate + burn-in, CRC)",0.25,1,3,Bearing3_2,timely,1600.0,3000.0,0.09957238851557727,27.462431276725717,16360.0
"HERA-v3b (onset gate + burn-in, CRC)",0.3,1,3,Bearing1_4,premature,3370.0,3000.0,0.23809523809523808,43.6078431372549,14270.0
"HERA-v3b (onset gate + burn-in, CRC)",0.3,1,3,Bearing2_4,late,20.0,3000.0,0.006657789613848202,22.14114513981358,7500.0
"HERA-v3b (onset gate + burn-in, CRC)",0.3,1,3,Bearing3_2,timely,1600.0,3000.0,0.09957238851557727,27.462431276725717,16360.0
"HERA-v3b (onset gate + burn-in, CRC)",0.4,1,3,Bearing1_4,premature,3370.0,3000.0,0.23809523809523808,43.6078431372549,14270.0
"HERA-v3b (onset gate + burn-in, CRC)",0.4,1,3,Bearing2_4,late,20.0,3000.0,0.006657789613848202,22.14114513981358,7500.0
"HERA-v3b (onset gate + burn-in, CRC)",0.4,1,3,Bearing3_2,timely,1600.0,3000.0,0.09957238851557727,27.462431276725717,16360.0
"Always-cloud, CRC + burn-in",0.1,1,3,Bearing1_4,premature,13750.0,2381.25,1.0,112.0,14270.0
"Always-cloud, CRC + burn-in",0.1,1,3,Bearing2_4,premature,6980.0,2381.25,1.0,112.0,7500.0
"Always-cloud, CRC + burn-in",0.1,1,3,Bearing3_2,premature,15630.0,2381.25,1.0,112.0,16360.0
"Always-cloud, CRC + burn-in",0.15,1,3,Bearing1_4,premature,9760.0,1897.5,1.0,112.0,14270.0
"Always-cloud, CRC + burn-in",0.15,1,3,Bearing2_4,premature,4430.0,1897.5,1.0,112.0,7500.0
"Always-cloud, CRC + burn-in",0.15,1,3,Bearing3_2,premature,15030.0,1897.5,1.0,112.0,16360.0
"Always-cloud, CRC + burn-in",0.2,1,3,Bearing1_4,premature,4760.0,1301.25,1.0,112.0,14270.0
"Always-cloud, CRC + burn-in",0.2,1,3,Bearing2_4,premature,3710.0,1301.25,1.0,112.0,7500.0
"Always-cloud, CRC + burn-in",0.2,1,3,Bearing3_2,premature,14560.0,1301.25,1.0,112.0,16360.0
"Always-cloud, CRC + burn-in",0.25,1,3,Bearing1_4,premature,4760.0,1301.25,1.0,112.0,14270.0
"Always-cloud, CRC + burn-in",0.25,1,3,Bearing2_4,premature,3710.0,1301.25,1.0,112.0,7500.0
"Always-cloud, CRC + burn-in",0.25,1,3,Bearing3_2,premature,14560.0,1301.25,1.0,112.0,16360.0
"Always-cloud, CRC + burn-in",0.3,1,3,Bearing1_4,premature,3410.0,952.5,1.0,112.0,14270.0
"Always-cloud, CRC + burn-in",0.3,1,3,Bearing2_4,premature,3590.0,952.5,1.0,112.0,7500.0
"Always-cloud, CRC + burn-in",0.3,1,3,Bearing3_2,timely,2230.0,952.5,1.0,112.0,16360.0
"Always-cloud, CRC + burn-in",0.4,1,3,Bearing1_4,premature,3380.0,626.25,1.0,112.0,14270.0
"Always-cloud, CRC + burn-in",0.4,1,3,Bearing2_4,late,0.0,626.25,1.0,112.0,7500.0
"Always-cloud, CRC + burn-in",0.4,1,3,Bearing3_2,timely,1560.0,626.25,1.0,112.0,16360.0
"Always-cloud, CRC",0.1,1,3,Bearing1_4,premature,13780.0,2347.5,1.0,112.0,14270.0
"Always-cloud, CRC",0.1,1,3,Bearing2_4,premature,7100.0,2347.5,1.0,112.0,7500.0
"Always-cloud, CRC",0.1,1,3,Bearing3_2,premature,16340.0,2347.5,1.0,112.0,16360.0
"Always-cloud, CRC",0.15,1,3,Bearing1_4,premature,9760.0,1897.5,1.0,112.0,14270.0
"Always-cloud, CRC",0.15,1,3,Bearing2_4,premature,4430.0,1897.5,1.0,112.0,7500.0
"Always-cloud, CRC",0.15,1,3,Bearing3_2,premature,15030.0,1897.5,1.0,112.0,16360.0
"Always-cloud, CRC",0.2,1,3,Bearing1_4,premature,4760.0,1301.25,1.0,112.0,14270.0
"Always-cloud, CRC",0.2,1,3,Bearing2_4,premature,3710.0,1301.25,1.0,112.0,7500.0
"Always-cloud, CRC",0.2,1,3,Bearing3_2,premature,14560.0,1301.25,1.0,112.0,16360.0
"Always-cloud, CRC",0.25,1,3,Bearing1_4,premature,4760.0,1301.25,1.0,112.0,14270.0
"Always-cloud, CRC",0.25,1,3,Bearing2_4,premature,3710.0,1301.25,1.0,112.0,7500.0
"Always-cloud, CRC",0.25,1,3,Bearing3_2,premature,14560.0,1301.25,1.0,112.0,16360.0
"Always-cloud, CRC",0.3,1,3,Bearing1_4,premature,3410.0,952.5,1.0,112.0,14270.0
"Always-cloud, CRC",0.3,1,3,Bearing2_4,premature,3590.0,952.5,1.0,112.0,7500.0
"Always-cloud, CRC",0.3,1,3,Bearing3_2,timely,2230.0,952.5,1.0,112.0,16360.0
"Always-cloud, CRC",0.4,1,3,Bearing1_4,premature,3380.0,626.25,1.0,112.0,14270.0
"Always-cloud, CRC",0.4,1,3,Bearing2_4,late,0.0,626.25,1.0,112.0,7500.0
"Always-cloud, CRC",0.4,1,3,Bearing3_2,timely,1560.0,626.25,1.0,112.0,16360.0
"Always-edge, CRC",0.1,1,3,Bearing1_4,premature,14220.0,2347.5,0.0,0.0,14270.0
"Always-edge, CRC",0.1,1,3,Bearing2_4,premature,7480.0,2347.5,0.0,0.0,7500.0
"Always-edge, CRC",0.1,1,3,Bearing3_2,premature,15260.0,2347.5,0.0,0.0,16360.0
"Always-edge, CRC",0.15,1,3,Bearing1_4,premature,13610.0,2178.75,0.0,0.0,14270.0
"Always-edge, CRC",0.15,1,3,Bearing2_4,premature,4660.0,2178.75,0.0,0.0,7500.0
"Always-edge, CRC",0.15,1,3,Bearing3_2,premature,15130.0,2178.75,0.0,0.0,16360.0
"Always-edge, CRC",0.2,1,3,Bearing1_4,premature,10270.0,2066.25,0.0,0.0,14270.0
"Always-edge, CRC",0.2,1,3,Bearing2_4,premature,4100.0,2066.25,0.0,0.0,7500.0
"Always-edge, CRC",0.2,1,3,Bearing3_2,premature,14930.0,2066.25,0.0,0.0,16360.0
"Always-edge, CRC",0.25,1,3,Bearing1_4,premature,10270.0,2066.25,0.0,0.0,14270.0
"Always-edge, CRC",0.25,1,3,Bearing2_4,premature,4100.0,2066.25,0.0,0.0,7500.0
"Always-edge, CRC",0.25,1,3,Bearing3_2,premature,14930.0,2066.25,0.0,0.0,16360.0
"Always-edge, CRC",0.3,1,3,Bearing1_4,premature,10240.0,2043.75,0.0,0.0,14270.0
"Always-edge, CRC",0.3,1,3,Bearing2_4,premature,4100.0,2043.75,0.0,0.0,7500.0
"Always-edge, CRC",0.3,1,3,Bearing3_2,premature,14930.0,2043.75,0.0,0.0,16360.0
"Always-edge, CRC",0.4,1,3,Bearing1_4,premature,3430.0,1672.5,0.0,0.0,14270.0
"Always-edge, CRC",0.4,1,3,Bearing2_4,premature,4060.0,1672.5,0.0,0.0,7500.0
"Always-edge, CRC",0.4,1,3,Bearing3_2,timely,2010.0,1672.5,0.0,0.0,16360.0
"Cloud point, fixed thr. H_p",,1,3,Bearing1_4,premature,3460.0,0.0,1.0,112.0,14270.0
"Cloud point, fixed thr. H_p",,1,3,Bearing2_4,premature,3700.0,0.0,1.0,112.0,7500.0
"Cloud point, fixed thr. H_p",,1,3,Bearing3_2,premature,14310.0,0.0,1.0,112.0,16360.0
"Cloud point, fixed thr. H_c",,1,3,Bearing1_4,premature,3300.0,0.0,1.0,112.0,14270.0
"Cloud point, fixed thr. H_c",,1,3,Bearing2_4,late,,0.0,1.0,112.0,7500.0
"Cloud point, fixed thr. H_c",,1,3,Bearing3_2,late,400.0,0.0,1.0,112.0,16360.0
Anomaly threshold,,1,3,Bearing1_4,premature,3370.0,0.0,0.0,0.0,14270.0
Anomaly threshold,,1,3,Bearing2_4,late,0.0,0.0,0.0,0.0,7500.0
Anomaly threshold,,1,3,Bearing3_2,late,,0.0,0.0,0.0,16360.0
"HERA-v3 (onset-gated, CRC)",0.1,2,0,Bearing1_1,premature,27980.0,2302.5,0.9992864787727435,124.0,28020.0
"HERA-v3 (onset-gated, CRC)",0.1,2,0,Bearing1_5,premature,24580.0,2302.5,0.999187982135607,124.0,24620.0
"HERA-v3 (onset-gated, CRC)",0.1,2,0,Bearing2_1,premature,8410.0,2302.5,0.9978046103183315,124.0,9100.0
"HERA-v3 (onset-gated, CRC)",0.1,2,0,Bearing2_5,premature,23060.0,2302.5,0.9991345737775854,124.0,23100.0
"HERA-v3 (onset-gated, CRC)",0.1,2,0,Bearing3_3,premature,4040.0,2302.5,0.9953917050691244,124.0,4330.0
"HERA-v3 (onset-gated, CRC)",0.15,2,0,Bearing1_1,premature,27980.0,2302.5,0.9992864787727435,124.0,28020.0
"HERA-v3 (onset-gated, CRC)",0.15,2,0,Bearing1_5,premature,24580.0,2302.5,0.999187982135607,124.0,24620.0
"HERA-v3 (onset-gated, CRC)",0.15,2,0,Bearing2_1,premature,8410.0,2302.5,0.9978046103183315,124.0,9100.0
"HERA-v3 (onset-gated, CRC)",0.15,2,0,Bearing2_5,premature,23060.0,2302.5,0.9991345737775854,124.0,23100.0
"HERA-v3 (onset-gated, CRC)",0.15,2,0,Bearing3_3,premature,4040.0,2302.5,0.9953917050691244,124.0,4330.0
"HERA-v3 (onset-gated, CRC)",0.2,2,0,Bearing1_1,late,70.0,862.5,0.9992864787727435,124.0,28020.0
"HERA-v3 (onset-gated, CRC)",0.2,2,0,Bearing1_5,late,90.0,862.5,0.999187982135607,124.0,24620.0
"HERA-v3 (onset-gated, CRC)",0.2,2,0,Bearing2_1,late,,862.5,0.8166849615806806,111.21405049396267,9100.0
"HERA-v3 (onset-gated, CRC)",0.2,2,0,Bearing2_5,premature,10440.0,862.5,0.9991345737775854,124.0,23100.0
"HERA-v3 (onset-gated, CRC)",0.2,2,0,Bearing3_3,late,,862.5,0.8110599078341014,119.09677419354838,4330.0
"HERA-v3 (onset-gated, CRC)",0.25,2,0,Bearing1_1,late,60.0,817.5,0.9992864787727435,124.0,28020.0
"HERA-v3 (onset-gated, CRC)",0.25,2,0,Bearing1_5,late,30.0,817.5,0.999187982135607,124.0,24620.0
"HERA-v3 (onset-gated, CRC)",0.25,2,0,Bearing2_1,late,,817.5,0.8133918770581778,110.84522502744237,9100.0
"HERA-v3 (onset-gated, CRC)",0.25,2,0,Bearing2_5,premature,10390.0,817.5,0.9991345737775854,124.0,23100.0
"HERA-v3 (onset-gated, CRC)",0.25,2,0,Bearing3_3,late,,817.5,0.8064516129032258,118.58064516129032,4330.0
"HERA-v3 (onset-gated, CRC)",0.3,2,0,Bearing1_1,late,60.0,817.5,0.9992864787727435,124.0,28020.0
"HERA-v3 (onset-gated, CRC)",0.3,2,0,Bearing1_5,late,30.0,817.5,0.999187982135607,124.0,24620.0
"HERA-v3 (onset-gated, CRC)",0.3,2,0,Bearing2_1,late,,817.5,0.8133918770581778,110.84522502744237,9100.0
"HERA-v3 (onset-gated, CRC)",0.3,2,0,Bearing2_5,premature,10390.0,817.5,0.9991345737775854,124.0,23100.0
"HERA-v3 (onset-gated, CRC)",0.3,2,0,Bearing3_3,late,,817.5,0.8064516129032258,118.58064516129032,4330.0
"HERA-v3 (onset-gated, CRC)",0.4,2,0,Bearing1_1,late,,390.0,0.9992864787727435,124.0,28020.0
"HERA-v3 (onset-gated, CRC)",0.4,2,0,Bearing1_5,late,,390.0,0.999187982135607,124.0,24620.0
"HERA-v3 (onset-gated, CRC)",0.4,2,0,Bearing2_1,late,,390.0,0.014270032930845226,21.34357848518112,9100.0
"HERA-v3 (onset-gated, CRC)",0.4,2,0,Bearing2_5,late,,390.0,0.0,12.0,23100.0
"HERA-v3 (onset-gated, CRC)",0.4,2,0,Bearing3_3,late,,390.0,0.08755760368663594,38.064516129032256,4330.0
"HERA-v3b (onset gate + burn-in, CRC)",0.1,2,0,Bearing1_1,premature,14810.0,3000.0,0.529432750624331,73.81377095968605,28020.0
"HERA-v3b (onset gate + burn-in, CRC)",0.1,2,0,Bearing1_5,late,150.0,3000.0,0.007308160779537149,15.683313032886723,24620.0
"HERA-v3b (onset gate + burn-in, CRC)",0.1,2,0,Bearing2_1,late,,3000.0,0.0021953896816684962,19.991218441273325,9100.0
"HERA-v3b (onset gate + burn-in, CRC)",0.1,2,0,Bearing2_5,late,320.0,3000.0,0.015144958892254435,16.749459108610992,23100.0
"HERA-v3b (onset gate + burn-in, CRC)",0.1,2,0,Bearing3_3,late,60.0,3000.0,0.020737327188940093,30.580645161290324,4330.0
"HERA-v3b (onset gate + burn-in, CRC)",0.15,2,0,Bearing1_1,premature,14810.0,3000.0,0.529432750624331,73.81377095968605,28020.0
"HERA-v3b (onset gate + burn-in, CRC)",0.15,2,0,Bearing1_5,late,150.0,3000.0,0.007308160779537149,15.683313032886723,24620.0
"HERA-v3b (onset gate + burn-in, CRC)",0.15,2,0,Bearing2_1,late,,3000.0,0.0021953896816684962,19.991218441273325,9100.0
"HERA-v3b (onset gate + burn-in, CRC)",0.15,2,0,Bearing2_5,late,320.0,3000.0,0.015144958892254435,16.749459108610992,23100.0
"HERA-v3b (onset gate + burn-in, CRC)",0.15,2,0,Bearing3_3,late,60.0,3000.0,0.020737327188940093,30.580645161290324,4330.0
"HERA-v3b (onset gate + burn-in, CRC)",0.2,2,0,Bearing1_1,premature,14810.0,3000.0,0.529432750624331,73.81377095968605,28020.0
"HERA-v3b (onset gate + burn-in, CRC)",0.2,2,0,Bearing1_5,late,150.0,3000.0,0.007308160779537149,15.683313032886723,24620.0
"HERA-v3b (onset gate + burn-in, CRC)",0.2,2,0,Bearing2_1,late,,3000.0,0.0021953896816684962,19.991218441273325,9100.0
"HERA-v3b (onset gate + burn-in, CRC)",0.2,2,0,Bearing2_5,late,320.0,3000.0,0.015144958892254435,16.749459108610992,23100.0
"HERA-v3b (onset gate + burn-in, CRC)",0.2,2,0,Bearing3_3,late,60.0,3000.0,0.020737327188940093,30.580645161290324,4330.0
"HERA-v3b (onset gate + burn-in, CRC)",0.25,2,0,Bearing1_1,premature,14810.0,3000.0,0.529432750624331,73.81377095968605,28020.0
"HERA-v3b (onset gate + burn-in, CRC)",0.25,2,0,Bearing1_5,late,150.0,3000.0,0.007308160779537149,15.683313032886723,24620.0
"HERA-v3b (onset gate + burn-in, CRC)",0.25,2,0,Bearing2_1,late,,3000.0,0.0021953896816684962,19.991218441273325,9100.0
"HERA-v3b (onset gate + burn-in, CRC)",0.25,2,0,Bearing2_5,late,320.0,3000.0,0.015144958892254435,16.749459108610992,23100.0
"HERA-v3b (onset gate + burn-in, CRC)",0.25,2,0,Bearing3_3,late,60.0,3000.0,0.020737327188940093,30.580645161290324,4330.0
"HERA-v3b (onset gate + burn-in, CRC)",0.3,2,0,Bearing1_1,premature,14810.0,3000.0,0.529432750624331,73.81377095968605,28020.0
"HERA-v3b (onset gate + burn-in, CRC)",0.3,2,0,Bearing1_5,late,150.0,3000.0,0.007308160779537149,15.683313032886723,24620.0
"HERA-v3b (onset gate + burn-in, CRC)",0.3,2,0,Bearing2_1,late,,3000.0,0.0021953896816684962,19.991218441273325,9100.0
"HERA-v3b (onset gate + burn-in, CRC)",0.3,2,0,Bearing2_5,late,320.0,3000.0,0.015144958892254435,16.749459108610992,23100.0
"HERA-v3b (onset gate + burn-in, CRC)",0.3,2,0,Bearing3_3,late,60.0,3000.0,0.020737327188940093,30.580645161290324,4330.0
"HERA-v3b (onset gate + burn-in, CRC)",0.4,2,0,Bearing1_1,premature,14810.0,3000.0,0.529432750624331,73.81377095968605,28020.0
"HERA-v3b (onset gate + burn-in, CRC)",0.4,2,0,Bearing1_5,late,150.0,3000.0,0.007308160779537149,15.683313032886723,24620.0
"HERA-v3b (onset gate + burn-in, CRC)",0.4,2,0,Bearing2_1,late,,3000.0,0.0021953896816684962,19.991218441273325,9100.0
"HERA-v3b (onset gate + burn-in, CRC)",0.4,2,0,Bearing2_5,late,320.0,3000.0,0.015144958892254435,16.749459108610992,23100.0
"HERA-v3b (onset gate + burn-in, CRC)",0.4,2,0,Bearing3_3,late,60.0,3000.0,0.020737327188940093,30.580645161290324,4330.0
"Always-cloud, CRC + burn-in",0.1,2,0,Bearing1_1,premature,15970.0,2302.5,1.0,112.0,28020.0
"Always-cloud, CRC + burn-in",0.1,2,0,Bearing1_5,premature,20240.0,2302.5,1.0,112.0,24620.0
"Always-cloud, CRC + burn-in",0.1,2,0,Bearing2_1,premature,8410.0,2302.5,1.0,112.0,9100.0
"Always-cloud, CRC + burn-in",0.1,2,0,Bearing2_5,premature,22060.0,2302.5,1.0,112.0,23100.0
"Always-cloud, CRC + burn-in",0.1,2,0,Bearing3_3,timely,2610.0,2302.5,1.0,112.0,4330.0
"Always-cloud, CRC + burn-in",0.15,2,0,Bearing1_1,premature,15970.0,2302.5,1.0,112.0,28020.0
"Always-cloud, CRC + burn-in",0.15,2,0,Bearing1_5,premature,20240.0,2302.5,1.0,112.0,24620.0
"Always-cloud, CRC + burn-in",0.15,2,0,Bearing2_1,premature,8410.0,2302.5,1.0,112.0,9100.0
"Always-cloud, CRC + burn-in",0.15,2,0,Bearing2_5,premature,22060.0,2302.5,1.0,112.0,23100.0
"Always-cloud, CRC + burn-in",0.15,2,0,Bearing3_3,timely,2610.0,2302.5,1.0,112.0,4330.0
"Always-cloud, CRC + burn-in",0.2,2,0,Bearing1_1,late,70.0,862.5,1.0,112.0,28020.0
"Always-cloud, CRC + burn-in",0.2,2,0,Bearing1_5,late,90.0,862.5,1.0,112.0,24620.0
"Always-cloud, CRC + burn-in",0.2,2,0,Bearing2_1,premature,8080.0,862.5,1.0,112.0,9100.0
"Always-cloud, CRC + burn-in",0.2,2,0,Bearing2_5,premature,10440.0,862.5,1.0,112.0,23100.0
"Always-cloud, CRC + burn-in",0.2,2,0,Bearing3_3,late,,862.5,1.0,112.0,4330.0
"Always-cloud, CRC + burn-in",0.25,2,0,Bearing1_1,late,60.0,817.5,1.0,112.0,28020.0
"Always-cloud, CRC + burn-in",0.25,2,0,Bearing1_5,late,30.0,817.5,1.0,112.0,24620.0
"Always-cloud, CRC + burn-in",0.25,2,0,Bearing2_1,premature,8000.0,817.5,1.0,112.0,9100.0
"Always-cloud, CRC + burn-in",0.25,2,0,Bearing2_5,premature,10390.0,817.5,1.0,112.0,23100.0
"Always-cloud, CRC + burn-in",0.25,2,0,Bearing3_3,late,,817.5,1.0,112.0,4330.0
"Always-cloud, CRC + burn-in",0.3,2,0,Bearing1_1,late,60.0,817.5,1.0,112.0,28020.0
"Always-cloud, CRC + burn-in",0.3,2,0,Bearing1_5,late,30.0,817.5,1.0,112.0,24620.0
"Always-cloud, CRC + burn-in",0.3,2,0,Bearing2_1,premature,8000.0,817.5,1.0,112.0,9100.0
"Always-cloud, CRC + burn-in",0.3,2,0,Bearing2_5,premature,10390.0,817.5,1.0,112.0,23100.0
"Always-cloud, CRC + burn-in",0.3,2,0,Bearing3_3,late,,817.5,1.0,112.0,4330.0
"Always-cloud, CRC + burn-in",0.4,2,0,Bearing1_1,late,,390.0,1.0,112.0,28020.0
"Always-cloud, CRC + burn-in",0.4,2,0,Bearing1_5,late,,390.0,1.0,112.0,24620.0
"Always-cloud, CRC + burn-in",0.4,2,0,Bearing2_1,late,,390.0,1.0,112.0,9100.0
"Always-cloud, CRC + burn-in",0.4,2,0,Bearing2_5,late,,390.0,1.0,112.0,23100.0
"Always-cloud, CRC + burn-in",0.4,2,0,Bearing3_3,late,,390.0,1.0,112.0,4330.0
"Always-cloud, CRC",0.1,2,0,Bearing1_1,premature,28000.0,2302.5,1.0,112.0,28020.0
"Always-cloud, CRC",0.1,2,0,Bearing1_5,premature,24600.0,2302.5,1.0,112.0,24620.0
"Always-cloud, CRC",0.1,2,0,Bearing2_1,premature,8410.0,2302.5,1.0,112.0,9100.0
"Always-cloud, CRC",0.1,2,0,Bearing2_5,premature,23080.0,2302.5,1.0,112.0,23100.0
"Always-cloud, CRC",0.1,2,0,Bearing3_3,premature,4040.0,2302.5,1.0,112.0,4330.0
"Always-cloud, CRC",0.15,2,0,Bearing1_1,premature,28000.0,2302.5,1.0,112.0,28020.0
"Always-cloud, CRC",0.15,2,0,Bearing1_5,premature,24600.0,2302.5,1.0,112.0,24620.0
"Always-cloud, CRC",0.15,2,0,Bearing2_1,premature,8410.0,2302.5,1.0,112.0,9100.0
"Always-cloud, CRC",0.15,2,0,Bearing2_5,premature,23080.0,2302.5,1.0,112.0,23100.0
"Always-cloud, CRC",0.15,2,0,Bearing3_3,premature,4040.0,2302.5,1.0,112.0,4330.0
"Always-cloud, CRC",0.2,2,0,Bearing1_1,late,70.0,862.5,1.0,112.0,28020.0
"Always-cloud, CRC",0.2,2,0,Bearing1_5,late,90.0,862.5,1.0,112.0,24620.0
"Always-cloud, CRC",0.2,2,0,Bearing2_1,premature,8080.0,862.5,1.0,112.0,9100.0
"Always-cloud, CRC",0.2,2,0,Bearing2_5,premature,10440.0,862.5,1.0,112.0,23100.0
"Always-cloud, CRC",0.2,2,0,Bearing3_3,late,,862.5,1.0,112.0,4330.0
"Always-cloud, CRC",0.25,2,0,Bearing1_1,late,60.0,817.5,1.0,112.0,28020.0
"Always-cloud, CRC",0.25,2,0,Bearing1_5,late,30.0,817.5,1.0,112.0,24620.0
"Always-cloud, CRC",0.25,2,0,Bearing2_1,premature,8000.0,817.5,1.0,112.0,9100.0
"Always-cloud, CRC",0.25,2,0,Bearing2_5,premature,10390.0,817.5,1.0,112.0,23100.0
"Always-cloud, CRC",0.25,2,0,Bearing3_3,late,,817.5,1.0,112.0,4330.0
"Always-cloud, CRC",0.3,2,0,Bearing1_1,late,60.0,817.5,1.0,112.0,28020.0
"Always-cloud, CRC",0.3,2,0,Bearing1_5,late,30.0,817.5,1.0,112.0,24620.0
"Always-cloud, CRC",0.3,2,0,Bearing2_1,premature,8000.0,817.5,1.0,112.0,9100.0
"Always-cloud, CRC",0.3,2,0,Bearing2_5,premature,10390.0,817.5,1.0,112.0,23100.0
"Always-cloud, CRC",0.3,2,0,Bearing3_3,late,,817.5,1.0,112.0,4330.0
"Always-cloud, CRC",0.4,2,0,Bearing1_1,late,,390.0,1.0,112.0,28020.0
"Always-cloud, CRC",0.4,2,0,Bearing1_5,late,,390.0,1.0,112.0,24620.0
"Always-cloud, CRC",0.4,2,0,Bearing2_1,late,,390.0,1.0,112.0,9100.0
"Always-cloud, CRC",0.4,2,0,Bearing2_5,late,,390.0,1.0,112.0,23100.0
"Always-cloud, CRC",0.4,2,0,Bearing3_3,late,,390.0,1.0,112.0,4330.0
"Always-edge, CRC",0.1,2,0,Bearing1_1,premature,28000.0,1796.25,0.0,0.0,28020.0
"Always-edge, CRC",0.1,2,0,Bearing1_5,premature,24600.0,1796.25,0.0,0.0,24620.0
"Always-edge, CRC",0.1,2,0,Bearing2_1,late,250.0,1796.25,0.0,0.0,9100.0
"Always-edge, CRC",0.1,2,0,Bearing2_5,late,,1796.25,0.0,0.0,23100.0
"Always-edge, CRC",0.1,2,0,Bearing3_3,timely,2970.0,1796.25,0.0,0.0,4330.0
"Always-edge, CRC",0.15,2,0,Bearing1_1,premature,28000.0,1796.25,0.0,0.0,28020.0
"Always-edge, CRC",0.15,2,0,Bearing1_5,premature,24600.0,1796.25,0.0,0.0,24620.0
"Always-edge, CRC",0.15,2,0,Bearing2_1,late,250.0,1796.25,0.0,0.0,9100.0
"Always-edge, CRC",0.15,2,0,Bearing2_5,late,,1796.25,0.0,0.0,23100.0
"Always-edge, CRC",0.15,2,0,Bearing3_3,timely,2970.0,1796.25,0.0,0.0,4330.0
"Always-edge, CRC",0.2,2,0,Bearing1_1,premature,28000.0,1740.0,0.0,0.0,28020.0
"Always-edge, CRC",0.2,2,0,Bearing1_5,premature,24600.0,1740.0,0.0,0.0,24620.0
"Always-edge, CRC",0.2,2,0,Bearing2_1,late,190.0,1740.0,0.0,0.0,9100.0
"Always-edge, CRC",0.2,2,0,Bearing2_5,late,,1740.0,0.0,0.0,23100.0
"Always-edge, CRC",0.2,2,0,Bearing3_3,timely,2890.0,1740.0,0.0,0.0,4330.0
"Always-edge, CRC",0.25,2,0,Bearing1_1,premature,28000.0,1593.75,0.0,0.0,28020.0
"Always-edge, CRC",0.25,2,0,Bearing1_5,premature,24600.0,1593.75,0.0,0.0,24620.0
"Always-edge, CRC",0.25,2,0,Bearing2_1,late,120.0,1593.75,0.0,0.0,9100.0
"Always-edge, CRC",0.25,2,0,Bearing2_5,late,,1593.75,0.0,0.0,23100.0
"Always-edge, CRC",0.25,2,0,Bearing3_3,timely,600.0,1593.75,0.0,0.0,4330.0
"Always-edge, CRC",0.3,2,0,Bearing1_1,premature,28000.0,1593.75,0.0,0.0,28020.0
"Always-edge, CRC",0.3,2,0,Bearing1_5,premature,24600.0,1593.75,0.0,0.0,24620.0
"Always-edge, CRC",0.3,2,0,Bearing2_1,late,120.0,1593.75,0.0,0.0,9100.0
"Always-edge, CRC",0.3,2,0,Bearing2_5,late,,1593.75,0.0,0.0,23100.0
"Always-edge, CRC",0.3,2,0,Bearing3_3,timely,600.0,1593.75,0.0,0.0,4330.0
"Always-edge, CRC",0.4,2,0,Bearing1_1,premature,28000.0,1425.0,0.0,0.0,28020.0
"Always-edge, CRC",0.4,2,0,Bearing1_5,premature,24600.0,1425.0,0.0,0.0,24620.0
"Always-edge, CRC",0.4,2,0,Bearing2_1,late,70.0,1425.0,0.0,0.0,9100.0
"Always-edge, CRC",0.4,2,0,Bearing2_5,late,,1425.0,0.0,0.0,23100.0
"Always-edge, CRC",0.4,2,0,Bearing3_3,late,300.0,1425.0,0.0,0.0,4330.0
"Cloud point, fixed thr. H_p",,2,0,Bearing1_1,late,310.0,0.0,1.0,112.0,28020.0
"Cloud point, fixed thr. H_p",,2,0,Bearing1_5,late,470.0,0.0,1.0,112.0,24620.0
"Cloud point, fixed thr. H_p",,2,0,Bearing2_1,premature,8260.0,0.0,1.0,112.0,9100.0
"Cloud point, fixed thr. H_p",,2,0,Bearing2_5,premature,10540.0,0.0,1.0,112.0,23100.0
"Cloud point, fixed thr. H_p",,2,0,Bearing3_3,late,,0.0,1.0,112.0,4330.0
"Cloud point, fixed thr. H_c",,2,0,Bearing1_1,late,,0.0,1.0,112.0,28020.0
"Cloud point, fixed thr. H_c",,2,0,Bearing1_5,late,,0.0,1.0,112.0,24620.0
"Cloud point, fixed thr. H_c",,2,0,Bearing2_1,late,,0.0,1.0,112.0,9100.0
"Cloud point, fixed thr. H_c",,2,0,Bearing2_5,late,,0.0,1.0,112.0,23100.0
"Cloud point, fixed thr. H_c",,2,0,Bearing3_3,late,,0.0,1.0,112.0,4330.0
Anomaly threshold,,2,0,Bearing1_1,premature,14830.0,0.0,0.0,0.0,28020.0
Anomaly threshold,,2,0,Bearing1_5,late,,0.0,0.0,0.0,24620.0
Anomaly threshold,,2,0,Bearing2_1,late,,0.0,0.0,0.0,9100.0
Anomaly threshold,,2,0,Bearing2_5,late,340.0,0.0,0.0,0.0,23100.0
Anomaly threshold,,2,0,Bearing3_3,late,60.0,0.0,0.0,0.0,4330.0
"HERA-v3 (onset-gated, CRC)",0.1,2,1,Bearing1_2,premature,7990.0,2347.5,0.9977037887485649,124.0,8700.0
"HERA-v3 (onset-gated, CRC)",0.1,2,1,Bearing1_6,premature,24430.0,2347.5,0.9991830065359477,124.0,24470.0
"HERA-v3 (onset-gated, CRC)",0.1,2,1,Bearing2_2,premature,7920.0,2347.5,0.9974905897114178,124.0,7960.0
"HERA-v3 (onset-gated, CRC)",0.1,2,1,Bearing2_6,premature,6960.0,2347.5,0.9971469329529244,124.0,7000.0
"HERA-v3 (onset-gated, CRC)",0.15,2,1,Bearing1_2,premature,7990.0,2347.5,0.9977037887485649,124.0,8700.0
"HERA-v3 (onset-gated, CRC)",0.15,2,1,Bearing1_6,premature,24430.0,2347.5,0.9991830065359477,124.0,24470.0
"HERA-v3 (onset-gated, CRC)",0.15,2,1,Bearing2_2,premature,7920.0,2347.5,0.9974905897114178,124.0,7960.0
"HERA-v3 (onset-gated, CRC)",0.15,2,1,Bearing2_6,premature,6960.0,2347.5,0.9971469329529244,124.0,7000.0
"HERA-v3 (onset-gated, CRC)",0.2,2,1,Bearing1_2,premature,7990.0,2347.5,0.9977037887485649,124.0,8700.0
"HERA-v3 (onset-gated, CRC)",0.2,2,1,Bearing1_6,premature,24430.0,2347.5,0.9991830065359477,124.0,24470.0
"HERA-v3 (onset-gated, CRC)",0.2,2,1,Bearing2_2,premature,7920.0,2347.5,0.9974905897114178,124.0,7960.0
"HERA-v3 (onset-gated, CRC)",0.2,2,1,Bearing2_6,premature,6960.0,2347.5,0.9971469329529244,124.0,7000.0
"HERA-v3 (onset-gated, CRC)",0.25,2,1,Bearing1_2,premature,7090.0,1852.5,0.9977037887485649,124.0,8700.0
"HERA-v3 (onset-gated, CRC)",0.25,2,1,Bearing1_6,premature,21580.0,1852.5,0.9991830065359477,124.0,24470.0
"HERA-v3 (onset-gated, CRC)",0.25,2,1,Bearing2_2,premature,5540.0,1852.5,0.9974905897114178,124.0,7960.0
"HERA-v3 (onset-gated, CRC)",0.25,2,1,Bearing2_6,premature,6960.0,1852.5,0.9971469329529244,124.0,7000.0
"HERA-v3 (onset-gated, CRC)",0.3,2,1,Bearing1_2,late,360.0,738.75,0.9977037887485649,124.0,8700.0
"HERA-v3 (onset-gated, CRC)",0.3,2,1,Bearing1_6,premature,8100.0,738.75,0.3321078431372549,52.07843137254902,24470.0
"HERA-v3 (onset-gated, CRC)",0.3,2,1,Bearing2_2,timely,640.0,738.75,0.7239648682559598,101.93726474278544,7960.0
"HERA-v3 (onset-gated, CRC)",0.3,2,1,Bearing2_6,late,310.0,738.75,0.9971469329529244,124.0,7000.0
"HERA-v3 (onset-gated, CRC)",0.4,2,1,Bearing1_2,late,330.0,637.5,0.9977037887485649,124.0,8700.0
"HERA-v3 (onset-gated, CRC)",0.4,2,1,Bearing1_6,premature,8100.0,637.5,0.3321078431372549,52.07843137254902,24470.0
"HERA-v3 (onset-gated, CRC)",0.4,2,1,Bearing2_2,late,490.0,637.5,0.7101631116687579,100.39146800501882,7960.0
"HERA-v3 (onset-gated, CRC)",0.4,2,1,Bearing2_6,late,270.0,637.5,0.9971469329529244,124.0,7000.0
"HERA-v3b (onset gate + burn-in, CRC)",0.1,2,1,Bearing1_2,late,390.0,3000.0,0.04822043628013777,25.501722158438575,8700.0
"HERA-v3b (onset gate + burn-in, CRC)",0.1,2,1,Bearing1_6,premature,8090.0,3000.0,0.33169934640522875,52.032679738562095,24470.0
"HERA-v3b (onset gate + burn-in, CRC)",0.1,2,1,Bearing2_2,premature,3730.0,3000.0,0.47176913425345046,73.69134253450439,7960.0
"HERA-v3b (onset gate + burn-in, CRC)",0.1,2,1,Bearing2_6,late,80.0,3000.0,0.015691868758915834,23.823109843081312,7000.0
"HERA-v3b (onset gate + burn-in, CRC)",0.15,2,1,Bearing1_2,late,390.0,3000.0,0.04822043628013777,25.501722158438575,8700.0
"HERA-v3b (onset gate + burn-in, CRC)",0.15,2,1,Bearing1_6,premature,8090.0,3000.0,0.33169934640522875,52.032679738562095,24470.0
"HERA-v3b (onset gate + burn-in, CRC)",0.15,2,1,Bearing2_2,premature,3730.0,3000.0,0.47176913425345046,73.69134253450439,7960.0
"HERA-v3b (onset gate + burn-in, CRC)",0.15,2,1,Bearing2_6,late,80.0,3000.0,0.015691868758915834,23.823109843081312,7000.0
"HERA-v3b (onset gate + burn-in, CRC)",0.2,2,1,Bearing1_2,late,390.0,3000.0,0.04822043628013777,25.501722158438575,8700.0
"HERA-v3b (onset gate + burn-in, CRC)",0.2,2,1,Bearing1_6,premature,8090.0,3000.0,0.33169934640522875,52.032679738562095,24470.0
"HERA-v3b (onset gate + burn-in, CRC)",0.2,2,1,Bearing2_2,premature,3730.0,3000.0,0.47176913425345046,73.69134253450439,7960.0
"HERA-v3b (onset gate + burn-in, CRC)",0.2,2,1,Bearing2_6,late,80.0,3000.0,0.015691868758915834,23.823109843081312,7000.0
"HERA-v3b (onset gate + burn-in, CRC)",0.25,2,1,Bearing1_2,late,390.0,3000.0,0.04822043628013777,25.501722158438575,8700.0
"HERA-v3b (onset gate + burn-in, CRC)",0.25,2,1,Bearing1_6,premature,8090.0,3000.0,0.33169934640522875,52.032679738562095,24470.0
"HERA-v3b (onset gate + burn-in, CRC)",0.25,2,1,Bearing2_2,premature,3730.0,3000.0,0.47176913425345046,73.69134253450439,7960.0
"HERA-v3b (onset gate + burn-in, CRC)",0.25,2,1,Bearing2_6,late,80.0,3000.0,0.015691868758915834,23.823109843081312,7000.0
"HERA-v3b (onset gate + burn-in, CRC)",0.3,2,1,Bearing1_2,late,390.0,3000.0,0.04822043628013777,25.501722158438575,8700.0
"HERA-v3b (onset gate + burn-in, CRC)",0.3,2,1,Bearing1_6,premature,8090.0,3000.0,0.33169934640522875,52.032679738562095,24470.0
"HERA-v3b (onset gate + burn-in, CRC)",0.3,2,1,Bearing2_2,premature,3730.0,3000.0,0.47176913425345046,73.69134253450439,7960.0
"HERA-v3b (onset gate + burn-in, CRC)",0.3,2,1,Bearing2_6,late,80.0,3000.0,0.015691868758915834,23.823109843081312,7000.0
"HERA-v3b (onset gate + burn-in, CRC)",0.4,2,1,Bearing1_2,late,390.0,3000.0,0.04822043628013777,25.501722158438575,8700.0
"HERA-v3b (onset gate + burn-in, CRC)",0.4,2,1,Bearing1_6,premature,8090.0,3000.0,0.33169934640522875,52.032679738562095,24470.0
"HERA-v3b (onset gate + burn-in, CRC)",0.4,2,1,Bearing2_2,premature,3730.0,3000.0,0.47176913425345046,73.69134253450439,7960.0
"HERA-v3b (onset gate + burn-in, CRC)",0.4,2,1,Bearing2_6,late,80.0,3000.0,0.015691868758915834,23.823109843081312,7000.0
"Always-cloud, CRC + burn-in",0.1,2,1,Bearing1_2,premature,8070.0,2392.5,1.0,112.0,8700.0
"Always-cloud, CRC + burn-in",0.1,2,1,Bearing1_6,premature,23950.0,2392.5,1.0,112.0,24470.0
"Always-cloud, CRC + burn-in",0.1,2,1,Bearing2_2,premature,6980.0,2392.5,1.0,112.0,7960.0
"Always-cloud, CRC + burn-in",0.1,2,1,Bearing2_6,premature,6300.0,2392.5,1.0,112.0,7000.0
"Always-cloud, CRC + burn-in",0.15,2,1,Bearing1_2,premature,7990.0,2347.5,1.0,112.0,8700.0
"Always-cloud, CRC + burn-in",0.15,2,1,Bearing1_6,premature,22910.0,2347.5,1.0,112.0,24470.0
"Always-cloud, CRC + burn-in",0.15,2,1,Bearing2_2,premature,5880.0,2347.5,1.0,112.0,7960.0
"Always-cloud, CRC + burn-in",0.15,2,1,Bearing2_6,premature,6180.0,2347.5,1.0,112.0,7000.0
"Always-cloud, CRC + burn-in",0.2,2,1,Bearing1_2,premature,7990.0,2347.5,1.0,112.0,8700.0
"Always-cloud, CRC + burn-in",0.2,2,1,Bearing1_6,premature,22910.0,2347.5,1.0,112.0,24470.0
"Always-cloud, CRC + burn-in",0.2,2,1,Bearing2_2,premature,5880.0,2347.5,1.0,112.0,7960.0
"Always-cloud, CRC + burn-in",0.2,2,1,Bearing2_6,premature,6180.0,2347.5,1.0,112.0,7000.0
"Always-cloud, CRC + burn-in",0.25,2,1,Bearing1_2,premature,7090.0,1852.5,1.0,112.0,8700.0
"Always-cloud, CRC + burn-in",0.25,2,1,Bearing1_6,premature,21580.0,1852.5,1.0,112.0,24470.0
"Always-cloud, CRC + burn-in",0.25,2,1,Bearing2_2,premature,5540.0,1852.5,1.0,112.0,7960.0
"Always-cloud, CRC + burn-in",0.25,2,1,Bearing2_6,premature,5850.0,1852.5,1.0,112.0,7000.0
"Always-cloud, CRC + burn-in",0.3,2,1,Bearing1_2,late,330.0,637.5,1.0,112.0,8700.0
"Always-cloud, CRC + burn-in",0.3,2,1,Bearing1_6,premature,8110.0,637.5,1.0,112.0,24470.0
"Always-cloud, CRC + burn-in",0.3,2,1,Bearing2_2,late,490.0,637.5,1.0,112.0,7960.0
"Always-cloud, CRC + burn-in",0.3,2,1,Bearing2_6,late,270.0,637.5,1.0,112.0,7000.0
"Always-cloud, CRC + burn-in",0.4,2,1,Bearing1_2,late,,198.75,1.0,112.0,8700.0
"Always-cloud, CRC + burn-in",0.4,2,1,Bearing1_6,premature,8090.0,198.75,1.0,112.0,24470.0
"Always-cloud, CRC + burn-in",0.4,2,1,Bearing2_2,late,,198.75,1.0,112.0,7960.0
"Always-cloud, CRC + burn-in",0.4,2,1,Bearing2_6,late,110.0,198.75,1.0,112.0,7000.0
"Always-cloud, CRC",0.1,2,1,Bearing1_2,premature,7990.0,2347.5,1.0,112.0,8700.0
"Always-cloud, CRC",0.1,2,1,Bearing1_6,premature,24450.0,2347.5,1.0,112.0,24470.0
"Always-cloud, CRC",0.1,2,1,Bearing2_2,premature,7940.0,2347.5,1.0,112.0,7960.0
"Always-cloud, CRC",0.1,2,1,Bearing2_6,premature,6980.0,2347.5,1.0,112.0,7000.0
"Always-cloud, CRC",0.15,2,1,Bearing1_2,premature,7990.0,2336.25,1.0,112.0,8700.0
"Always-cloud, CRC",0.15,2,1,Bearing1_6,premature,24450.0,2336.25,1.0,112.0,24470.0
"Always-cloud, CRC",0.15,2,1,Bearing2_2,premature,7940.0,2336.25,1.0,112.0,7960.0
"Always-cloud, CRC",0.15,2,1,Bearing2_6,premature,6980.0,2336.25,1.0,112.0,7000.0
"Always-cloud, CRC",0.2,2,1,Bearing1_2,premature,7990.0,2336.25,1.0,112.0,8700.0
"Always-cloud, CRC",0.2,2,1,Bearing1_6,premature,24450.0,2336.25,1.0,112.0,24470.0
"Always-cloud, CRC",0.2,2,1,Bearing2_2,premature,7940.0,2336.25,1.0,112.0,7960.0
"Always-cloud, CRC",0.2,2,1,Bearing2_6,premature,6980.0,2336.25,1.0,112.0,7000.0
"Always-cloud, CRC",0.25,2,1,Bearing1_2,premature,7090.0,1852.5,1.0,112.0,8700.0
"Always-cloud, CRC",0.25,2,1,Bearing1_6,premature,21580.0,1852.5,1.0,112.0,24470.0
"Always-cloud, CRC",0.25,2,1,Bearing2_2,premature,5540.0,1852.5,1.0,112.0,7960.0
"Always-cloud, CRC",0.25,2,1,Bearing2_6,premature,6980.0,1852.5,1.0,112.0,7000.0
"Always-cloud, CRC",0.3,2,1,Bearing1_2,late,330.0,637.5,1.0,112.0,8700.0
"Always-cloud, CRC",0.3,2,1,Bearing1_6,premature,8110.0,637.5,1.0,112.0,24470.0
"Always-cloud, CRC",0.3,2,1,Bearing2_2,late,490.0,637.5,1.0,112.0,7960.0
"Always-cloud, CRC",0.3,2,1,Bearing2_6,late,270.0,637.5,1.0,112.0,7000.0
"Always-cloud, CRC",0.4,2,1,Bearing1_2,late,,198.75,1.0,112.0,8700.0
"Always-cloud, CRC",0.4,2,1,Bearing1_6,premature,8090.0,198.75,1.0,112.0,24470.0
"Always-cloud, CRC",0.4,2,1,Bearing2_2,late,,198.75,1.0,112.0,7960.0
"Always-cloud, CRC",0.4,2,1,Bearing2_6,late,110.0,198.75,1.0,112.0,7000.0
"Always-edge, CRC",0.1,2,1,Bearing1_2,premature,8680.0,1942.5,0.0,0.0,8700.0
"Always-edge, CRC",0.1,2,1,Bearing1_6,premature,8120.0,1942.5,0.0,0.0,24470.0
"Always-edge, CRC",0.1,2,1,Bearing2_2,premature,5760.0,1942.5,0.0,0.0,7960.0
"Always-edge, CRC",0.1,2,1,Bearing2_6,premature,6980.0,1942.5,0.0,0.0,7000.0
"Always-edge, CRC",0.15,2,1,Bearing1_2,premature,8680.0,1807.5,0.0,0.0,8700.0
"Always-edge, CRC",0.15,2,1,Bearing1_6,premature,8120.0,1807.5,0.0,0.0,24470.0
"Always-edge, CRC",0.15,2,1,Bearing2_2,premature,5630.0,1807.5,0.0,0.0,7960.0
"Always-edge, CRC",0.15,2,1,Bearing2_6,premature,6980.0,1807.5,0.0,0.0,7000.0
"Always-edge, CRC",0.2,2,1,Bearing1_2,premature,8680.0,1807.5,0.0,0.0,8700.0
"Always-edge, CRC",0.2,2,1,Bearing1_6,premature,8120.0,1807.5,0.0,0.0,24470.0
"Always-edge, CRC",0.2,2,1,Bearing2_2,premature,5630.0,1807.5,0.0,0.0,7960.0
"Always-edge, CRC",0.2,2,1,Bearing2_6,premature,6980.0,1807.5,0.0,0.0,7000.0
"Always-edge, CRC",0.25,2,1,Bearing1_2,premature,8680.0,1751.25,0.0,0.0,8700.0
"Always-edge, CRC",0.25,2,1,Bearing1_6,premature,8120.0,1751.25,0.0,0.0,24470.0
"Always-edge, CRC",0.25,2,1,Bearing2_2,premature,5290.0,1751.25,0.0,0.0,7960.0
"Always-edge, CRC",0.25,2,1,Bearing2_6,premature,6980.0,1751.25,0.0,0.0,7000.0
"Always-edge, CRC",0.3,2,1,Bearing1_2,premature,8680.0,1548.75,0.0,0.0,8700.0
"Always-edge, CRC",0.3,2,1,Bearing1_6,premature,8110.0,1548.75,0.0,0.0,24470.0
"Always-edge, CRC",0.3,2,1,Bearing2_2,premature,4270.0,1548.75,0.0,0.0,7960.0
"Always-edge, CRC",0.3,2,1,Bearing2_6,premature,6980.0,1548.75,0.0,0.0,7000.0
"Always-edge, CRC",0.4,2,1,Bearing1_2,premature,8680.0,1492.5,0.0,0.0,8700.0
"Always-edge, CRC",0.4,2,1,Bearing1_6,premature,8110.0,1492.5,0.0,0.0,24470.0
"Always-edge, CRC",0.4,2,1,Bearing2_2,premature,4240.0,1492.5,0.0,0.0,7960.0
"Always-edge, CRC",0.4,2,1,Bearing2_6,premature,6980.0,1492.5,0.0,0.0,7000.0
"Cloud point, fixed thr. H_p",,2,1,Bearing1_2,timely,1290.0,0.0,1.0,112.0,8700.0
"Cloud point, fixed thr. H_p",,2,1,Bearing1_6,premature,8400.0,0.0,1.0,112.0,24470.0
"Cloud point, fixed thr. H_p",,2,1,Bearing2_2,timely,1240.0,0.0,1.0,112.0,7960.0
"Cloud point, fixed thr. H_p",,2,1,Bearing2_6,timely,870.0,0.0,1.0,112.0,7000.0
"Cloud point, fixed thr. H_c",,2,1,Bearing1_2,late,,0.0,1.0,112.0,8700.0
"Cloud point, fixed thr. H_c",,2,1,Bearing1_6,premature,8070.0,0.0,1.0,112.0,24470.0
"Cloud point, fixed thr. H_c",,2,1,Bearing2_2,late,,0.0,1.0,112.0,7960.0
"Cloud point, fixed thr. H_c",,2,1,Bearing2_6,late,100.0,0.0,1.0,112.0,7000.0
Anomaly threshold,,2,1,Bearing1_2,late,,0.0,0.0,0.0,8700.0
Anomaly threshold,,2,1,Bearing1_6,premature,8000.0,0.0,0.0,0.0,24470.0
Anomaly threshold,,2,1,Bearing2_2,late,,0.0,0.0,0.0,7960.0
Anomaly threshold,,2,1,Bearing2_6,late,100.0,0.0,0.0,0.0,7000.0
"HERA-v3 (onset-gated, CRC)",0.1,2,2,Bearing1_3,premature,16400.0,2246.25,0.9991578947368421,124.0,23740.0
"HERA-v3 (onset-gated, CRC)",0.1,2,2,Bearing1_7,premature,14800.0,2246.25,0.9991146525011066,124.0,22580.0
"HERA-v3 (onset-gated, CRC)",0.1,2,2,Bearing2_3,premature,16840.0,2246.25,0.9989769820971867,124.0,19540.0
"HERA-v3 (onset-gated, CRC)",0.1,2,2,Bearing2_7,late,,2246.25,0.991304347826087,124.0,2290.0
"HERA-v3 (onset-gated, CRC)",0.1,2,2,Bearing3_1,premature,5100.0,2246.25,0.996116504854369,124.0,5140.0
"HERA-v3 (onset-gated, CRC)",0.15,2,2,Bearing1_3,premature,16400.0,2246.25,0.9991578947368421,124.0,23740.0
"HERA-v3 (onset-gated, CRC)",0.15,2,2,Bearing1_7,premature,14800.0,2246.25,0.9991146525011066,124.0,22580.0
"HERA-v3 (onset-gated, CRC)",0.15,2,2,Bearing2_3,premature,16840.0,2246.25,0.9989769820971867,124.0,19540.0
"HERA-v3 (onset-gated, CRC)",0.15,2,2,Bearing2_7,late,,2246.25,0.991304347826087,124.0,2290.0
"HERA-v3 (onset-gated, CRC)",0.15,2,2,Bearing3_1,premature,5100.0,2246.25,0.996116504854369,124.0,5140.0
"HERA-v3 (onset-gated, CRC)",0.2,2,2,Bearing1_3,premature,6560.0,1492.5,0.9991578947368421,124.0,23740.0
"HERA-v3 (onset-gated, CRC)",0.2,2,2,Bearing1_7,premature,13450.0,1492.5,0.9991146525011066,124.0,22580.0
"HERA-v3 (onset-gated, CRC)",0.2,2,2,Bearing2_3,premature,16610.0,1492.5,0.9989769820971867,124.0,19540.0
"HERA-v3 (onset-gated, CRC)",0.2,2,2,Bearing2_7,late,,1492.5,0.991304347826087,124.0,2290.0
"HERA-v3 (onset-gated, CRC)",0.2,2,2,Bearing3_1,late,190.0,1492.5,0.996116504854369,124.0,5140.0
"HERA-v3 (onset-gated, CRC)",0.25,2,2,Bearing1_3,premature,6560.0,1425.0,0.9991578947368421,124.0,23740.0
"HERA-v3 (onset-gated, CRC)",0.25,2,2,Bearing1_7,premature,13390.0,1425.0,0.9991146525011066,124.0,22580.0
"HERA-v3 (onset-gated, CRC)",0.25,2,2,Bearing2_3,premature,16590.0,1425.0,0.9989769820971867,124.0,19540.0
"HERA-v3 (onset-gated, CRC)",0.25,2,2,Bearing2_7,late,,1425.0,0.991304347826087,124.0,2290.0
"HERA-v3 (onset-gated, CRC)",0.25,2,2,Bearing3_1,late,180.0,1425.0,0.996116504854369,124.0,5140.0
"HERA-v3 (onset-gated, CRC)",0.3,2,2,Bearing1_3,premature,6560.0,1425.0,0.9991578947368421,124.0,23740.0
"HERA-v3 (onset-gated, CRC)",0.3,2,2,Bearing1_7,premature,13390.0,1425.0,0.9991146525011066,124.0,22580.0
"HERA-v3 (onset-gated, CRC)",0.3,2,2,Bearing2_3,premature,16590.0,1425.0,0.9989769820971867,124.0,19540.0
"HERA-v3 (onset-gated, CRC)",0.3,2,2,Bearing2_7,late,,1425.0,0.991304347826087,124.0,2290.0
"HERA-v3 (onset-gated, CRC)",0.3,2,2,Bearing3_1,late,180.0,1425.0,0.996116504854369,124.0,5140.0
"HERA-v3 (onset-gated, CRC)",0.4,2,2,Bearing1_3,premature,6460.0,840.0,0.9991578947368421,124.0,23740.0
"HERA-v3 (onset-gated, CRC)",0.4,2,2,Bearing1_7,premature,6450.0,840.0,0.9991146525011066,124.0,22580.0
"HERA-v3 (onset-gated, CRC)",0.4,2,2,Bearing2_3,premature,16390.0,840.0,0.9989769820971867,124.0,19540.0
"HERA-v3 (onset-gated, CRC)",0.4,2,2,Bearing2_7,late,,840.0,0.991304347826087,124.0,2290.0
"HERA-v3 (onset-gated, CRC)",0.4,2,2,Bearing3_1,late,50.0,840.0,0.996116504854369,124.0,5140.0
"HERA-v3b (onset gate + burn-in, CRC)",0.1,2,2,Bearing1_3,premature,6590.0,3000.0,0.27873684210526317,46.189473684210526,23740.0
"HERA-v3b (onset gate + burn-in, CRC)",0.1,2,2,Bearing1_7,late,400.0,3000.0,0.019034971226206288,17.25542275343072,22580.0
"HERA-v3b (onset gate + burn-in, CRC)",0.1,2,2,Bearing2_3,premature,16840.0,3000.0,0.8629156010230179,112.25575447570333,19540.0
"HERA-v3b (onset gate + burn-in, CRC)",0.1,2,2,Bearing2_7,late,,3000.0,0.008695652173913044,43.65217391304348,2290.0
"HERA-v3b (onset gate + burn-in, CRC)",0.1,2,2,Bearing3_1,late,170.0,3000.0,0.038834951456310676,30.050485436893204,5140.0
"HERA-v3b (onset gate + burn-in, CRC)",0.15,2,2,Bearing1_3,premature,6590.0,3000.0,0.27873684210526317,46.189473684210526,23740.0
"HERA-v3b (onset gate + burn-in, CRC)",0.15,2,2,Bearing1_7,late,400.0,3000.0,0.019034971226206288,17.25542275343072,22580.0
"HERA-v3b (onset gate + burn-in, CRC)",0.15,2,2,Bearing2_3,premature,16840.0,3000.0,0.8629156010230179,112.25575447570333,19540.0
"HERA-v3b (onset gate + burn-in, CRC)",0.15,2,2,Bearing2_7,late,,3000.0,0.008695652173913044,43.65217391304348,2290.0
"HERA-v3b (onset gate + burn-in, CRC)",0.15,2,2,Bearing3_1,late,170.0,3000.0,0.038834951456310676,30.050485436893204,5140.0
"HERA-v3b (onset gate + burn-in, CRC)",0.2,2,2,Bearing1_3,premature,6590.0,3000.0,0.27873684210526317,46.189473684210526,23740.0
"HERA-v3b (onset gate + burn-in, CRC)",0.2,2,2,Bearing1_7,late,400.0,3000.0,0.019034971226206288,17.25542275343072,22580.0
"HERA-v3b (onset gate + burn-in, CRC)",0.2,2,2,Bearing2_3,premature,16840.0,3000.0,0.8629156010230179,112.25575447570333,19540.0
"HERA-v3b (onset gate + burn-in, CRC)",0.2,2,2,Bearing2_7,late,,3000.0,0.008695652173913044,43.65217391304348,2290.0
"HERA-v3b (onset gate + burn-in, CRC)",0.2,2,2,Bearing3_1,late,170.0,3000.0,0.038834951456310676,30.050485436893204,5140.0
"HERA-v3b (onset gate + burn-in, CRC)",0.25,2,2,Bearing1_3,premature,6590.0,3000.0,0.27873684210526317,46.189473684210526,23740.0
"HERA-v3b (onset gate + burn-in, CRC)",0.25,2,2,Bearing1_7,late,400.0,3000.0,0.019034971226206288,17.25542275343072,22580.0
"HERA-v3b (onset gate + burn-in, CRC)",0.25,2,2,Bearing2_3,premature,16840.0,3000.0,0.8629156010230179,112.25575447570333,19540.0
"HERA-v3b (onset gate + burn-in, CRC)",0.25,2,2,Bearing2_7,late,,3000.0,0.008695652173913044,43.65217391304348,2290.0
"HERA-v3b (onset gate + burn-in, CRC)",0.25,2,2,Bearing3_1,late,170.0,3000.0,0.038834951456310676,30.050485436893204,5140.0
"HERA-v3b (onset gate + burn-in, CRC)",0.3,2,2,Bearing1_3,premature,6590.0,3000.0,0.27873684210526317,46.189473684210526,23740.0
"HERA-v3b (onset gate + burn-in, CRC)",0.3,2,2,Bearing1_7,late,400.0,3000.0,0.019034971226206288,17.25542275343072,22580.0
"HERA-v3b (onset gate + burn-in, CRC)",0.3,2,2,Bearing2_3,premature,16840.0,3000.0,0.8629156010230179,112.25575447570333,19540.0
"HERA-v3b (onset gate + burn-in, CRC)",0.3,2,2,Bearing2_7,late,,3000.0,0.008695652173913044,43.65217391304348,2290.0
"HERA-v3b (onset gate + burn-in, CRC)",0.3,2,2,Bearing3_1,late,170.0,3000.0,0.038834951456310676,30.050485436893204,5140.0
"HERA-v3b (onset gate + burn-in, CRC)",0.4,2,2,Bearing1_3,premature,6590.0,3000.0,0.27873684210526317,46.189473684210526,23740.0
"HERA-v3b (onset gate + burn-in, CRC)",0.4,2,2,Bearing1_7,late,400.0,3000.0,0.019034971226206288,17.25542275343072,22580.0
"HERA-v3b (onset gate + burn-in, CRC)",0.4,2,2,Bearing2_3,premature,16840.0,3000.0,0.8629156010230179,112.25575447570333,19540.0
"HERA-v3b (onset gate + burn-in, CRC)",0.4,2,2,Bearing2_7,late,,3000.0,0.008695652173913044,43.65217391304348,2290.0
"HERA-v3b (onset gate + burn-in, CRC)",0.4,2,2,Bearing3_1,late,170.0,3000.0,0.038834951456310676,30.050485436893204,5140.0
"Always-cloud, CRC + burn-in",0.1,2,2,Bearing1_3,premature,16480.0,2302.5,1.0,112.0,23740.0
"Always-cloud, CRC + burn-in",0.1,2,2,Bearing1_7,premature,15660.0,2302.5,1.0,112.0,22580.0
"Always-cloud, CRC + burn-in",0.1,2,2,Bearing2_3,premature,16850.0,2302.5,1.0,112.0,19540.0
"Always-cloud, CRC + burn-in",0.1,2,2,Bearing2_7,timely,630.0,2302.5,1.0,112.0,2290.0
"Always-cloud, CRC + burn-in",0.1,2,2,Bearing3_1,timely,2360.0,2302.5,1.0,112.0,5140.0
"Always-cloud, CRC + burn-in",0.15,2,2,Bearing1_3,premature,16480.0,2302.5,1.0,112.0,23740.0
"Always-cloud, CRC + burn-in",0.15,2,2,Bearing1_7,premature,15660.0,2302.5,1.0,112.0,22580.0
"Always-cloud, CRC + burn-in",0.15,2,2,Bearing2_3,premature,16850.0,2302.5,1.0,112.0,19540.0
"Always-cloud, CRC + burn-in",0.15,2,2,Bearing2_7,timely,630.0,2302.5,1.0,112.0,2290.0
"Always-cloud, CRC + burn-in",0.15,2,2,Bearing3_1,timely,2360.0,2302.5,1.0,112.0,5140.0
"Always-cloud, CRC + burn-in",0.2,2,2,Bearing1_3,premature,16400.0,2246.25,1.0,112.0,23740.0
"Always-cloud, CRC + burn-in",0.2,2,2,Bearing1_7,premature,14800.0,2246.25,1.0,112.0,22580.0
"Always-cloud, CRC + burn-in",0.2,2,2,Bearing2_3,premature,16840.0,2246.25,1.0,112.0,19540.0
"Always-cloud, CRC + burn-in",0.2,2,2,Bearing2_7,late,,2246.25,1.0,112.0,2290.0
"Always-cloud, CRC + burn-in",0.2,2,2,Bearing3_1,timely,2220.0,2246.25,1.0,112.0,5140.0
"Always-cloud, CRC + burn-in",0.25,2,2,Bearing1_3,premature,6560.0,1492.5,1.0,112.0,23740.0
"Always-cloud, CRC + burn-in",0.25,2,2,Bearing1_7,premature,13450.0,1492.5,1.0,112.0,22580.0
"Always-cloud, CRC + burn-in",0.25,2,2,Bearing2_3,premature,16610.0,1492.5,1.0,112.0,19540.0
"Always-cloud, CRC + burn-in",0.25,2,2,Bearing2_7,late,,1492.5,1.0,112.0,2290.0
"Always-cloud, CRC + burn-in",0.25,2,2,Bearing3_1,late,190.0,1492.5,1.0,112.0,5140.0
"Always-cloud, CRC + burn-in",0.3,2,2,Bearing1_3,premature,6560.0,1492.5,1.0,112.0,23740.0
"Always-cloud, CRC + burn-in",0.3,2,2,Bearing1_7,premature,13450.0,1492.5,1.0,112.0,22580.0
"Always-cloud, CRC + burn-in",0.3,2,2,Bearing2_3,premature,16610.0,1492.5,1.0,112.0,19540.0
"Always-cloud, CRC + burn-in",0.3,2,2,Bearing2_7,late,,1492.5,1.0,112.0,2290.0
"Always-cloud, CRC + burn-in",0.3,2,2,Bearing3_1,late,190.0,1492.5,1.0,112.0,5140.0
"Always-cloud, CRC + burn-in",0.4,2,2,Bearing1_3,premature,6500.0,1087.5,1.0,112.0,23740.0
"Always-cloud, CRC + burn-in",0.4,2,2,Bearing1_7,premature,12730.0,1087.5,1.0,112.0,22580.0
"Always-cloud, CRC + burn-in",0.4,2,2,Bearing2_3,premature,16510.0,1087.5,1.0,112.0,19540.0
"Always-cloud, CRC + burn-in",0.4,2,2,Bearing2_7,late,,1087.5,1.0,112.0,2290.0
"Always-cloud, CRC + burn-in",0.4,2,2,Bearing3_1,late,140.0,1087.5,1.0,112.0,5140.0
"Always-cloud, CRC",0.1,2,2,Bearing1_3,premature,16400.0,2246.25,1.0,112.0,23740.0
"Always-cloud, CRC",0.1,2,2,Bearing1_7,premature,14800.0,2246.25,1.0,112.0,22580.0
"Always-cloud, CRC",0.1,2,2,Bearing2_3,premature,16840.0,2246.25,1.0,112.0,19540.0
"Always-cloud, CRC",0.1,2,2,Bearing2_7,late,,2246.25,1.0,112.0,2290.0
"Always-cloud, CRC",0.1,2,2,Bearing3_1,premature,5120.0,2246.25,1.0,112.0,5140.0
"Always-cloud, CRC",0.15,2,2,Bearing1_3,premature,16400.0,2246.25,1.0,112.0,23740.0
"Always-cloud, CRC",0.15,2,2,Bearing1_7,premature,14800.0,2246.25,1.0,112.0,22580.0
"Always-cloud, CRC",0.15,2,2,Bearing2_3,premature,16840.0,2246.25,1.0,112.0,19540.0
"Always-cloud, CRC",0.15,2,2,Bearing2_7,late,,2246.25,1.0,112.0,2290.0
"Always-cloud, CRC",0.15,2,2,Bearing3_1,premature,5120.0,2246.25,1.0,112.0,5140.0
"Always-cloud, CRC",0.2,2,2,Bearing1_3,premature,6560.0,1492.5,1.0,112.0,23740.0
"Always-cloud, CRC",0.2,2,2,Bearing1_7,premature,13450.0,1492.5,1.0,112.0,22580.0
"Always-cloud, CRC",0.2,2,2,Bearing2_3,premature,16610.0,1492.5,1.0,112.0,19540.0
"Always-cloud, CRC",0.2,2,2,Bearing2_7,late,,1492.5,1.0,112.0,2290.0
"Always-cloud, CRC",0.2,2,2,Bearing3_1,late,190.0,1492.5,1.0,112.0,5140.0
"Always-cloud, CRC",0.25,2,2,Bearing1_3,premature,6560.0,1425.0,1.0,112.0,23740.0
"Always-cloud, CRC",0.25,2,2,Bearing1_7,premature,13390.0,1425.0,1.0,112.0,22580.0
"Always-cloud, CRC",0.25,2,2,Bearing2_3,premature,16590.0,1425.0,1.0,112.0,19540.0
"Always-cloud, CRC",0.25,2,2,Bearing2_7,late,,1425.0,1.0,112.0,2290.0
"Always-cloud, CRC",0.25,2,2,Bearing3_1,late,180.0,1425.0,1.0,112.0,5140.0
"Always-cloud, CRC",0.3,2,2,Bearing1_3,premature,6560.0,1425.0,1.0,112.0,23740.0
"Always-cloud, CRC",0.3,2,2,Bearing1_7,premature,13390.0,1425.0,1.0,112.0,22580.0
"Always-cloud, CRC",0.3,2,2,Bearing2_3,premature,16590.0,1425.0,1.0,112.0,19540.0
"Always-cloud, CRC",0.3,2,2,Bearing2_7,late,,1425.0,1.0,112.0,2290.0
"Always-cloud, CRC",0.3,2,2,Bearing3_1,late,180.0,1425.0,1.0,112.0,5140.0
"Always-cloud, CRC",0.4,2,2,Bearing1_3,premature,6460.0,840.0,1.0,112.0,23740.0
"Always-cloud, CRC",0.4,2,2,Bearing1_7,premature,6450.0,840.0,1.0,112.0,22580.0
"Always-cloud, CRC",0.4,2,2,Bearing2_3,premature,16390.0,840.0,1.0,112.0,19540.0
"Always-cloud, CRC",0.4,2,2,Bearing2_7,late,,840.0,1.0,112.0,2290.0
"Always-cloud, CRC",0.4,2,2,Bearing3_1,late,50.0,840.0,1.0,112.0,5140.0
"Always-edge, CRC",0.1,2,2,Bearing1_3,premature,23560.0,1807.5,0.0,0.0,23740.0
"Always-edge, CRC",0.1,2,2,Bearing1_7,premature,12620.0,1807.5,0.0,0.0,22580.0
"Always-edge, CRC",0.1,2,2,Bearing2_3,premature,18560.0,1807.5,0.0,0.0,19540.0
"Always-edge, CRC",0.1,2,2,Bearing2_7,timely,2270.0,1807.5,0.0,0.0,2290.0
"Always-edge, CRC",0.1,2,2,Bearing3_1,premature,5120.0,1807.5,0.0,0.0,5140.0
"Always-edge, CRC",0.15,2,2,Bearing1_3,premature,23560.0,1807.5,0.0,0.0,23740.0
"Always-edge, CRC",0.15,2,2,Bearing1_7,premature,12620.0,1807.5,0.0,0.0,22580.0
"Always-edge, CRC",0.15,2,2,Bearing2_3,premature,18560.0,1807.5,0.0,0.0,19540.0
"Always-edge, CRC",0.15,2,2,Bearing2_7,timely,2270.0,1807.5,0.0,0.0,2290.0
"Always-edge, CRC",0.15,2,2,Bearing3_1,premature,5120.0,1807.5,0.0,0.0,5140.0
"Always-edge, CRC",0.2,2,2,Bearing1_3,premature,15850.0,1638.75,0.0,0.0,23740.0
"Always-edge, CRC",0.2,2,2,Bearing1_7,premature,11510.0,1638.75,0.0,0.0,22580.0
"Always-edge, CRC",0.2,2,2,Bearing2_3,premature,16860.0,1638.75,0.0,0.0,19540.0
"Always-edge, CRC",0.2,2,2,Bearing2_7,timely,2270.0,1638.75,0.0,0.0,2290.0
"Always-edge, CRC",0.2,2,2,Bearing3_1,premature,5120.0,1638.75,0.0,0.0,5140.0
"Always-edge, CRC",0.25,2,2,Bearing1_3,premature,15850.0,1616.25,0.0,0.0,23740.0
"Always-edge, CRC",0.25,2,2,Bearing1_7,premature,11490.0,1616.25,0.0,0.0,22580.0
"Always-edge, CRC",0.25,2,2,Bearing2_3,premature,16860.0,1616.25,0.0,0.0,19540.0
"Always-edge, CRC",0.25,2,2,Bearing2_7,timely,2270.0,1616.25,0.0,0.0,2290.0
"Always-edge, CRC",0.25,2,2,Bearing3_1,premature,5120.0,1616.25,0.0,0.0,5140.0
"Always-edge, CRC",0.3,2,2,Bearing1_3,premature,15850.0,1616.25,0.0,0.0,23740.0
"Always-edge, CRC",0.3,2,2,Bearing1_7,premature,11490.0,1616.25,0.0,0.0,22580.0
"Always-edge, CRC",0.3,2,2,Bearing2_3,premature,16860.0,1616.25,0.0,0.0,19540.0
"Always-edge, CRC",0.3,2,2,Bearing2_7,timely,2270.0,1616.25,0.0,0.0,2290.0
"Always-edge, CRC",0.3,2,2,Bearing3_1,premature,5120.0,1616.25,0.0,0.0,5140.0
"Always-edge, CRC",0.4,2,2,Bearing1_3,premature,13110.0,1368.75,0.0,0.0,23740.0
"Always-edge, CRC",0.4,2,2,Bearing1_7,late,420.0,1368.75,0.0,0.0,22580.0
"Always-edge, CRC",0.4,2,2,Bearing2_3,premature,16850.0,1368.75,0.0,0.0,19540.0
"Always-edge, CRC",0.4,2,2,Bearing2_7,timely,2270.0,1368.75,0.0,0.0,2290.0
"Always-edge, CRC",0.4,2,2,Bearing3_1,premature,5120.0,1368.75,0.0,0.0,5140.0
"Cloud point, fixed thr. H_p",,2,2,Bearing1_3,premature,6520.0,0.0,1.0,112.0,23740.0
"Cloud point, fixed thr. H_p",,2,2,Bearing1_7,premature,12960.0,0.0,1.0,112.0,22580.0
"Cloud point, fixed thr. H_p",,2,2,Bearing2_3,premature,16550.0,0.0,1.0,112.0,19540.0
"Cloud point, fixed thr. H_p",,2,2,Bearing2_7,late,,0.0,1.0,112.0,2290.0
"Cloud point, fixed thr. H_p",,2,2,Bearing3_1,late,160.0,0.0,1.0,112.0,5140.0
"Cloud point, fixed thr. H_c",,2,2,Bearing1_3,premature,5710.0,0.0,1.0,112.0,23740.0
"Cloud point, fixed thr. H_c",,2,2,Bearing1_7,late,,0.0,1.0,112.0,22580.0
"Cloud point, fixed thr. H_c",,2,2,Bearing2_3,late,,0.0,1.0,112.0,19540.0
"Cloud point, fixed thr. H_c",,2,2,Bearing2_7,late,,0.0,1.0,112.0,2290.0
"Cloud point, fixed thr. H_c",,2,2,Bearing3_1,late,,0.0,1.0,112.0,5140.0
Anomaly threshold,,2,2,Bearing1_3,premature,5900.0,0.0,0.0,0.0,23740.0
Anomaly threshold,,2,2,Bearing1_7,late,420.0,0.0,0.0,0.0,22580.0
Anomaly threshold,,2,2,Bearing2_3,premature,16860.0,0.0,0.0,0.0,19540.0
Anomaly threshold,,2,2,Bearing2_7,late,10.0,0.0,0.0,0.0,2290.0
Anomaly threshold,,2,2,Bearing3_1,late,190.0,0.0,0.0,0.0,5140.0
"HERA-v3 (onset-gated, CRC)",0.1,2,3,Bearing1_4,premature,14230.0,2336.25,0.9985994397759104,124.0,14270.0
"HERA-v3 (onset-gated, CRC)",0.1,2,3,Bearing2_4,premature,7050.0,2336.25,0.9973368841544608,124.0,7500.0
"HERA-v3 (onset-gated, CRC)",0.1,2,3,Bearing3_2,premature,16320.0,2336.25,0.9987782529016493,124.0,16360.0
"HERA-v3 (onset-gated, CRC)",0.15,2,3,Bearing1_4,premature,11400.0,2246.25,0.9985994397759104,124.0,14270.0
"HERA-v3 (onset-gated, CRC)",0.15,2,3,Bearing2_4,premature,5530.0,2246.25,0.9973368841544608,124.0,7500.0
"HERA-v3 (onset-gated, CRC)",0.15,2,3,Bearing3_2,premature,15160.0,2246.25,0.9987782529016493,124.0,16360.0
"HERA-v3 (onset-gated, CRC)",0.2,2,3,Bearing1_4,premature,9480.0,1447.5,0.9985994397759104,124.0,14270.0
"HERA-v3 (onset-gated, CRC)",0.2,2,3,Bearing2_4,premature,4090.0,1447.5,0.9973368841544608,124.0,7500.0
"HERA-v3 (onset-gated, CRC)",0.2,2,3,Bearing3_2,premature,15020.0,1447.5,0.9987782529016493,124.0,16360.0
"HERA-v3 (onset-gated, CRC)",0.25,2,3,Bearing1_4,premature,9480.0,1447.5,0.9985994397759104,124.0,14270.0
"HERA-v3 (onset-gated, CRC)",0.25,2,3,Bearing2_4,premature,4090.0,1447.5,0.9973368841544608,124.0,7500.0
"HERA-v3 (onset-gated, CRC)",0.25,2,3,Bearing3_2,premature,15020.0,1447.5,0.9987782529016493,124.0,16360.0
"HERA-v3 (onset-gated, CRC)",0.3,2,3,Bearing1_4,premature,3400.0,795.0,0.9985994397759104,124.0,14270.0
"HERA-v3 (onset-gated, CRC)",0.3,2,3,Bearing2_4,premature,3670.0,795.0,0.5472703062583223,82.68974700399467,7500.0
"HERA-v3 (onset-gated, CRC)",0.3,2,3,Bearing3_2,timely,1410.0,795.0,0.9205864386072083,119.41600488698839,16360.0
"HERA-v3 (onset-gated, CRC)",0.4,2,3,Bearing1_4,premature,3390.0,581.25,0.23949579831932774,43.76470588235294,14270.0
"HERA-v3 (onset-gated, CRC)",0.4,2,3,Bearing2_4,premature,3550.0,581.25,0.5406125166444741,81.94407456724367,7500.0
"HERA-v3 (onset-gated, CRC)",0.4,2,3,Bearing3_2,timely,1390.0,581.25,0.1209529627367135,29.857055589492976,16360.0
"HERA-v3b (onset gate + burn-in, CRC)",0.1,2,3,Bearing1_4,premature,3370.0,3000.0,0.23809523809523808,43.6078431372549,14270.0
"HERA-v3b (onset gate + burn-in, CRC)",0.1,2,3,Bearing2_4,late,20.0,3000.0,0.006657789613848202,22.14114513981358,7500.0
"HERA-v3b (onset gate + burn-in, CRC)",0.1,2,3,Bearing3_2,timely,1720.0,3000.0,0.10690287110568113,28.28344532681735,16360.0
"HERA-v3b (onset gate + burn-in, CRC)",0.15,2,3,Bearing1_4,premature,3370.0,3000.0,0.23809523809523808,43.6078431372549,14270.0
"HERA-v3b (onset gate + burn-in, CRC)",0.15,2,3,Bearing2_4,late,20.0,3000.0,0.006657789613848202,22.14114513981358,7500.0
"HERA-v3b (onset gate + burn-in, CRC)",0.15,2,3,Bearing3_2,timely,1720.0,3000.0,0.10690287110568113,28.28344532681735,16360.0
"HERA-v3b (onset gate + burn-in, CRC)",0.2,2,3,Bearing1_4,premature,3370.0,3000.0,0.23809523809523808,43.6078431372549,14270.0
"HERA-v3b (onset gate + burn-in, CRC)",0.2,2,3,Bearing2_4,late,20.0,3000.0,0.006657789613848202,22.14114513981358,7500.0
"HERA-v3b (onset gate + burn-in, CRC)",0.2,2,3,Bearing3_2,timely,1720.0,3000.0,0.10690287110568113,28.28344532681735,16360.0
"HERA-v3b (onset gate + burn-in, CRC)",0.25,2,3,Bearing1_4,premature,3370.0,3000.0,0.23809523809523808,43.6078431372549,14270.0
"HERA-v3b (onset gate + burn-in, CRC)",0.25,2,3,Bearing2_4,late,20.0,3000.0,0.006657789613848202,22.14114513981358,7500.0
"HERA-v3b (onset gate + burn-in, CRC)",0.25,2,3,Bearing3_2,timely,1720.0,3000.0,0.10690287110568113,28.28344532681735,16360.0
"HERA-v3b (onset gate + burn-in, CRC)",0.3,2,3,Bearing1_4,premature,3370.0,3000.0,0.23809523809523808,43.6078431372549,14270.0
"HERA-v3b (onset gate + burn-in, CRC)",0.3,2,3,Bearing2_4,late,20.0,3000.0,0.006657789613848202,22.14114513981358,7500.0
"HERA-v3b (onset gate + burn-in, CRC)",0.3,2,3,Bearing3_2,timely,1720.0,3000.0,0.10690287110568113,28.28344532681735,16360.0
"HERA-v3b (onset gate + burn-in, CRC)",0.4,2,3,Bearing1_4,premature,3370.0,3000.0,0.23809523809523808,43.6078431372549,14270.0
"HERA-v3b (onset gate + burn-in, CRC)",0.4,2,3,Bearing2_4,late,20.0,3000.0,0.006657789613848202,22.14114513981358,7500.0
"HERA-v3b (onset gate + burn-in, CRC)",0.4,2,3,Bearing3_2,timely,1720.0,3000.0,0.10690287110568113,28.28344532681735,16360.0
"Always-cloud, CRC + burn-in",0.1,2,3,Bearing1_4,premature,13750.0,2392.5,1.0,112.0,14270.0
"Always-cloud, CRC + burn-in",0.1,2,3,Bearing2_4,premature,6980.0,2392.5,1.0,112.0,7500.0
"Always-cloud, CRC + burn-in",0.1,2,3,Bearing3_2,premature,15830.0,2392.5,1.0,112.0,16360.0
"Always-cloud, CRC + burn-in",0.15,2,3,Bearing1_4,premature,13750.0,2370.0,1.0,112.0,14270.0
"Always-cloud, CRC + burn-in",0.15,2,3,Bearing2_4,premature,6980.0,2370.0,1.0,112.0,7500.0
"Always-cloud, CRC + burn-in",0.15,2,3,Bearing3_2,premature,15320.0,2370.0,1.0,112.0,16360.0
"Always-cloud, CRC + burn-in",0.2,2,3,Bearing1_4,premature,9480.0,1447.5,1.0,112.0,14270.0
"Always-cloud, CRC + burn-in",0.2,2,3,Bearing2_4,premature,4090.0,1447.5,1.0,112.0,7500.0
"Always-cloud, CRC + burn-in",0.2,2,3,Bearing3_2,premature,15020.0,1447.5,1.0,112.0,16360.0
"Always-cloud, CRC + burn-in",0.25,2,3,Bearing1_4,premature,9480.0,1447.5,1.0,112.0,14270.0
"Always-cloud, CRC + burn-in",0.25,2,3,Bearing2_4,premature,4090.0,1447.5,1.0,112.0,7500.0
"Always-cloud, CRC + burn-in",0.25,2,3,Bearing3_2,premature,15020.0,1447.5,1.0,112.0,16360.0
"Always-cloud, CRC + burn-in",0.3,2,3,Bearing1_4,premature,3390.0,648.75,1.0,112.0,14270.0
"Always-cloud, CRC + burn-in",0.3,2,3,Bearing2_4,premature,3660.0,648.75,1.0,112.0,7500.0
"Always-cloud, CRC + burn-in",0.3,2,3,Bearing3_2,timely,1390.0,648.75,1.0,112.0,16360.0
"Always-cloud, CRC + burn-in",0.4,2,3,Bearing1_4,premature,3370.0,356.25,1.0,112.0,14270.0
"Always-cloud, CRC + burn-in",0.4,2,3,Bearing2_4,premature,3540.0,356.25,1.0,112.0,7500.0
"Always-cloud, CRC + burn-in",0.4,2,3,Bearing3_2,timely,960.0,356.25,1.0,112.0,16360.0
"Always-cloud, CRC",0.1,2,3,Bearing1_4,premature,14250.0,2336.25,1.0,112.0,14270.0
"Always-cloud, CRC",0.1,2,3,Bearing2_4,premature,7050.0,2336.25,1.0,112.0,7500.0
"Always-cloud, CRC",0.1,2,3,Bearing3_2,premature,16320.0,2336.25,1.0,112.0,16360.0
"Always-cloud, CRC",0.15,2,3,Bearing1_4,premature,11370.0,2190.0,1.0,112.0,14270.0
"Always-cloud, CRC",0.15,2,3,Bearing2_4,premature,5490.0,2190.0,1.0,112.0,7500.0
"Always-cloud, CRC",0.15,2,3,Bearing3_2,premature,15150.0,2190.0,1.0,112.0,16360.0
"Always-cloud, CRC",0.2,2,3,Bearing1_4,premature,9480.0,1447.5,1.0,112.0,14270.0
"Always-cloud, CRC",0.2,2,3,Bearing2_4,premature,4090.0,1447.5,1.0,112.0,7500.0
"Always-cloud, CRC",0.2,2,3,Bearing3_2,premature,15020.0,1447.5,1.0,112.0,16360.0
"Always-cloud, CRC",0.25,2,3,Bearing1_4,premature,9480.0,1447.5,1.0,112.0,14270.0
"Always-cloud, CRC",0.25,2,3,Bearing2_4,premature,4090.0,1447.5,1.0,112.0,7500.0
"Always-cloud, CRC",0.25,2,3,Bearing3_2,premature,15020.0,1447.5,1.0,112.0,16360.0
"Always-cloud, CRC",0.3,2,3,Bearing1_4,premature,3390.0,648.75,1.0,112.0,14270.0
"Always-cloud, CRC",0.3,2,3,Bearing2_4,premature,3660.0,648.75,1.0,112.0,7500.0
"Always-cloud, CRC",0.3,2,3,Bearing3_2,timely,1390.0,648.75,1.0,112.0,16360.0
"Always-cloud, CRC",0.4,2,3,Bearing1_4,premature,3370.0,356.25,1.0,112.0,14270.0
"Always-cloud, CRC",0.4,2,3,Bearing2_4,premature,3540.0,356.25,1.0,112.0,7500.0
"Always-cloud, CRC",0.4,2,3,Bearing3_2,timely,960.0,356.25,1.0,112.0,16360.0
"Always-edge, CRC",0.1,2,3,Bearing1_4,premature,10170.0,1875.0,0.0,0.0,14270.0
"Always-edge, CRC",0.1,2,3,Bearing2_4,premature,4060.0,1875.0,0.0,0.0,7500.0
"Always-edge, CRC",0.1,2,3,Bearing3_2,timely,2000.0,1875.0,0.0,0.0,16360.0
"Always-edge, CRC",0.15,2,3,Bearing1_4,premature,3410.0,1785.0,0.0,0.0,14270.0
"Always-edge, CRC",0.15,2,3,Bearing2_4,premature,4050.0,1785.0,0.0,0.0,7500.0
"Always-edge, CRC",0.15,2,3,Bearing3_2,timely,1970.0,1785.0,0.0,0.0,16360.0
"Always-edge, CRC",0.2,2,3,Bearing1_4,premature,3410.0,1785.0,0.0,0.0,14270.0
"Always-edge, CRC",0.2,2,3,Bearing2_4,premature,4050.0,1785.0,0.0,0.0,7500.0
"Always-edge, CRC",0.2,2,3,Bearing3_2,timely,1970.0,1785.0,0.0,0.0,16360.0
"Always-edge, CRC",0.25,2,3,Bearing1_4,premature,3410.0,1785.0,0.0,0.0,14270.0
"Always-edge, CRC",0.25,2,3,Bearing2_4,premature,4050.0,1785.0,0.0,0.0,7500.0
"Always-edge, CRC",0.25,2,3,Bearing3_2,timely,1970.0,1785.0,0.0,0.0,16360.0
"Always-edge, CRC",0.3,2,3,Bearing1_4,premature,3400.0,1548.75,0.0,0.0,14270.0
"Always-edge, CRC",0.3,2,3,Bearing2_4,premature,3810.0,1548.75,0.0,0.0,7500.0
"Always-edge, CRC",0.3,2,3,Bearing3_2,timely,1930.0,1548.75,0.0,0.0,16360.0
"Always-edge, CRC",0.4,2,3,Bearing1_4,premature,3400.0,1436.25,0.0,0.0,14270.0
"Always-edge, CRC",0.4,2,3,Bearing2_4,premature,3710.0,1436.25,0.0,0.0,7500.0
"Always-edge, CRC",0.4,2,3,Bearing3_2,timely,1910.0,1436.25,0.0,0.0,16360.0
"Cloud point, fixed thr. H_p",,2,3,Bearing1_4,premature,4760.0,0.0,1.0,112.0,14270.0
"Cloud point, fixed thr. H_p",,2,3,Bearing2_4,premature,3710.0,0.0,1.0,112.0,7500.0
"Cloud point, fixed thr. H_p",,2,3,Bearing3_2,timely,1650.0,0.0,1.0,112.0,16360.0
"Cloud point, fixed thr. H_c",,2,3,Bearing1_4,premature,3180.0,0.0,1.0,112.0,14270.0
"Cloud point, fixed thr. H_c",,2,3,Bearing2_4,late,,0.0,1.0,112.0,7500.0
"Cloud point, fixed thr. H_c",,2,3,Bearing3_2,late,470.0,0.0,1.0,112.0,16360.0
Anomaly threshold,,2,3,Bearing1_4,premature,3370.0,0.0,0.0,0.0,14270.0
Anomaly threshold,,2,3,Bearing2_4,late,0.0,0.0,0.0,0.0,7500.0
Anomaly threshold,,2,3,Bearing3_2,late,,0.0,0.0,0.0,16360.0
